unit_code,MARKET_SEGMENT_DESCRIPTION,Year,Quarter,Unit_Market_Activations,Unit_Activations,Market_Activations,Market_Contribution_to_Product,Product_Share_in_Market,UNIT_PRODUCTNAME_SF,UNIT_DESCRIPTION,UNIT_DETAILEDDESCRIPTION,UNIT_L1_PURPOSE,UNIT_L2_CORE_SOLUTION,UNIT_L3_PRODUCTS
18W,Engineering & Architecture,2024,4,1,123,134,0.81,0.75,OFFICE-STEEL-18'X10'-OPEN BAY,Ground Level Office - 18' x 10',Small Ground Level Office (180 SF),Offices,Ground Level Offices,Standard Ground Level Offices
18W,"Educational, Membership & Religious Organizations",2024,2,1,165,248,0.61,0.40,OFFICE-STEEL-18'X10'-OPEN BAY,Ground Level Office - 18' x 10',Small Ground Level Office (180 SF),Offices,Ground Level Offices,Standard Ground Level Offices
18W,Non-Residential & GCs,2026,1,13,104,1084,12.50,1.20,OFFICE-STEEL-18'X10'-OPEN BAY,Ground Level Office - 18' x 10',Small Ground Level Office (180 SF),Offices,Ground Level Offices,Standard Ground Level Offices
18W,Subcontractors,2026,1,15,104,887,14.42,1.69,OFFICE-STEEL-18'X10'-OPEN BAY,Ground Level Office - 18' x 10',Small Ground Level Office (180 SF),Offices,Ground Level Offices,Standard Ground Level Offices
18W,Home Builders & Developers,2025,1,15,110,1185,13.64,1.27,OFFICE-STEEL-18'X10'-OPEN BAY,Ground Level Office - 18' x 10',Small Ground Level Office (180 SF),Offices,Ground Level Offices,Standard Ground Level Offices
18W,Public Administration,2025,4,4,74,104,5.41,3.85,OFFICE-STEEL-18'X10'-OPEN BAY,Ground Level Office - 18' x 10',Small Ground Level Office (180 SF),Offices,Ground Level Offices,Standard Ground Level Offices
18W,Retail & Wholesale Trade,2026,1,5,104,492,4.81,1.02,OFFICE-STEEL-18'X10'-OPEN BAY,Ground Level Office - 18' x 10',Small Ground Level Office (180 SF),Offices,Ground Level Offices,Standard Ground Level Offices
18W,Mining & Utilities,2025,2,3,134,358,2.24,0.84,OFFICE-STEEL-18'X10'-OPEN BAY,Ground Level Office - 18' x 10',Small Ground Level Office (180 SF),Offices,Ground Level Offices,Standard Ground Level Offices
18W,"Educational, Membership & Religious Organizations",2026,1,6,104,183,5.77,3.28,OFFICE-STEEL-18'X10'-OPEN BAY,Ground Level Office - 18' x 10',Small Ground Level Office (180 SF),Offices,Ground Level Offices,Standard Ground Level Offices
18W,Other,2025,2,3,134,176,2.24,1.70,OFFICE-STEEL-18'X10'-OPEN BAY,Ground Level Office - 18' x 10',Small Ground Level Office (180 SF),Offices,Ground Level Offices,Standard Ground Level Offices
18W,"Educational, Membership & Religious Organizations",2025,4,1,74,176,1.35,0.57,OFFICE-STEEL-18'X10'-OPEN BAY,Ground Level Office - 18' x 10',Small Ground Level Office (180 SF),Offices,Ground Level Offices,Standard Ground Level Offices
18W,Subcontractors,2025,2,20,134,925,14.93,2.16,OFFICE-STEEL-18'X10'-OPEN BAY,Ground Level Office - 18' x 10',Small Ground Level Office (180 SF),Offices,Ground Level Offices,Standard Ground Level Offices
18W,Retail & Wholesale Trade,2024,1,13,139,614,9.35,2.12,OFFICE-STEEL-18'X10'-OPEN BAY,Ground Level Office - 18' x 10',Small Ground Level Office (180 SF),Offices,Ground Level Offices,Standard Ground Level Offices
18W,Non-Residential & GCs,2026,2,7,35,450,20.00,1.56,OFFICE-STEEL-18'X10'-OPEN BAY,Ground Level Office - 18' x 10',Small Ground Level Office (180 SF),Offices,Ground Level Offices,Standard Ground Level Offices
18W,Subcontractors,2024,3,21,156,980,13.46,2.14,OFFICE-STEEL-18'X10'-OPEN BAY,Ground Level Office - 18' x 10',Small Ground Level Office (180 SF),Offices,Ground Level Offices,Standard Ground Level Offices
18W,Mining & Utilities,2024,1,2,139,732,1.44,0.27,OFFICE-STEEL-18'X10'-OPEN BAY,Ground Level Office - 18' x 10',Small Ground Level Office (180 SF),Offices,Ground Level Offices,Standard Ground Level Offices
18W,Manufacturing,2024,2,5,165,507,3.03,0.99,OFFICE-STEEL-18'X10'-OPEN BAY,Ground Level Office - 18' x 10',Small Ground Level Office (180 SF),Offices,Ground Level Offices,Standard Ground Level Offices
18W,"Educational, Membership & Religious Organizations",2024,4,9,123,160,7.32,5.63,OFFICE-STEEL-18'X10'-OPEN BAY,Ground Level Office - 18' x 10',Small Ground Level Office (180 SF),Offices,Ground Level Offices,Standard Ground Level Offices
18W,Mining & Utilities,2024,4,3,123,433,2.44,0.69,OFFICE-STEEL-18'X10'-OPEN BAY,Ground Level Office - 18' x 10',Small Ground Level Office (180 SF),Offices,Ground Level Offices,Standard Ground Level Offices
18W,,2026,1,1,104,54,0.96,1.85,OFFICE-STEEL-18'X10'-OPEN BAY,Ground Level Office - 18' x 10',Small Ground Level Office (180 SF),Offices,Ground Level Offices,Standard Ground Level Offices
18W,Engineering & Architecture,2025,3,1,100,155,1.00,0.65,OFFICE-STEEL-18'X10'-OPEN BAY,Ground Level Office - 18' x 10',Small Ground Level Office (180 SF),Offices,Ground Level Offices,Standard Ground Level Offices
18W,Professional Services,2024,2,31,165,1628,18.79,1.90,OFFICE-STEEL-18'X10'-OPEN BAY,Ground Level Office - 18' x 10',Small Ground Level Office (180 SF),Offices,Ground Level Offices,Standard Ground Level Offices
18W,Home Builders & Developers,2024,4,26,123,1006,21.14,2.58,OFFICE-STEEL-18'X10'-OPEN BAY,Ground Level Office - 18' x 10',Small Ground Level Office (180 SF),Offices,Ground Level Offices,Standard Ground Level Offices
18W,Professional Services,2026,1,30,104,1635,28.85,1.83,OFFICE-STEEL-18'X10'-OPEN BAY,Ground Level Office - 18' x 10',Small Ground Level Office (180 SF),Offices,Ground Level Offices,Standard Ground Level Offices
18W,Subcontractors,2026,2,6,35,353,17.14,1.70,OFFICE-STEEL-18'X10'-OPEN BAY,Ground Level Office - 18' x 10',Small Ground Level Office (180 SF),Offices,Ground Level Offices,Standard Ground Level Offices
18W,Highway & Heavy Construction,2024,1,5,139,363,3.60,1.38,OFFICE-STEEL-18'X10'-OPEN BAY,Ground Level Office - 18' x 10',Small Ground Level Office (180 SF),Offices,Ground Level Offices,Standard Ground Level Offices
18W,Manufacturing,2026,1,5,104,583,4.81,0.86,OFFICE-STEEL-18'X10'-OPEN BAY,Ground Level Office - 18' x 10',Small Ground Level Office (180 SF),Offices,Ground Level Offices,Standard Ground Level Offices
18W,,2024,4,4,123,41,3.25,9.76,OFFICE-STEEL-18'X10'-OPEN BAY,Ground Level Office - 18' x 10',Small Ground Level Office (180 SF),Offices,Ground Level Offices,Standard Ground Level Offices
18W,Other,2024,3,5,156,151,3.21,3.31,OFFICE-STEEL-18'X10'-OPEN BAY,Ground Level Office - 18' x 10',Small Ground Level Office (180 SF),Offices,Ground Level Offices,Standard Ground Level Offices
18W,Mining & Utilities,2025,3,7,100,438,7.00,1.60,OFFICE-STEEL-18'X10'-OPEN BAY,Ground Level Office - 18' x 10',Small Ground Level Office (180 SF),Offices,Ground Level Offices,Standard Ground Level Offices
18W,,2024,2,1,165,98,0.61,1.02,OFFICE-STEEL-18'X10'-OPEN BAY,Ground Level Office - 18' x 10',Small Ground Level Office (180 SF),Offices,Ground Level Offices,Standard Ground Level Offices
18W,Non-Residential & GCs,2024,2,28,165,1460,16.97,1.92,OFFICE-STEEL-18'X10'-OPEN BAY,Ground Level Office - 18' x 10',Small Ground Level Office (180 SF),Offices,Ground Level Offices,Standard Ground Level Offices
18W,"Arts, Media, Hotels & Entertainment",2026,1,3,104,655,2.88,0.46,OFFICE-STEEL-18'X10'-OPEN BAY,Ground Level Office - 18' x 10',Small Ground Level Office (180 SF),Offices,Ground Level Offices,Standard Ground Level Offices
18W,Non-Residential & GCs,2025,3,14,100,1030,14.00,1.36,OFFICE-STEEL-18'X10'-OPEN BAY,Ground Level Office - 18' x 10',Small Ground Level Office (180 SF),Offices,Ground Level Offices,Standard Ground Level Offices
18W,Subcontractors,2025,1,11,110,925,10.00,1.19,OFFICE-STEEL-18'X10'-OPEN BAY,Ground Level Office - 18' x 10',Small Ground Level Office (180 SF),Offices,Ground Level Offices,Standard Ground Level Offices
18W,Professional Services,2025,2,37,134,1340,27.61,2.76,OFFICE-STEEL-18'X10'-OPEN BAY,Ground Level Office - 18' x 10',Small Ground Level Office (180 SF),Offices,Ground Level Offices,Standard Ground Level Offices
18W,Home Builders & Developers,2024,2,30,165,1349,18.18,2.22,OFFICE-STEEL-18'X10'-OPEN BAY,Ground Level Office - 18' x 10',Small Ground Level Office (180 SF),Offices,Ground Level Offices,Standard Ground Level Offices
18W,Retail & Wholesale Trade,2024,2,13,165,554,7.88,2.35,OFFICE-STEEL-18'X10'-OPEN BAY,Ground Level Office - 18' x 10',Small Ground Level Office (180 SF),Offices,Ground Level Offices,Standard Ground Level Offices
18W,Other,2024,1,3,139,247,2.16,1.21,OFFICE-STEEL-18'X10'-OPEN BAY,Ground Level Office - 18' x 10',Small Ground Level Office (180 SF),Offices,Ground Level Offices,Standard Ground Level Offices
18W,Mining & Utilities,2025,1,4,110,641,3.64,0.62,OFFICE-STEEL-18'X10'-OPEN BAY,Ground Level Office - 18' x 10',Small Ground Level Office (180 SF),Offices,Ground Level Offices,Standard Ground Level Offices
18W,Highway & Heavy Construction,2024,4,1,123,280,0.81,0.36,OFFICE-STEEL-18'X10'-OPEN BAY,Ground Level Office - 18' x 10',Small Ground Level Office (180 SF),Offices,Ground Level Offices,Standard Ground Level Offices
18W,Retail & Wholesale Trade,2024,3,11,156,508,7.05,2.17,OFFICE-STEEL-18'X10'-OPEN BAY,Ground Level Office - 18' x 10',Small Ground Level Office (180 SF),Offices,Ground Level Offices,Standard Ground Level Offices
18W,Manufacturing,2025,1,9,110,630,8.18,1.43,OFFICE-STEEL-18'X10'-OPEN BAY,Ground Level Office - 18' x 10',Small Ground Level Office (180 SF),Offices,Ground Level Offices,Standard Ground Level Offices
18W,Professional Services,2026,2,7,35,574,20.00,1.22,OFFICE-STEEL-18'X10'-OPEN BAY,Ground Level Office - 18' x 10',Small Ground Level Office (180 SF),Offices,Ground Level Offices,Standard Ground Level Offices
18W,,2025,1,1,110,53,0.91,1.89,OFFICE-STEEL-18'X10'-OPEN BAY,Ground Level Office - 18' x 10',Small Ground Level Office (180 SF),Offices,Ground Level Offices,Standard Ground Level Offices
18W,Other,2025,4,1,74,82,1.35,1.22,OFFICE-STEEL-18'X10'-OPEN BAY,Ground Level Office - 18' x 10',Small Ground Level Office (180 SF),Offices,Ground Level Offices,Standard Ground Level Offices
18W,Mining & Utilities,2026,2,1,35,145,2.86,0.69,OFFICE-STEEL-18'X10'-OPEN BAY,Ground Level Office - 18' x 10',Small Ground Level Office (180 SF),Offices,Ground Level Offices,Standard Ground Level Offices
18W,,2025,3,1,100,52,1.00,1.92,OFFICE-STEEL-18'X10'-OPEN BAY,Ground Level Office - 18' x 10',Small Ground Level Office (180 SF),Offices,Ground Level Offices,Standard Ground Level Offices
18W,Professional Services,2025,1,25,110,1459,22.73,1.71,OFFICE-STEEL-18'X10'-OPEN BAY,Ground Level Office - 18' x 10',Small Ground Level Office (180 SF),Offices,Ground Level Offices,Standard Ground Level Offices
18W,Retail & Wholesale Trade,2024,4,14,123,389,11.38,3.60,OFFICE-STEEL-18'X10'-OPEN BAY,Ground Level Office - 18' x 10',Small Ground Level Office (180 SF),Offices,Ground Level Offices,Standard Ground Level Offices
18W,Subcontractors,2024,4,19,123,743,15.45,2.56,OFFICE-STEEL-18'X10'-OPEN BAY,Ground Level Office - 18' x 10',Small Ground Level Office (180 SF),Offices,Ground Level Offices,Standard Ground Level Offices
18W,Retail & Wholesale Trade,2026,2,7,35,215,20.00,3.26,OFFICE-STEEL-18'X10'-OPEN BAY,Ground Level Office - 18' x 10',Small Ground Level Office (180 SF),Offices,Ground Level Offices,Standard Ground Level Offices
18W,"Arts, Media, Hotels & Entertainment",2024,1,8,139,898,5.76,0.89,OFFICE-STEEL-18'X10'-OPEN BAY,Ground Level Office - 18' x 10',Small Ground Level Office (180 SF),Offices,Ground Level Offices,Standard Ground Level Offices
18W,Other,2024,2,4,165,188,2.42,2.13,OFFICE-STEEL-18'X10'-OPEN BAY,Ground Level Office - 18' x 10',Small Ground Level Office (180 SF),Offices,Ground Level Offices,Standard Ground Level Offices
18W,Other,2025,1,3,110,94,2.73,3.19,OFFICE-STEEL-18'X10'-OPEN BAY,Ground Level Office - 18' x 10',Small Ground Level Office (180 SF),Offices,Ground Level Offices,Standard Ground Level Offices
18W,Engineering & Architecture,2025,2,4,134,164,2.99,2.44,OFFICE-STEEL-18'X10'-OPEN BAY,Ground Level Office - 18' x 10',Small Ground Level Office (180 SF),Offices,Ground Level Offices,Standard Ground Level Offices
18W,Home Builders & Developers,2025,4,19,74,1022,25.68,1.86,OFFICE-STEEL-18'X10'-OPEN BAY,Ground Level Office - 18' x 10',Small Ground Level Office (180 SF),Offices,Ground Level Offices,Standard Ground Level Offices
18W,Retail & Wholesale Trade,2025,1,12,110,514,10.91,2.33,OFFICE-STEEL-18'X10'-OPEN BAY,Ground Level Office - 18' x 10',Small Ground Level Office (180 SF),Offices,Ground Level Offices,Standard Ground Level Offices
18W,Highway & Heavy Construction,2024,2,8,165,360,4.85,2.22,OFFICE-STEEL-18'X10'-OPEN BAY,Ground Level Office - 18' x 10',Small Ground Level Office (180 SF),Offices,Ground Level Offices,Standard Ground Level Offices
18W,"Arts, Media, Hotels & Entertainment",2025,4,5,74,258,6.76,1.94,OFFICE-STEEL-18'X10'-OPEN BAY,Ground Level Office - 18' x 10',Small Ground Level Office (180 SF),Offices,Ground Level Offices,Standard Ground Level Offices
18W,Professional Services,2025,3,13,100,1275,13.00,1.02,OFFICE-STEEL-18'X10'-OPEN BAY,Ground Level Office - 18' x 10',Small Ground Level Office (180 SF),Offices,Ground Level Offices,Standard Ground Level Offices
18W,Engineering & Architecture,2025,1,4,110,217,3.64,1.84,OFFICE-STEEL-18'X10'-OPEN BAY,Ground Level Office - 18' x 10',Small Ground Level Office (180 SF),Offices,Ground Level Offices,Standard Ground Level Offices
18W,Other,2025,3,1,100,98,1.00,1.02,OFFICE-STEEL-18'X10'-OPEN BAY,Ground Level Office - 18' x 10',Small Ground Level Office (180 SF),Offices,Ground Level Offices,Standard Ground Level Offices
18W,Professional Services,2024,3,28,156,1511,17.95,1.85,OFFICE-STEEL-18'X10'-OPEN BAY,Ground Level Office - 18' x 10',Small Ground Level Office (180 SF),Offices,Ground Level Offices,Standard Ground Level Offices
18W,Home Builders & Developers,2026,1,17,104,1104,16.35,1.54,OFFICE-STEEL-18'X10'-OPEN BAY,Ground Level Office - 18' x 10',Small Ground Level Office (180 SF),Offices,Ground Level Offices,Standard Ground Level Offices
18W,"Arts, Media, Hotels & Entertainment",2024,2,15,165,1014,9.09,1.48,OFFICE-STEEL-18'X10'-OPEN BAY,Ground Level Office - 18' x 10',Small Ground Level Office (180 SF),Offices,Ground Level Offices,Standard Ground Level Offices
18W,Engineering & Architecture,2024,1,3,139,185,2.16,1.62,OFFICE-STEEL-18'X10'-OPEN BAY,Ground Level Office - 18' x 10',Small Ground Level Office (180 SF),Offices,Ground Level Offices,Standard Ground Level Offices
18W,Engineering & Architecture,2026,1,2,104,151,1.92,1.32,OFFICE-STEEL-18'X10'-OPEN BAY,Ground Level Office - 18' x 10',Small Ground Level Office (180 SF),Offices,Ground Level Offices,Standard Ground Level Offices
18W,Public Administration,2025,1,2,110,88,1.82,2.27,OFFICE-STEEL-18'X10'-OPEN BAY,Ground Level Office - 18' x 10',Small Ground Level Office (180 SF),Offices,Ground Level Offices,Standard Ground Level Offices
18W,Engineering & Architecture,2025,4,1,74,129,1.35,0.78,OFFICE-STEEL-18'X10'-OPEN BAY,Ground Level Office - 18' x 10',Small Ground Level Office (180 SF),Offices,Ground Level Offices,Standard Ground Level Offices
18W,Retail & Wholesale Trade,2025,4,1,74,422,1.35,0.24,OFFICE-STEEL-18'X10'-OPEN BAY,Ground Level Office - 18' x 10',Small Ground Level Office (180 SF),Offices,Ground Level Offices,Standard Ground Level Offices
18W,Highway & Heavy Construction,2025,4,1,74,254,1.35,0.39,OFFICE-STEEL-18'X10'-OPEN BAY,Ground Level Office - 18' x 10',Small Ground Level Office (180 SF),Offices,Ground Level Offices,Standard Ground Level Offices
18W,Home Builders & Developers,2025,2,20,134,1237,14.93,1.62,OFFICE-STEEL-18'X10'-OPEN BAY,Ground Level Office - 18' x 10',Small Ground Level Office (180 SF),Offices,Ground Level Offices,Standard Ground Level Offices
18W,Home Builders & Developers,2024,3,33,156,1231,21.15,2.68,OFFICE-STEEL-18'X10'-OPEN BAY,Ground Level Office - 18' x 10',Small Ground Level Office (180 SF),Offices,Ground Level Offices,Standard Ground Level Offices
18W,Health Care,2024,2,6,165,58,3.64,10.34,OFFICE-STEEL-18'X10'-OPEN BAY,Ground Level Office - 18' x 10',Small Ground Level Office (180 SF),Offices,Ground Level Offices,Standard Ground Level Offices
18W,Manufacturing,2024,3,11,156,552,7.05,1.99,OFFICE-STEEL-18'X10'-OPEN BAY,Ground Level Office - 18' x 10',Small Ground Level Office (180 SF),Offices,Ground Level Offices,Standard Ground Level Offices
18W,Home Builders & Developers,2025,3,13,100,1104,13.00,1.18,OFFICE-STEEL-18'X10'-OPEN BAY,Ground Level Office - 18' x 10',Small Ground Level Office (180 SF),Offices,Ground Level Offices,Standard Ground Level Offices
18W,Professional Services,2024,4,20,123,1077,16.26,1.86,OFFICE-STEEL-18'X10'-OPEN BAY,Ground Level Office - 18' x 10',Small Ground Level Office (180 SF),Offices,Ground Level Offices,Standard Ground Level Offices
18W,"Educational, Membership & Religious Organizations",2025,2,5,134,210,3.73,2.38,OFFICE-STEEL-18'X10'-OPEN BAY,Ground Level Office - 18' x 10',Small Ground Level Office (180 SF),Offices,Ground Level Offices,Standard Ground Level Offices
18W,Mining & Utilities,2026,1,4,104,615,3.85,0.65,OFFICE-STEEL-18'X10'-OPEN BAY,Ground Level Office - 18' x 10',Small Ground Level Office (180 SF),Offices,Ground Level Offices,Standard Ground Level Offices
18W,Public Administration,2025,2,2,134,137,1.49,1.46,OFFICE-STEEL-18'X10'-OPEN BAY,Ground Level Office - 18' x 10',Small Ground Level Office (180 SF),Offices,Ground Level Offices,Standard Ground Level Offices
18W,"Educational, Membership & Religious Organizations",2026,2,1,35,127,2.86,0.79,OFFICE-STEEL-18'X10'-OPEN BAY,Ground Level Office - 18' x 10',Small Ground Level Office (180 SF),Offices,Ground Level Offices,Standard Ground Level Offices
18W,Subcontractors,2024,1,12,139,1039,8.63,1.16,OFFICE-STEEL-18'X10'-OPEN BAY,Ground Level Office - 18' x 10',Small Ground Level Office (180 SF),Offices,Ground Level Offices,Standard Ground Level Offices
18W,"Arts, Media, Hotels & Entertainment",2025,3,8,100,823,8.00,0.97,OFFICE-STEEL-18'X10'-OPEN BAY,Ground Level Office - 18' x 10',Small Ground Level Office (180 SF),Offices,Ground Level Offices,Standard Ground Level Offices
18W,Non-Residential & GCs,2025,4,10,74,947,13.51,1.06,OFFICE-STEEL-18'X10'-OPEN BAY,Ground Level Office - 18' x 10',Small Ground Level Office (180 SF),Offices,Ground Level Offices,Standard Ground Level Offices
18W,Public Administration,2025,3,2,100,105,2.00,1.90,OFFICE-STEEL-18'X10'-OPEN BAY,Ground Level Office - 18' x 10',Small Ground Level Office (180 SF),Offices,Ground Level Offices,Standard Ground Level Offices
18W,Highway & Heavy Construction,2025,2,3,134,285,2.24,1.05,OFFICE-STEEL-18'X10'-OPEN BAY,Ground Level Office - 18' x 10',Small Ground Level Office (180 SF),Offices,Ground Level Offices,Standard Ground Level Offices
18W,Highway & Heavy Construction,2024,3,4,156,315,2.56,1.27,OFFICE-STEEL-18'X10'-OPEN BAY,Ground Level Office - 18' x 10',Small Ground Level Office (180 SF),Offices,Ground Level Offices,Standard Ground Level Offices
18W,Highway & Heavy Construction,2025,1,3,110,286,2.73,1.05,OFFICE-STEEL-18'X10'-OPEN BAY,Ground Level Office - 18' x 10',Small Ground Level Office (180 SF),Offices,Ground Level Offices,Standard Ground Level Offices
18W,,2025,4,1,74,40,1.35,2.50,OFFICE-STEEL-18'X10'-OPEN BAY,Ground Level Office - 18' x 10',Small Ground Level Office (180 SF),Offices,Ground Level Offices,Standard Ground Level Offices
18W,Non-Residential & GCs,2024,4,10,123,979,8.13,1.02,OFFICE-STEEL-18'X10'-OPEN BAY,Ground Level Office - 18' x 10',Small Ground Level Office (180 SF),Offices,Ground Level Offices,Standard Ground Level Offices
18W,Mining & Utilities,2025,4,4,74,341,5.41,1.17,OFFICE-STEEL-18'X10'-OPEN BAY,Ground Level Office - 18' x 10',Small Ground Level Office (180 SF),Offices,Ground Level Offices,Standard Ground Level Offices
18W,"Arts, Media, Hotels & Entertainment",2025,2,13,134,854,9.70,1.52,OFFICE-STEEL-18'X10'-OPEN BAY,Ground Level Office - 18' x 10',Small Ground Level Office (180 SF),Offices,Ground Level Offices,Standard Ground Level Offices
18W,Home Builders & Developers,2026,2,2,35,471,5.71,0.42,OFFICE-STEEL-18'X10'-OPEN BAY,Ground Level Office - 18' x 10',Small Ground Level Office (180 SF),Offices,Ground Level Offices,Standard Ground Level Offices
18W,Engineering & Architecture,2024,2,3,165,196,1.82,1.53,OFFICE-STEEL-18'X10'-OPEN BAY,Ground Level Office - 18' x 10',Small Ground Level Office (180 SF),Offices,Ground Level Offices,Standard Ground Level Offices
18W,Subcontractors,2024,2,15,165,1051,9.09,1.43,OFFICE-STEEL-18'X10'-OPEN BAY,Ground Level Office - 18' x 10',Small Ground Level Office (180 SF),Offices,Ground Level Offices,Standard Ground Level Offices
18W,Non-Residential & GCs,2024,3,24,156,1153,15.38,2.08,OFFICE-STEEL-18'X10'-OPEN BAY,Ground Level Office - 18' x 10',Small Ground Level Office (180 SF),Offices,Ground Level Offices,Standard Ground Level Offices
18W,Subcontractors,2025,3,19,100,943,19.00,2.01,OFFICE-STEEL-18'X10'-OPEN BAY,Ground Level Office - 18' x 10',Small Ground Level Office (180 SF),Offices,Ground Level Offices,Standard Ground Level Offices
18W,Retail & Wholesale Trade,2025,3,12,100,438,12.00,2.74,OFFICE-STEEL-18'X10'-OPEN BAY,Ground Level Office - 18' x 10',Small Ground Level Office (180 SF),Offices,Ground Level Offices,Standard Ground Level Offices
18W,"Arts, Media, Hotels & Entertainment",2024,3,12,156,1158,7.69,1.04,OFFICE-STEEL-18'X10'-OPEN BAY,Ground Level Office - 18' x 10',Small Ground Level Office (180 SF),Offices,Ground Level Offices,Standard Ground Level Offices
18W,Retail & Wholesale Trade,2025,2,8,134,462,5.97,1.73,OFFICE-STEEL-18'X10'-OPEN BAY,Ground Level Office - 18' x 10',Small Ground Level Office (180 SF),Offices,Ground Level Offices,Standard Ground Level Offices
18W,Manufacturing,2024,1,11,139,537,7.91,2.05,OFFICE-STEEL-18'X10'-OPEN BAY,Ground Level Office - 18' x 10',Small Ground Level Office (180 SF),Offices,Ground Level Offices,Standard Ground Level Offices
18W,Manufacturing,2025,4,3,74,339,4.05,0.89,OFFICE-STEEL-18'X10'-OPEN BAY,Ground Level Office - 18' x 10',Small Ground Level Office (180 SF),Offices,Ground Level Offices,Standard Ground Level Offices
18W,"Educational, Membership & Religious Organizations",2024,3,2,156,178,1.28,1.12,OFFICE-STEEL-18'X10'-OPEN BAY,Ground Level Office - 18' x 10',Small Ground Level Office (180 SF),Offices,Ground Level Offices,Standard Ground Level Offices
18W,Highway & Heavy Construction,2026,2,1,35,153,2.86,0.65,OFFICE-STEEL-18'X10'-OPEN BAY,Ground Level Office - 18' x 10',Small Ground Level Office (180 SF),Offices,Ground Level Offices,Standard Ground Level Offices
18W,Professional Services,2024,1,41,139,1538,29.50,2.67,OFFICE-STEEL-18'X10'-OPEN BAY,Ground Level Office - 18' x 10',Small Ground Level Office (180 SF),Offices,Ground Level Offices,Standard Ground Level Offices
18W,Non-Residential & GCs,2025,2,13,134,1225,9.70,1.06,OFFICE-STEEL-18'X10'-OPEN BAY,Ground Level Office - 18' x 10',Small Ground Level Office (180 SF),Offices,Ground Level Offices,Standard Ground Level Offices
18W,Professional Services,2025,4,16,74,954,21.62,1.68,OFFICE-STEEL-18'X10'-OPEN BAY,Ground Level Office - 18' x 10',Small Ground Level Office (180 SF),Offices,Ground Level Offices,Standard Ground Level Offices
18W,Highway & Heavy Construction,2025,3,4,100,282,4.00,1.42,OFFICE-STEEL-18'X10'-OPEN BAY,Ground Level Office - 18' x 10',Small Ground Level Office (180 SF),Offices,Ground Level Offices,Standard Ground Level Offices
18W,Public Administration,2024,4,2,123,108,1.63,1.85,OFFICE-STEEL-18'X10'-OPEN BAY,Ground Level Office - 18' x 10',Small Ground Level Office (180 SF),Offices,Ground Level Offices,Standard Ground Level Offices
18W,Public Administration,2026,1,3,104,123,2.88,2.44,OFFICE-STEEL-18'X10'-OPEN BAY,Ground Level Office - 18' x 10',Small Ground Level Office (180 SF),Offices,Ground Level Offices,Standard Ground Level Offices
18W,Subcontractors,2025,4,7,74,824,9.46,0.85,OFFICE-STEEL-18'X10'-OPEN BAY,Ground Level Office - 18' x 10',Small Ground Level Office (180 SF),Offices,Ground Level Offices,Standard Ground Level Offices
18W,Manufacturing,2024,4,4,123,375,3.25,1.07,OFFICE-STEEL-18'X10'-OPEN BAY,Ground Level Office - 18' x 10',Small Ground Level Office (180 SF),Offices,Ground Level Offices,Standard Ground Level Offices
18W,Public Administration,2026,2,2,35,56,5.71,3.57,OFFICE-STEEL-18'X10'-OPEN BAY,Ground Level Office - 18' x 10',Small Ground Level Office (180 SF),Offices,Ground Level Offices,Standard Ground Level Offices
18W,"Educational, Membership & Religious Organizations",2024,1,3,139,265,2.16,1.13,OFFICE-STEEL-18'X10'-OPEN BAY,Ground Level Office - 18' x 10',Small Ground Level Office (180 SF),Offices,Ground Level Offices,Standard Ground Level Offices
18W,Manufacturing,2025,2,3,134,497,2.24,0.60,OFFICE-STEEL-18'X10'-OPEN BAY,Ground Level Office - 18' x 10',Small Ground Level Office (180 SF),Offices,Ground Level Offices,Standard Ground Level Offices
18W,Mining & Utilities,2024,2,2,165,588,1.21,0.34,OFFICE-STEEL-18'X10'-OPEN BAY,Ground Level Office - 18' x 10',Small Ground Level Office (180 SF),Offices,Ground Level Offices,Standard Ground Level Offices
18W,Public Administration,2024,3,3,156,115,1.92,2.61,OFFICE-STEEL-18'X10'-OPEN BAY,Ground Level Office - 18' x 10',Small Ground Level Office (180 SF),Offices,Ground Level Offices,Standard Ground Level Offices
18W,Manufacturing,2026,2,1,35,184,2.86,0.54,OFFICE-STEEL-18'X10'-OPEN BAY,Ground Level Office - 18' x 10',Small Ground Level Office (180 SF),Offices,Ground Level Offices,Standard Ground Level Offices
18W,Home Builders & Developers,2024,1,25,139,1228,17.99,2.04,OFFICE-STEEL-18'X10'-OPEN BAY,Ground Level Office - 18' x 10',Small Ground Level Office (180 SF),Offices,Ground Level Offices,Standard Ground Level Offices
18W,Non-Residential & GCs,2025,1,14,110,1032,12.73,1.36,OFFICE-STEEL-18'X10'-OPEN BAY,Ground Level Office - 18' x 10',Small Ground Level Office (180 SF),Offices,Ground Level Offices,Standard Ground Level Offices
18W,Other,2024,4,3,123,62,2.44,4.84,OFFICE-STEEL-18'X10'-OPEN BAY,Ground Level Office - 18' x 10',Small Ground Level Office (180 SF),Offices,Ground Level Offices,Standard Ground Level Offices
18W,"Arts, Media, Hotels & Entertainment",2024,4,7,123,312,5.69,2.24,OFFICE-STEEL-18'X10'-OPEN BAY,Ground Level Office - 18' x 10',Small Ground Level Office (180 SF),Offices,Ground Level Offices,Standard Ground Level Offices
18W,Non-Residential & GCs,2024,1,13,139,1210,9.35,1.07,OFFICE-STEEL-18'X10'-OPEN BAY,Ground Level Office - 18' x 10',Small Ground Level Office (180 SF),Offices,Ground Level Offices,Standard Ground Level Offices
18W,Manufacturing,2025,3,5,100,477,5.00,1.05,OFFICE-STEEL-18'X10'-OPEN BAY,Ground Level Office - 18' x 10',Small Ground Level Office (180 SF),Offices,Ground Level Offices,Standard Ground Level Offices
18W,"Arts, Media, Hotels & Entertainment",2025,1,7,110,829,6.36,0.84,OFFICE-STEEL-18'X10'-OPEN BAY,Ground Level Office - 18' x 10',Small Ground Level Office (180 SF),Offices,Ground Level Offices,Standard Ground Level Offices
18W,Mining & Utilities,2024,3,2,156,631,1.28,0.32,OFFICE-STEEL-18'X10'-OPEN BAY,Ground Level Office - 18' x 10',Small Ground Level Office (180 SF),Offices,Ground Level Offices,Standard Ground Level Offices
18W,Public Administration,2024,2,3,165,127,1.82,2.36,OFFICE-STEEL-18'X10'-OPEN BAY,Ground Level Office - 18' x 10',Small Ground Level Office (180 SF),Offices,Ground Level Offices,Standard Ground Level Offices
HQ408,Other,2025,3,1,49,98,2.04,1.02,40x8 HQ Ground Level Office,HQ Ground Level Office - 40' x 8',Large HQ Ground Level Office+ (320 SF),Offices,Ground Level Offices,Standard Ground Level Offices
HQ408,Other,2024,4,1,35,62,2.86,1.61,40x8 HQ Ground Level Office,HQ Ground Level Office - 40' x 8',Large HQ Ground Level Office+ (320 SF),Offices,Ground Level Offices,Standard Ground Level Offices
HQ408,Professional Services,2025,1,17,43,1459,39.53,1.17,40x8 HQ Ground Level Office,HQ Ground Level Office - 40' x 8',Large HQ Ground Level Office+ (320 SF),Offices,Ground Level Offices,Standard Ground Level Offices
HQ408,Professional Services,2025,3,10,49,1275,20.41,0.78,40x8 HQ Ground Level Office,HQ Ground Level Office - 40' x 8',Large HQ Ground Level Office+ (320 SF),Offices,Ground Level Offices,Standard Ground Level Offices
HQ408,"Educational, Membership & Religious Organizations",2025,3,9,49,124,18.37,7.26,40x8 HQ Ground Level Office,HQ Ground Level Office - 40' x 8',Large HQ Ground Level Office+ (320 SF),Offices,Ground Level Offices,Standard Ground Level Offices
HQ408,"Arts, Media, Hotels & Entertainment",2026,1,5,45,655,11.11,0.76,40x8 HQ Ground Level Office,HQ Ground Level Office - 40' x 8',Large HQ Ground Level Office+ (320 SF),Offices,Ground Level Offices,Standard Ground Level Offices
HQ408,Subcontractors,2024,2,3,54,1051,5.56,0.29,40x8 HQ Ground Level Office,HQ Ground Level Office - 40' x 8',Large HQ Ground Level Office+ (320 SF),Offices,Ground Level Offices,Standard Ground Level Offices
HQ408,Manufacturing,2024,2,2,54,507,3.70,0.39,40x8 HQ Ground Level Office,HQ Ground Level Office - 40' x 8',Large HQ Ground Level Office+ (320 SF),Offices,Ground Level Offices,Standard Ground Level Offices
HQ408,"Educational, Membership & Religious Organizations",2026,2,1,7,127,14.29,0.79,40x8 HQ Ground Level Office,HQ Ground Level Office - 40' x 8',Large HQ Ground Level Office+ (320 SF),Offices,Ground Level Offices,Standard Ground Level Offices
HQ408,Retail & Wholesale Trade,2025,1,2,43,514,4.65,0.39,40x8 HQ Ground Level Office,HQ Ground Level Office - 40' x 8',Large HQ Ground Level Office+ (320 SF),Offices,Ground Level Offices,Standard Ground Level Offices
HQ408,Professional Services,2024,1,17,35,1538,48.57,1.11,40x8 HQ Ground Level Office,HQ Ground Level Office - 40' x 8',Large HQ Ground Level Office+ (320 SF),Offices,Ground Level Offices,Standard Ground Level Offices
HQ408,Mining & Utilities,2024,2,20,54,588,37.04,3.40,40x8 HQ Ground Level Office,HQ Ground Level Office - 40' x 8',Large HQ Ground Level Office+ (320 SF),Offices,Ground Level Offices,Standard Ground Level Offices
HQ408,Professional Services,2025,2,4,33,1340,12.12,0.30,40x8 HQ Ground Level Office,HQ Ground Level Office - 40' x 8',Large HQ Ground Level Office+ (320 SF),Offices,Ground Level Offices,Standard Ground Level Offices
HQ408,Subcontractors,2025,3,6,49,943,12.24,0.64,40x8 HQ Ground Level Office,HQ Ground Level Office - 40' x 8',Large HQ Ground Level Office+ (320 SF),Offices,Ground Level Offices,Standard Ground Level Offices
HQ408,Manufacturing,2024,1,2,35,537,5.71,0.37,40x8 HQ Ground Level Office,HQ Ground Level Office - 40' x 8',Large HQ Ground Level Office+ (320 SF),Offices,Ground Level Offices,Standard Ground Level Offices
HQ408,Non-Residential & GCs,2024,1,4,35,1210,11.43,0.33,40x8 HQ Ground Level Office,HQ Ground Level Office - 40' x 8',Large HQ Ground Level Office+ (320 SF),Offices,Ground Level Offices,Standard Ground Level Offices
HQ408,Professional Services,2024,3,3,28,1511,10.71,0.20,40x8 HQ Ground Level Office,HQ Ground Level Office - 40' x 8',Large HQ Ground Level Office+ (320 SF),Offices,Ground Level Offices,Standard Ground Level Offices
HQ408,"Arts, Media, Hotels & Entertainment",2024,1,3,35,898,8.57,0.33,40x8 HQ Ground Level Office,HQ Ground Level Office - 40' x 8',Large HQ Ground Level Office+ (320 SF),Offices,Ground Level Offices,Standard Ground Level Offices
HQ408,"Arts, Media, Hotels & Entertainment",2024,2,3,54,1014,5.56,0.30,40x8 HQ Ground Level Office,HQ Ground Level Office - 40' x 8',Large HQ Ground Level Office+ (320 SF),Offices,Ground Level Offices,Standard Ground Level Offices
HQ408,Non-Residential & GCs,2024,3,2,28,1153,7.14,0.17,40x8 HQ Ground Level Office,HQ Ground Level Office - 40' x 8',Large HQ Ground Level Office+ (320 SF),Offices,Ground Level Offices,Standard Ground Level Offices
HQ408,Mining & Utilities,2026,1,2,45,615,4.44,0.33,40x8 HQ Ground Level Office,HQ Ground Level Office - 40' x 8',Large HQ Ground Level Office+ (320 SF),Offices,Ground Level Offices,Standard Ground Level Offices
HQ408,Professional Services,2025,4,1,10,954,10.00,0.10,40x8 HQ Ground Level Office,HQ Ground Level Office - 40' x 8',Large HQ Ground Level Office+ (320 SF),Offices,Ground Level Offices,Standard Ground Level Offices
HQ408,Public Administration,2024,3,6,28,115,21.43,5.22,40x8 HQ Ground Level Office,HQ Ground Level Office - 40' x 8',Large HQ Ground Level Office+ (320 SF),Offices,Ground Level Offices,Standard Ground Level Offices
HQ408,Health Care,2026,1,2,45,35,4.44,5.71,40x8 HQ Ground Level Office,HQ Ground Level Office - 40' x 8',Large HQ Ground Level Office+ (320 SF),Offices,Ground Level Offices,Standard Ground Level Offices
HQ408,Public Administration,2025,1,3,43,88,6.98,3.41,40x8 HQ Ground Level Office,HQ Ground Level Office - 40' x 8',Large HQ Ground Level Office+ (320 SF),Offices,Ground Level Offices,Standard Ground Level Offices
HQ408,"Arts, Media, Hotels & Entertainment",2025,1,5,43,829,11.63,0.60,40x8 HQ Ground Level Office,HQ Ground Level Office - 40' x 8',Large HQ Ground Level Office+ (320 SF),Offices,Ground Level Offices,Standard Ground Level Offices
HQ408,Public Administration,2025,2,3,33,137,9.09,2.19,40x8 HQ Ground Level Office,HQ Ground Level Office - 40' x 8',Large HQ Ground Level Office+ (320 SF),Offices,Ground Level Offices,Standard Ground Level Offices
HQ408,Home Builders & Developers,2025,1,2,43,1185,4.65,0.17,40x8 HQ Ground Level Office,HQ Ground Level Office - 40' x 8',Large HQ Ground Level Office+ (320 SF),Offices,Ground Level Offices,Standard Ground Level Offices
HQ408,Subcontractors,2024,4,3,35,743,8.57,0.40,40x8 HQ Ground Level Office,HQ Ground Level Office - 40' x 8',Large HQ Ground Level Office+ (320 SF),Offices,Ground Level Offices,Standard Ground Level Offices
HQ408,Mining & Utilities,2025,2,1,33,358,3.03,0.28,40x8 HQ Ground Level Office,HQ Ground Level Office - 40' x 8',Large HQ Ground Level Office+ (320 SF),Offices,Ground Level Offices,Standard Ground Level Offices
HQ408,"Arts, Media, Hotels & Entertainment",2024,3,1,28,1158,3.57,0.09,40x8 HQ Ground Level Office,HQ Ground Level Office - 40' x 8',Large HQ Ground Level Office+ (320 SF),Offices,Ground Level Offices,Standard Ground Level Offices
HQ408,Subcontractors,2026,1,3,45,887,6.67,0.34,40x8 HQ Ground Level Office,HQ Ground Level Office - 40' x 8',Large HQ Ground Level Office+ (320 SF),Offices,Ground Level Offices,Standard Ground Level Offices
HQ408,Mining & Utilities,2025,1,4,43,641,9.30,0.62,40x8 HQ Ground Level Office,HQ Ground Level Office - 40' x 8',Large HQ Ground Level Office+ (320 SF),Offices,Ground Level Offices,Standard Ground Level Offices
HQ408,Non-Residential & GCs,2026,1,4,45,1084,8.89,0.37,40x8 HQ Ground Level Office,HQ Ground Level Office - 40' x 8',Large HQ Ground Level Office+ (320 SF),Offices,Ground Level Offices,Standard Ground Level Offices
HQ408,Engineering & Architecture,2025,3,3,49,155,6.12,1.94,40x8 HQ Ground Level Office,HQ Ground Level Office - 40' x 8',Large HQ Ground Level Office+ (320 SF),Offices,Ground Level Offices,Standard Ground Level Offices
HQ408,Public Administration,2026,1,3,45,123,6.67,2.44,40x8 HQ Ground Level Office,HQ Ground Level Office - 40' x 8',Large HQ Ground Level Office+ (320 SF),Offices,Ground Level Offices,Standard Ground Level Offices
HQ408,Retail & Wholesale Trade,2024,1,3,35,614,8.57,0.49,40x8 HQ Ground Level Office,HQ Ground Level Office - 40' x 8',Large HQ Ground Level Office+ (320 SF),Offices,Ground Level Offices,Standard Ground Level Offices
HQ408,Professional Services,2026,1,17,45,1635,37.78,1.04,40x8 HQ Ground Level Office,HQ Ground Level Office - 40' x 8',Large HQ Ground Level Office+ (320 SF),Offices,Ground Level Offices,Standard Ground Level Offices
HQ408,Professional Services,2024,4,16,35,1077,45.71,1.49,40x8 HQ Ground Level Office,HQ Ground Level Office - 40' x 8',Large HQ Ground Level Office+ (320 SF),Offices,Ground Level Offices,Standard Ground Level Offices
HQ408,"Educational, Membership & Religious Organizations",2025,2,7,33,210,21.21,3.33,40x8 HQ Ground Level Office,HQ Ground Level Office - 40' x 8',Large HQ Ground Level Office+ (320 SF),Offices,Ground Level Offices,Standard Ground Level Offices
HQ408,"Arts, Media, Hotels & Entertainment",2024,4,1,35,312,2.86,0.32,40x8 HQ Ground Level Office,HQ Ground Level Office - 40' x 8',Large HQ Ground Level Office+ (320 SF),Offices,Ground Level Offices,Standard Ground Level Offices
HQ408,"Educational, Membership & Religious Organizations",2024,2,5,54,248,9.26,2.02,40x8 HQ Ground Level Office,HQ Ground Level Office - 40' x 8',Large HQ Ground Level Office+ (320 SF),Offices,Ground Level Offices,Standard Ground Level Offices
HQ408,Non-Residential & GCs,2024,2,6,54,1460,11.11,0.41,40x8 HQ Ground Level Office,HQ Ground Level Office - 40' x 8',Large HQ Ground Level Office+ (320 SF),Offices,Ground Level Offices,Standard Ground Level Offices
HQ408,Subcontractors,2024,3,5,28,980,17.86,0.51,40x8 HQ Ground Level Office,HQ Ground Level Office - 40' x 8',Large HQ Ground Level Office+ (320 SF),Offices,Ground Level Offices,Standard Ground Level Offices
HQ408,Professional Services,2026,2,6,7,574,85.71,1.05,40x8 HQ Ground Level Office,HQ Ground Level Office - 40' x 8',Large HQ Ground Level Office+ (320 SF),Offices,Ground Level Offices,Standard Ground Level Offices
HQ408,"Educational, Membership & Religious Organizations",2024,4,2,35,160,5.71,1.25,40x8 HQ Ground Level Office,HQ Ground Level Office - 40' x 8',Large HQ Ground Level Office+ (320 SF),Offices,Ground Level Offices,Standard Ground Level Offices
HQ408,Highway & Heavy Construction,2024,3,1,28,315,3.57,0.32,40x8 HQ Ground Level Office,HQ Ground Level Office - 40' x 8',Large HQ Ground Level Office+ (320 SF),Offices,Ground Level Offices,Standard Ground Level Offices
HQ408,Subcontractors,2025,1,5,43,925,11.63,0.54,40x8 HQ Ground Level Office,HQ Ground Level Office - 40' x 8',Large HQ Ground Level Office+ (320 SF),Offices,Ground Level Offices,Standard Ground Level Offices
HQ408,Home Builders & Developers,2025,2,3,33,1237,9.09,0.24,40x8 HQ Ground Level Office,HQ Ground Level Office - 40' x 8',Large HQ Ground Level Office+ (320 SF),Offices,Ground Level Offices,Standard Ground Level Offices
HQ408,Home Builders & Developers,2025,3,7,49,1104,14.29,0.63,40x8 HQ Ground Level Office,HQ Ground Level Office - 40' x 8',Large HQ Ground Level Office+ (320 SF),Offices,Ground Level Offices,Standard Ground Level Offices
HQ408,Professional Services,2024,2,8,54,1628,14.81,0.49,40x8 HQ Ground Level Office,HQ Ground Level Office - 40' x 8',Large HQ Ground Level Office+ (320 SF),Offices,Ground Level Offices,Standard Ground Level Offices
HQ408,Non-Residential & GCs,2025,4,2,10,947,20.00,0.21,40x8 HQ Ground Level Office,HQ Ground Level Office - 40' x 8',Large HQ Ground Level Office+ (320 SF),Offices,Ground Level Offices,Standard Ground Level Offices
HQ408,"Educational, Membership & Religious Organizations",2024,1,2,35,265,5.71,0.75,40x8 HQ Ground Level Office,HQ Ground Level Office - 40' x 8',Large HQ Ground Level Office+ (320 SF),Offices,Ground Level Offices,Standard Ground Level Offices
HQ408,Manufacturing,2025,3,4,49,477,8.16,0.84,40x8 HQ Ground Level Office,HQ Ground Level Office - 40' x 8',Large HQ Ground Level Office+ (320 SF),Offices,Ground Level Offices,Standard Ground Level Offices
HQ408,Engineering & Architecture,2024,3,2,28,202,7.14,0.99,40x8 HQ Ground Level Office,HQ Ground Level Office - 40' x 8',Large HQ Ground Level Office+ (320 SF),Offices,Ground Level Offices,Standard Ground Level Offices
HQ408,"Educational, Membership & Religious Organizations",2024,3,3,28,178,10.71,1.69,40x8 HQ Ground Level Office,HQ Ground Level Office - 40' x 8',Large HQ Ground Level Office+ (320 SF),Offices,Ground Level Offices,Standard Ground Level Offices
HQ408,Mining & Utilities,2024,3,1,28,631,3.57,0.16,40x8 HQ Ground Level Office,HQ Ground Level Office - 40' x 8',Large HQ Ground Level Office+ (320 SF),Offices,Ground Level Offices,Standard Ground Level Offices
HQ408,Home Builders & Developers,2024,3,1,28,1231,3.57,0.08,40x8 HQ Ground Level Office,HQ Ground Level Office - 40' x 8',Large HQ Ground Level Office+ (320 SF),Offices,Ground Level Offices,Standard Ground Level Offices
HQ408,Non-Residential & GCs,2024,4,3,35,979,8.57,0.31,40x8 HQ Ground Level Office,HQ Ground Level Office - 40' x 8',Large HQ Ground Level Office+ (320 SF),Offices,Ground Level Offices,Standard Ground Level Offices
HQ408,Subcontractors,2025,2,4,33,925,12.12,0.43,40x8 HQ Ground Level Office,HQ Ground Level Office - 40' x 8',Large HQ Ground Level Office+ (320 SF),Offices,Ground Level Offices,Standard Ground Level Offices
HQ408,Other,2024,3,3,28,151,10.71,1.99,40x8 HQ Ground Level Office,HQ Ground Level Office - 40' x 8',Large HQ Ground Level Office+ (320 SF),Offices,Ground Level Offices,Standard Ground Level Offices
HQ408,Public Administration,2025,3,3,49,105,6.12,2.86,40x8 HQ Ground Level Office,HQ Ground Level Office - 40' x 8',Large HQ Ground Level Office+ (320 SF),Offices,Ground Level Offices,Standard Ground Level Offices
HQ408,Health Care,2025,1,2,43,36,4.65,5.56,40x8 HQ Ground Level Office,HQ Ground Level Office - 40' x 8',Large HQ Ground Level Office+ (320 SF),Offices,Ground Level Offices,Standard Ground Level Offices
HQ408,Manufacturing,2025,2,1,33,497,3.03,0.20,40x8 HQ Ground Level Office,HQ Ground Level Office - 40' x 8',Large HQ Ground Level Office+ (320 SF),Offices,Ground Level Offices,Standard Ground Level Offices
HQ408,,2025,3,1,49,52,2.04,1.92,40x8 HQ Ground Level Office,HQ Ground Level Office - 40' x 8',Large HQ Ground Level Office+ (320 SF),Offices,Ground Level Offices,Standard Ground Level Offices
HQ408,Other,2024,1,2,35,247,5.71,0.81,40x8 HQ Ground Level Office,HQ Ground Level Office - 40' x 8',Large HQ Ground Level Office+ (320 SF),Offices,Ground Level Offices,Standard Ground Level Offices
HQ408,Public Administration,2025,4,5,10,104,50.00,4.81,40x8 HQ Ground Level Office,HQ Ground Level Office - 40' x 8',Large HQ Ground Level Office+ (320 SF),Offices,Ground Level Offices,Standard Ground Level Offices
HQ408,"Educational, Membership & Religious Organizations",2026,1,5,45,183,11.11,2.73,40x8 HQ Ground Level Office,HQ Ground Level Office - 40' x 8',Large HQ Ground Level Office+ (320 SF),Offices,Ground Level Offices,Standard Ground Level Offices
HQ408,Subcontractors,2024,1,2,35,1039,5.71,0.19,40x8 HQ Ground Level Office,HQ Ground Level Office - 40' x 8',Large HQ Ground Level Office+ (320 SF),Offices,Ground Level Offices,Standard Ground Level Offices
HQ408,Non-Residential & GCs,2025,1,3,43,1032,6.98,0.29,40x8 HQ Ground Level Office,HQ Ground Level Office - 40' x 8',Large HQ Ground Level Office+ (320 SF),Offices,Ground Level Offices,Standard Ground Level Offices
HQ408,Retail & Wholesale Trade,2024,2,2,54,554,3.70,0.36,40x8 HQ Ground Level Office,HQ Ground Level Office - 40' x 8',Large HQ Ground Level Office+ (320 SF),Offices,Ground Level Offices,Standard Ground Level Offices
HQ408,Engineering & Architecture,2026,1,1,45,151,2.22,0.66,40x8 HQ Ground Level Office,HQ Ground Level Office - 40' x 8',Large HQ Ground Level Office+ (320 SF),Offices,Ground Level Offices,Standard Ground Level Offices
HQ408,Retail & Wholesale Trade,2026,1,3,45,492,6.67,0.61,40x8 HQ Ground Level Office,HQ Ground Level Office - 40' x 8',Large HQ Ground Level Office+ (320 SF),Offices,Ground Level Offices,Standard Ground Level Offices
HQ408,,2025,2,2,33,51,6.06,3.92,40x8 HQ Ground Level Office,HQ Ground Level Office - 40' x 8',Large HQ Ground Level Office+ (320 SF),Offices,Ground Level Offices,Standard Ground Level Offices
HQ408,Subcontractors,2025,4,2,10,824,20.00,0.24,40x8 HQ Ground Level Office,HQ Ground Level Office - 40' x 8',Large HQ Ground Level Office+ (320 SF),Offices,Ground Level Offices,Standard Ground Level Offices
HQ408,Non-Residential & GCs,2025,2,3,33,1225,9.09,0.24,40x8 HQ Ground Level Office,HQ Ground Level Office - 40' x 8',Large HQ Ground Level Office+ (320 SF),Offices,Ground Level Offices,Standard Ground Level Offices
HQ408,Manufacturing,2024,4,4,35,375,11.43,1.07,40x8 HQ Ground Level Office,HQ Ground Level Office - 40' x 8',Large HQ Ground Level Office+ (320 SF),Offices,Ground Level Offices,Standard Ground Level Offices
HQ408,"Arts, Media, Hotels & Entertainment",2025,2,5,33,854,15.15,0.59,40x8 HQ Ground Level Office,HQ Ground Level Office - 40' x 8',Large HQ Ground Level Office+ (320 SF),Offices,Ground Level Offices,Standard Ground Level Offices
HQ408,Public Administration,2024,4,5,35,108,14.29,4.63,40x8 HQ Ground Level Office,HQ Ground Level Office - 40' x 8',Large HQ Ground Level Office+ (320 SF),Offices,Ground Level Offices,Standard Ground Level Offices
HQ408,Home Builders & Developers,2024,2,3,54,1349,5.56,0.22,40x8 HQ Ground Level Office,HQ Ground Level Office - 40' x 8',Large HQ Ground Level Office+ (320 SF),Offices,Ground Level Offices,Standard Ground Level Offices
HQ408,"Arts, Media, Hotels & Entertainment",2025,3,2,49,823,4.08,0.24,40x8 HQ Ground Level Office,HQ Ground Level Office - 40' x 8',Large HQ Ground Level Office+ (320 SF),Offices,Ground Level Offices,Standard Ground Level Offices
HQ408,Highway & Heavy Construction,2024,2,2,54,360,3.70,0.56,40x8 HQ Ground Level Office,HQ Ground Level Office - 40' x 8',Large HQ Ground Level Office+ (320 SF),Offices,Ground Level Offices,Standard Ground Level Offices
HQ408,Retail & Wholesale Trade,2025,3,3,49,438,6.12,0.68,40x8 HQ Ground Level Office,HQ Ground Level Office - 40' x 8',Large HQ Ground Level Office+ (320 SF),Offices,Ground Level Offices,Standard Ground Level Offices
30W,Subcontractors,2024,1,32,232,1039,13.79,3.08,30' OPEN BAY OFFICE,Ground Level Office - 30' x 10',Medium Size Ground Level Office (300 SF),Offices,Ground Level Offices,Standard Ground Level Offices
30W,Manufacturing,2024,4,18,168,375,10.71,4.80,30' OPEN BAY OFFICE,Ground Level Office - 30' x 10',Medium Size Ground Level Office (300 SF),Offices,Ground Level Offices,Standard Ground Level Offices
30W,Non-Residential & GCs,2026,1,32,246,1084,13.01,2.95,30' OPEN BAY OFFICE,Ground Level Office - 30' x 10',Medium Size Ground Level Office (300 SF),Offices,Ground Level Offices,Standard Ground Level Offices
30W,Home Builders & Developers,2024,1,48,232,1228,20.69,3.91,30' OPEN BAY OFFICE,Ground Level Office - 30' x 10',Medium Size Ground Level Office (300 SF),Offices,Ground Level Offices,Standard Ground Level Offices
30W,Home Builders & Developers,2024,4,40,168,1006,23.81,3.98,30' OPEN BAY OFFICE,Ground Level Office - 30' x 10',Medium Size Ground Level Office (300 SF),Offices,Ground Level Offices,Standard Ground Level Offices
30W,Retail & Wholesale Trade,2026,2,4,96,215,4.17,1.86,30' OPEN BAY OFFICE,Ground Level Office - 30' x 10',Medium Size Ground Level Office (300 SF),Offices,Ground Level Offices,Standard Ground Level Offices
30W,"Arts, Media, Hotels & Entertainment",2025,1,13,224,829,5.80,1.57,30' OPEN BAY OFFICE,Ground Level Office - 30' x 10',Medium Size Ground Level Office (300 SF),Offices,Ground Level Offices,Standard Ground Level Offices
30W,,2025,4,1,175,40,0.57,2.50,30' OPEN BAY OFFICE,Ground Level Office - 30' x 10',Medium Size Ground Level Office (300 SF),Offices,Ground Level Offices,Standard Ground Level Offices
30W,Professional Services,2026,1,52,246,1635,21.14,3.18,30' OPEN BAY OFFICE,Ground Level Office - 30' x 10',Medium Size Ground Level Office (300 SF),Offices,Ground Level Offices,Standard Ground Level Offices
30W,Professional Services,2024,4,31,168,1077,18.45,2.88,30' OPEN BAY OFFICE,Ground Level Office - 30' x 10',Medium Size Ground Level Office (300 SF),Offices,Ground Level Offices,Standard Ground Level Offices
30W,Highway & Heavy Construction,2024,2,9,247,360,3.64,2.50,30' OPEN BAY OFFICE,Ground Level Office - 30' x 10',Medium Size Ground Level Office (300 SF),Offices,Ground Level Offices,Standard Ground Level Offices
30W,Home Builders & Developers,2026,2,24,96,471,25.00,5.10,30' OPEN BAY OFFICE,Ground Level Office - 30' x 10',Medium Size Ground Level Office (300 SF),Offices,Ground Level Offices,Standard Ground Level Offices
30W,Home Builders & Developers,2025,1,44,224,1185,19.64,3.71,30' OPEN BAY OFFICE,Ground Level Office - 30' x 10',Medium Size Ground Level Office (300 SF),Offices,Ground Level Offices,Standard Ground Level Offices
30W,Highway & Heavy Construction,2025,3,7,209,282,3.35,2.48,30' OPEN BAY OFFICE,Ground Level Office - 30' x 10',Medium Size Ground Level Office (300 SF),Offices,Ground Level Offices,Standard Ground Level Offices
30W,"Educational, Membership & Religious Organizations",2026,2,3,96,127,3.13,2.36,30' OPEN BAY OFFICE,Ground Level Office - 30' x 10',Medium Size Ground Level Office (300 SF),Offices,Ground Level Offices,Standard Ground Level Offices
30W,,2026,1,1,246,54,0.41,1.85,30' OPEN BAY OFFICE,Ground Level Office - 30' x 10',Medium Size Ground Level Office (300 SF),Offices,Ground Level Offices,Standard Ground Level Offices
30W,"Educational, Membership & Religious Organizations",2025,2,1,202,210,0.50,0.48,30' OPEN BAY OFFICE,Ground Level Office - 30' x 10',Medium Size Ground Level Office (300 SF),Offices,Ground Level Offices,Standard Ground Level Offices
30W,Highway & Heavy Construction,2025,2,6,202,285,2.97,2.11,30' OPEN BAY OFFICE,Ground Level Office - 30' x 10',Medium Size Ground Level Office (300 SF),Offices,Ground Level Offices,Standard Ground Level Offices
30W,Subcontractors,2025,1,32,224,925,14.29,3.46,30' OPEN BAY OFFICE,Ground Level Office - 30' x 10',Medium Size Ground Level Office (300 SF),Offices,Ground Level Offices,Standard Ground Level Offices
30W,Retail & Wholesale Trade,2025,3,17,209,438,8.13,3.88,30' OPEN BAY OFFICE,Ground Level Office - 30' x 10',Medium Size Ground Level Office (300 SF),Offices,Ground Level Offices,Standard Ground Level Offices
30W,Manufacturing,2024,2,22,247,507,8.91,4.34,30' OPEN BAY OFFICE,Ground Level Office - 30' x 10',Medium Size Ground Level Office (300 SF),Offices,Ground Level Offices,Standard Ground Level Offices
30W,Mining & Utilities,2024,2,16,247,588,6.48,2.72,30' OPEN BAY OFFICE,Ground Level Office - 30' x 10',Medium Size Ground Level Office (300 SF),Offices,Ground Level Offices,Standard Ground Level Offices
30W,"Educational, Membership & Religious Organizations",2025,4,5,175,176,2.86,2.84,30' OPEN BAY OFFICE,Ground Level Office - 30' x 10',Medium Size Ground Level Office (300 SF),Offices,Ground Level Offices,Standard Ground Level Offices
30W,Public Administration,2024,1,5,232,96,2.16,5.21,30' OPEN BAY OFFICE,Ground Level Office - 30' x 10',Medium Size Ground Level Office (300 SF),Offices,Ground Level Offices,Standard Ground Level Offices
30W,"Arts, Media, Hotels & Entertainment",2025,3,6,209,823,2.87,0.73,30' OPEN BAY OFFICE,Ground Level Office - 30' x 10',Medium Size Ground Level Office (300 SF),Offices,Ground Level Offices,Standard Ground Level Offices
30W,Engineering & Architecture,2025,4,3,175,129,1.71,2.33,30' OPEN BAY OFFICE,Ground Level Office - 30' x 10',Medium Size Ground Level Office (300 SF),Offices,Ground Level Offices,Standard Ground Level Offices
30W,Professional Services,2024,3,49,235,1511,20.85,3.24,30' OPEN BAY OFFICE,Ground Level Office - 30' x 10',Medium Size Ground Level Office (300 SF),Offices,Ground Level Offices,Standard Ground Level Offices
30W,Professional Services,2026,2,11,96,574,11.46,1.92,30' OPEN BAY OFFICE,Ground Level Office - 30' x 10',Medium Size Ground Level Office (300 SF),Offices,Ground Level Offices,Standard Ground Level Offices
30W,"Educational, Membership & Religious Organizations",2026,1,3,246,183,1.22,1.64,30' OPEN BAY OFFICE,Ground Level Office - 30' x 10',Medium Size Ground Level Office (300 SF),Offices,Ground Level Offices,Standard Ground Level Offices
30W,Engineering & Architecture,2025,1,3,224,217,1.34,1.38,30' OPEN BAY OFFICE,Ground Level Office - 30' x 10',Medium Size Ground Level Office (300 SF),Offices,Ground Level Offices,Standard Ground Level Offices
30W,Non-Residential & GCs,2026,2,7,96,450,7.29,1.56,30' OPEN BAY OFFICE,Ground Level Office - 30' x 10',Medium Size Ground Level Office (300 SF),Offices,Ground Level Offices,Standard Ground Level Offices
30W,"Arts, Media, Hotels & Entertainment",2026,2,7,96,313,7.29,2.24,30' OPEN BAY OFFICE,Ground Level Office - 30' x 10',Medium Size Ground Level Office (300 SF),Offices,Ground Level Offices,Standard Ground Level Offices
30W,"Arts, Media, Hotels & Entertainment",2025,2,6,202,854,2.97,0.70,30' OPEN BAY OFFICE,Ground Level Office - 30' x 10',Medium Size Ground Level Office (300 SF),Offices,Ground Level Offices,Standard Ground Level Offices
30W,"Educational, Membership & Religious Organizations",2024,4,3,168,160,1.79,1.88,30' OPEN BAY OFFICE,Ground Level Office - 30' x 10',Medium Size Ground Level Office (300 SF),Offices,Ground Level Offices,Standard Ground Level Offices
30W,Other,2025,2,2,202,176,0.99,1.14,30' OPEN BAY OFFICE,Ground Level Office - 30' x 10',Medium Size Ground Level Office (300 SF),Offices,Ground Level Offices,Standard Ground Level Offices
30W,Other,2024,4,1,168,62,0.60,1.61,30' OPEN BAY OFFICE,Ground Level Office - 30' x 10',Medium Size Ground Level Office (300 SF),Offices,Ground Level Offices,Standard Ground Level Offices
30W,Engineering & Architecture,2026,1,1,246,151,0.41,0.66,30' OPEN BAY OFFICE,Ground Level Office - 30' x 10',Medium Size Ground Level Office (300 SF),Offices,Ground Level Offices,Standard Ground Level Offices
30W,Non-Residential & GCs,2024,3,43,235,1153,18.30,3.73,30' OPEN BAY OFFICE,Ground Level Office - 30' x 10',Medium Size Ground Level Office (300 SF),Offices,Ground Level Offices,Standard Ground Level Offices
30W,Home Builders & Developers,2026,1,28,246,1104,11.38,2.54,30' OPEN BAY OFFICE,Ground Level Office - 30' x 10',Medium Size Ground Level Office (300 SF),Offices,Ground Level Offices,Standard Ground Level Offices
30W,Retail & Wholesale Trade,2024,1,24,232,614,10.34,3.91,30' OPEN BAY OFFICE,Ground Level Office - 30' x 10',Medium Size Ground Level Office (300 SF),Offices,Ground Level Offices,Standard Ground Level Offices
30W,Subcontractors,2025,2,35,202,925,17.33,3.78,30' OPEN BAY OFFICE,Ground Level Office - 30' x 10',Medium Size Ground Level Office (300 SF),Offices,Ground Level Offices,Standard Ground Level Offices
30W,"Arts, Media, Hotels & Entertainment",2026,1,20,246,655,8.13,3.05,30' OPEN BAY OFFICE,Ground Level Office - 30' x 10',Medium Size Ground Level Office (300 SF),Offices,Ground Level Offices,Standard Ground Level Offices
30W,Mining & Utilities,2025,4,7,175,341,4.00,2.05,30' OPEN BAY OFFICE,Ground Level Office - 30' x 10',Medium Size Ground Level Office (300 SF),Offices,Ground Level Offices,Standard Ground Level Offices
30W,Retail & Wholesale Trade,2025,4,15,175,422,8.57,3.55,30' OPEN BAY OFFICE,Ground Level Office - 30' x 10',Medium Size Ground Level Office (300 SF),Offices,Ground Level Offices,Standard Ground Level Offices
30W,Non-Residential & GCs,2024,2,30,247,1460,12.15,2.05,30' OPEN BAY OFFICE,Ground Level Office - 30' x 10',Medium Size Ground Level Office (300 SF),Offices,Ground Level Offices,Standard Ground Level Offices
30W,Public Administration,2024,4,2,168,108,1.19,1.85,30' OPEN BAY OFFICE,Ground Level Office - 30' x 10',Medium Size Ground Level Office (300 SF),Offices,Ground Level Offices,Standard Ground Level Offices
30W,Other,2025,4,1,175,82,0.57,1.22,30' OPEN BAY OFFICE,Ground Level Office - 30' x 10',Medium Size Ground Level Office (300 SF),Offices,Ground Level Offices,Standard Ground Level Offices
30W,"Educational, Membership & Religious Organizations",2025,3,1,209,124,0.48,0.81,30' OPEN BAY OFFICE,Ground Level Office - 30' x 10',Medium Size Ground Level Office (300 SF),Offices,Ground Level Offices,Standard Ground Level Offices
30W,Retail & Wholesale Trade,2025,1,14,224,514,6.25,2.72,30' OPEN BAY OFFICE,Ground Level Office - 30' x 10',Medium Size Ground Level Office (300 SF),Offices,Ground Level Offices,Standard Ground Level Offices
30W,Non-Residential & GCs,2025,2,28,202,1225,13.86,2.29,30' OPEN BAY OFFICE,Ground Level Office - 30' x 10',Medium Size Ground Level Office (300 SF),Offices,Ground Level Offices,Standard Ground Level Offices
30W,"Educational, Membership & Religious Organizations",2024,1,8,232,265,3.45,3.02,30' OPEN BAY OFFICE,Ground Level Office - 30' x 10',Medium Size Ground Level Office (300 SF),Offices,Ground Level Offices,Standard Ground Level Offices
30W,"Arts, Media, Hotels & Entertainment",2025,4,7,175,258,4.00,2.71,30' OPEN BAY OFFICE,Ground Level Office - 30' x 10',Medium Size Ground Level Office (300 SF),Offices,Ground Level Offices,Standard Ground Level Offices
30W,Manufacturing,2025,3,8,209,477,3.83,1.68,30' OPEN BAY OFFICE,Ground Level Office - 30' x 10',Medium Size Ground Level Office (300 SF),Offices,Ground Level Offices,Standard Ground Level Offices
30W,Home Builders & Developers,2025,2,40,202,1237,19.80,3.23,30' OPEN BAY OFFICE,Ground Level Office - 30' x 10',Medium Size Ground Level Office (300 SF),Offices,Ground Level Offices,Standard Ground Level Offices
30W,Non-Residential & GCs,2025,1,28,224,1032,12.50,2.71,30' OPEN BAY OFFICE,Ground Level Office - 30' x 10',Medium Size Ground Level Office (300 SF),Offices,Ground Level Offices,Standard Ground Level Offices
30W,Non-Residential & GCs,2025,3,22,209,1030,10.53,2.14,30' OPEN BAY OFFICE,Ground Level Office - 30' x 10',Medium Size Ground Level Office (300 SF),Offices,Ground Level Offices,Standard Ground Level Offices
30W,Engineering & Architecture,2024,4,3,168,134,1.79,2.24,30' OPEN BAY OFFICE,Ground Level Office - 30' x 10',Medium Size Ground Level Office (300 SF),Offices,Ground Level Offices,Standard Ground Level Offices
30W,Highway & Heavy Construction,2024,1,6,232,363,2.59,1.65,30' OPEN BAY OFFICE,Ground Level Office - 30' x 10',Medium Size Ground Level Office (300 SF),Offices,Ground Level Offices,Standard Ground Level Offices
30W,Retail & Wholesale Trade,2026,1,14,246,492,5.69,2.85,30' OPEN BAY OFFICE,Ground Level Office - 30' x 10',Medium Size Ground Level Office (300 SF),Offices,Ground Level Offices,Standard Ground Level Offices
30W,,2024,2,2,247,98,0.81,2.04,30' OPEN BAY OFFICE,Ground Level Office - 30' x 10',Medium Size Ground Level Office (300 SF),Offices,Ground Level Offices,Standard Ground Level Offices
30W,Highway & Heavy Construction,2024,3,6,235,315,2.55,1.90,30' OPEN BAY OFFICE,Ground Level Office - 30' x 10',Medium Size Ground Level Office (300 SF),Offices,Ground Level Offices,Standard Ground Level Offices
30W,Health Care,2024,2,2,247,58,0.81,3.45,30' OPEN BAY OFFICE,Ground Level Office - 30' x 10',Medium Size Ground Level Office (300 SF),Offices,Ground Level Offices,Standard Ground Level Offices
30W,Engineering & Architecture,2026,2,1,96,116,1.04,0.86,30' OPEN BAY OFFICE,Ground Level Office - 30' x 10',Medium Size Ground Level Office (300 SF),Offices,Ground Level Offices,Standard Ground Level Offices
30W,Home Builders & Developers,2024,2,47,247,1349,19.03,3.48,30' OPEN BAY OFFICE,Ground Level Office - 30' x 10',Medium Size Ground Level Office (300 SF),Offices,Ground Level Offices,Standard Ground Level Offices
30W,Home Builders & Developers,2025,4,40,175,1022,22.86,3.91,30' OPEN BAY OFFICE,Ground Level Office - 30' x 10',Medium Size Ground Level Office (300 SF),Offices,Ground Level Offices,Standard Ground Level Offices
30W,Mining & Utilities,2025,1,12,224,641,5.36,1.87,30' OPEN BAY OFFICE,Ground Level Office - 30' x 10',Medium Size Ground Level Office (300 SF),Offices,Ground Level Offices,Standard Ground Level Offices
30W,Highway & Heavy Construction,2026,1,5,246,300,2.03,1.67,30' OPEN BAY OFFICE,Ground Level Office - 30' x 10',Medium Size Ground Level Office (300 SF),Offices,Ground Level Offices,Standard Ground Level Offices
30W,Public Administration,2024,3,6,235,115,2.55,5.22,30' OPEN BAY OFFICE,Ground Level Office - 30' x 10',Medium Size Ground Level Office (300 SF),Offices,Ground Level Offices,Standard Ground Level Offices
30W,Other,2024,2,2,247,188,0.81,1.06,30' OPEN BAY OFFICE,Ground Level Office - 30' x 10',Medium Size Ground Level Office (300 SF),Offices,Ground Level Offices,Standard Ground Level Offices
30W,,2026,2,2,96,17,2.08,11.76,30' OPEN BAY OFFICE,Ground Level Office - 30' x 10',Medium Size Ground Level Office (300 SF),Offices,Ground Level Offices,Standard Ground Level Offices
30W,Public Administration,2025,1,1,224,88,0.45,1.14,30' OPEN BAY OFFICE,Ground Level Office - 30' x 10',Medium Size Ground Level Office (300 SF),Offices,Ground Level Offices,Standard Ground Level Offices
30W,Engineering & Architecture,2025,3,6,209,155,2.87,3.87,30' OPEN BAY OFFICE,Ground Level Office - 30' x 10',Medium Size Ground Level Office (300 SF),Offices,Ground Level Offices,Standard Ground Level Offices
30W,Mining & Utilities,2024,3,7,235,631,2.98,1.11,30' OPEN BAY OFFICE,Ground Level Office - 30' x 10',Medium Size Ground Level Office (300 SF),Offices,Ground Level Offices,Standard Ground Level Offices
30W,Mining & Utilities,2024,4,8,168,433,4.76,1.85,30' OPEN BAY OFFICE,Ground Level Office - 30' x 10',Medium Size Ground Level Office (300 SF),Offices,Ground Level Offices,Standard Ground Level Offices
30W,Highway & Heavy Construction,2026,2,5,96,153,5.21,3.27,30' OPEN BAY OFFICE,Ground Level Office - 30' x 10',Medium Size Ground Level Office (300 SF),Offices,Ground Level Offices,Standard Ground Level Offices
30W,Health Care,2026,1,2,246,35,0.81,5.71,30' OPEN BAY OFFICE,Ground Level Office - 30' x 10',Medium Size Ground Level Office (300 SF),Offices,Ground Level Offices,Standard Ground Level Offices
30W,"Educational, Membership & Religious Organizations",2025,1,4,224,178,1.79,2.25,30' OPEN BAY OFFICE,Ground Level Office - 30' x 10',Medium Size Ground Level Office (300 SF),Offices,Ground Level Offices,Standard Ground Level Offices
30W,Subcontractors,2025,4,19,175,824,10.86,2.31,30' OPEN BAY OFFICE,Ground Level Office - 30' x 10',Medium Size Ground Level Office (300 SF),Offices,Ground Level Offices,Standard Ground Level Offices
30W,Non-Residential & GCs,2025,4,20,175,947,11.43,2.11,30' OPEN BAY OFFICE,Ground Level Office - 30' x 10',Medium Size Ground Level Office (300 SF),Offices,Ground Level Offices,Standard Ground Level Offices
30W,"Arts, Media, Hotels & Entertainment",2024,2,11,247,1014,4.45,1.08,30' OPEN BAY OFFICE,Ground Level Office - 30' x 10',Medium Size Ground Level Office (300 SF),Offices,Ground Level Offices,Standard Ground Level Offices
30W,Manufacturing,2025,2,16,202,497,7.92,3.22,30' OPEN BAY OFFICE,Ground Level Office - 30' x 10',Medium Size Ground Level Office (300 SF),Offices,Ground Level Offices,Standard Ground Level Offices
30W,Public Administration,2026,1,8,246,123,3.25,6.50,30' OPEN BAY OFFICE,Ground Level Office - 30' x 10',Medium Size Ground Level Office (300 SF),Offices,Ground Level Offices,Standard Ground Level Offices
30W,Mining & Utilities,2025,3,11,209,438,5.26,2.51,30' OPEN BAY OFFICE,Ground Level Office - 30' x 10',Medium Size Ground Level Office (300 SF),Offices,Ground Level Offices,Standard Ground Level Offices
30W,,2025,2,1,202,51,0.50,1.96,30' OPEN BAY OFFICE,Ground Level Office - 30' x 10',Medium Size Ground Level Office (300 SF),Offices,Ground Level Offices,Standard Ground Level Offices
30W,,2024,3,1,235,62,0.43,1.61,30' OPEN BAY OFFICE,Ground Level Office - 30' x 10',Medium Size Ground Level Office (300 SF),Offices,Ground Level Offices,Standard Ground Level Offices
30W,Public Administration,2025,3,7,209,105,3.35,6.67,30' OPEN BAY OFFICE,Ground Level Office - 30' x 10',Medium Size Ground Level Office (300 SF),Offices,Ground Level Offices,Standard Ground Level Offices
30W,Professional Services,2024,2,48,247,1628,19.43,2.95,30' OPEN BAY OFFICE,Ground Level Office - 30' x 10',Medium Size Ground Level Office (300 SF),Offices,Ground Level Offices,Standard Ground Level Offices
30W,Professional Services,2025,4,31,175,954,17.71,3.25,30' OPEN BAY OFFICE,Ground Level Office - 30' x 10',Medium Size Ground Level Office (300 SF),Offices,Ground Level Offices,Standard Ground Level Offices
30W,"Educational, Membership & Religious Organizations",2024,3,7,235,178,2.98,3.93,30' OPEN BAY OFFICE,Ground Level Office - 30' x 10',Medium Size Ground Level Office (300 SF),Offices,Ground Level Offices,Standard Ground Level Offices
30W,Subcontractors,2024,4,20,168,743,11.90,2.69,30' OPEN BAY OFFICE,Ground Level Office - 30' x 10',Medium Size Ground Level Office (300 SF),Offices,Ground Level Offices,Standard Ground Level Offices
30W,"Arts, Media, Hotels & Entertainment",2024,1,8,232,898,3.45,0.89,30' OPEN BAY OFFICE,Ground Level Office - 30' x 10',Medium Size Ground Level Office (300 SF),Offices,Ground Level Offices,Standard Ground Level Offices
30W,Public Administration,2025,4,5,175,104,2.86,4.81,30' OPEN BAY OFFICE,Ground Level Office - 30' x 10',Medium Size Ground Level Office (300 SF),Offices,Ground Level Offices,Standard Ground Level Offices
30W,Other,2026,1,1,246,73,0.41,1.37,30' OPEN BAY OFFICE,Ground Level Office - 30' x 10',Medium Size Ground Level Office (300 SF),Offices,Ground Level Offices,Standard Ground Level Offices
30W,Health Care,2024,3,1,235,46,0.43,2.17,30' OPEN BAY OFFICE,Ground Level Office - 30' x 10',Medium Size Ground Level Office (300 SF),Offices,Ground Level Offices,Standard Ground Level Offices
30W,,2024,4,1,168,41,0.60,2.44,30' OPEN BAY OFFICE,Ground Level Office - 30' x 10',Medium Size Ground Level Office (300 SF),Offices,Ground Level Offices,Standard Ground Level Offices
30W,Retail & Wholesale Trade,2025,2,17,202,462,8.42,3.68,30' OPEN BAY OFFICE,Ground Level Office - 30' x 10',Medium Size Ground Level Office (300 SF),Offices,Ground Level Offices,Standard Ground Level Offices
30W,Highway & Heavy Construction,2025,4,15,175,254,8.57,5.91,30' OPEN BAY OFFICE,Ground Level Office - 30' x 10',Medium Size Ground Level Office (300 SF),Offices,Ground Level Offices,Standard Ground Level Offices
30W,Professional Services,2025,3,40,209,1275,19.14,3.14,30' OPEN BAY OFFICE,Ground Level Office - 30' x 10',Medium Size Ground Level Office (300 SF),Offices,Ground Level Offices,Standard Ground Level Offices
30W,Retail & Wholesale Trade,2024,3,18,235,508,7.66,3.54,30' OPEN BAY OFFICE,Ground Level Office - 30' x 10',Medium Size Ground Level Office (300 SF),Offices,Ground Level Offices,Standard Ground Level Offices
30W,Manufacturing,2024,1,20,232,537,8.62,3.72,30' OPEN BAY OFFICE,Ground Level Office - 30' x 10',Medium Size Ground Level Office (300 SF),Offices,Ground Level Offices,Standard Ground Level Offices
30W,"Arts, Media, Hotels & Entertainment",2024,3,12,235,1158,5.11,1.04,30' OPEN BAY OFFICE,Ground Level Office - 30' x 10',Medium Size Ground Level Office (300 SF),Offices,Ground Level Offices,Standard Ground Level Offices
30W,Manufacturing,2025,4,5,175,339,2.86,1.47,30' OPEN BAY OFFICE,Ground Level Office - 30' x 10',Medium Size Ground Level Office (300 SF),Offices,Ground Level Offices,Standard Ground Level Offices
30W,Engineering & Architecture,2025,2,8,202,164,3.96,4.88,30' OPEN BAY OFFICE,Ground Level Office - 30' x 10',Medium Size Ground Level Office (300 SF),Offices,Ground Level Offices,Standard Ground Level Offices
30W,Public Administration,2024,2,6,247,127,2.43,4.72,30' OPEN BAY OFFICE,Ground Level Office - 30' x 10',Medium Size Ground Level Office (300 SF),Offices,Ground Level Offices,Standard Ground Level Offices
30W,Engineering & Architecture,2024,2,5,247,196,2.02,2.55,30' OPEN BAY OFFICE,Ground Level Office - 30' x 10',Medium Size Ground Level Office (300 SF),Offices,Ground Level Offices,Standard Ground Level Offices
30W,Non-Residential & GCs,2024,1,17,232,1210,7.33,1.41,30' OPEN BAY OFFICE,Ground Level Office - 30' x 10',Medium Size Ground Level Office (300 SF),Offices,Ground Level Offices,Standard Ground Level Offices
30W,Other,2026,2,3,96,35,3.13,8.57,30' OPEN BAY OFFICE,Ground Level Office - 30' x 10',Medium Size Ground Level Office (300 SF),Offices,Ground Level Offices,Standard Ground Level Offices
30W,Public Administration,2025,2,6,202,137,2.97,4.38,30' OPEN BAY OFFICE,Ground Level Office - 30' x 10',Medium Size Ground Level Office (300 SF),Offices,Ground Level Offices,Standard Ground Level Offices
30W,Mining & Utilities,2025,2,3,202,358,1.49,0.84,30' OPEN BAY OFFICE,Ground Level Office - 30' x 10',Medium Size Ground Level Office (300 SF),Offices,Ground Level Offices,Standard Ground Level Offices
30W,,2024,1,1,232,59,0.43,1.69,30' OPEN BAY OFFICE,Ground Level Office - 30' x 10',Medium Size Ground Level Office (300 SF),Offices,Ground Level Offices,Standard Ground Level Offices
30W,Engineering & Architecture,2024,1,1,232,185,0.43,0.54,30' OPEN BAY OFFICE,Ground Level Office - 30' x 10',Medium Size Ground Level Office (300 SF),Offices,Ground Level Offices,Standard Ground Level Offices
30W,Subcontractors,2026,2,11,96,353,11.46,3.12,30' OPEN BAY OFFICE,Ground Level Office - 30' x 10',Medium Size Ground Level Office (300 SF),Offices,Ground Level Offices,Standard Ground Level Offices
30W,Manufacturing,2025,1,15,224,630,6.70,2.38,30' OPEN BAY OFFICE,Ground Level Office - 30' x 10',Medium Size Ground Level Office (300 SF),Offices,Ground Level Offices,Standard Ground Level Offices
30W,"Educational, Membership & Religious Organizations",2024,2,5,247,248,2.02,2.02,30' OPEN BAY OFFICE,Ground Level Office - 30' x 10',Medium Size Ground Level Office (300 SF),Offices,Ground Level Offices,Standard Ground Level Offices
30W,,2025,3,2,209,52,0.96,3.85,30' OPEN BAY OFFICE,Ground Level Office - 30' x 10',Medium Size Ground Level Office (300 SF),Offices,Ground Level Offices,Standard Ground Level Offices
30W,,2025,1,3,224,53,1.34,5.66,30' OPEN BAY OFFICE,Ground Level Office - 30' x 10',Medium Size Ground Level Office (300 SF),Offices,Ground Level Offices,Standard Ground Level Offices
30W,Health Care,2025,4,1,175,23,0.57,4.35,30' OPEN BAY OFFICE,Ground Level Office - 30' x 10',Medium Size Ground Level Office (300 SF),Offices,Ground Level Offices,Standard Ground Level Offices
30W,Subcontractors,2024,2,33,247,1051,13.36,3.14,30' OPEN BAY OFFICE,Ground Level Office - 30' x 10',Medium Size Ground Level Office (300 SF),Offices,Ground Level Offices,Standard Ground Level Offices
30W,Mining & Utilities,2024,1,11,232,732,4.74,1.50,30' OPEN BAY OFFICE,Ground Level Office - 30' x 10',Medium Size Ground Level Office (300 SF),Offices,Ground Level Offices,Standard Ground Level Offices
30W,Professional Services,2025,1,49,224,1459,21.88,3.36,30' OPEN BAY OFFICE,Ground Level Office - 30' x 10',Medium Size Ground Level Office (300 SF),Offices,Ground Level Offices,Standard Ground Level Offices
30W,Home Builders & Developers,2024,3,38,235,1231,16.17,3.09,30' OPEN BAY OFFICE,Ground Level Office - 30' x 10',Medium Size Ground Level Office (300 SF),Offices,Ground Level Offices,Standard Ground Level Offices
30W,Subcontractors,2025,3,35,209,943,16.75,3.71,30' OPEN BAY OFFICE,Ground Level Office - 30' x 10',Medium Size Ground Level Office (300 SF),Offices,Ground Level Offices,Standard Ground Level Offices
30W,Home Builders & Developers,2025,3,42,209,1104,20.10,3.80,30' OPEN BAY OFFICE,Ground Level Office - 30' x 10',Medium Size Ground Level Office (300 SF),Offices,Ground Level Offices,Standard Ground Level Offices
30W,Subcontractors,2024,3,29,235,980,12.34,2.96,30' OPEN BAY OFFICE,Ground Level Office - 30' x 10',Medium Size Ground Level Office (300 SF),Offices,Ground Level Offices,Standard Ground Level Offices
30W,Non-Residential & GCs,2024,4,24,168,979,14.29,2.45,30' OPEN BAY OFFICE,Ground Level Office - 30' x 10',Medium Size Ground Level Office (300 SF),Offices,Ground Level Offices,Standard Ground Level Offices
30W,Manufacturing,2026,1,25,246,583,10.16,4.29,30' OPEN BAY OFFICE,Ground Level Office - 30' x 10',Medium Size Ground Level Office (300 SF),Offices,Ground Level Offices,Standard Ground Level Offices
30W,Retail & Wholesale Trade,2024,2,9,247,554,3.64,1.62,30' OPEN BAY OFFICE,Ground Level Office - 30' x 10',Medium Size Ground Level Office (300 SF),Offices,Ground Level Offices,Standard Ground Level Offices
30W,Manufacturing,2024,3,15,235,552,6.38,2.72,30' OPEN BAY OFFICE,Ground Level Office - 30' x 10',Medium Size Ground Level Office (300 SF),Offices,Ground Level Offices,Standard Ground Level Offices
30W,Highway & Heavy Construction,2024,4,7,168,280,4.17,2.50,30' OPEN BAY OFFICE,Ground Level Office - 30' x 10',Medium Size Ground Level Office (300 SF),Offices,Ground Level Offices,Standard Ground Level Offices
30W,Public Administration,2026,2,7,96,56,7.29,12.50,30' OPEN BAY OFFICE,Ground Level Office - 30' x 10',Medium Size Ground Level Office (300 SF),Offices,Ground Level Offices,Standard Ground Level Offices
30W,Other,2025,3,5,209,98,2.39,5.10,30' OPEN BAY OFFICE,Ground Level Office - 30' x 10',Medium Size Ground Level Office (300 SF),Offices,Ground Level Offices,Standard Ground Level Offices
30W,Mining & Utilities,2026,2,5,96,145,5.21,3.45,30' OPEN BAY OFFICE,Ground Level Office - 30' x 10',Medium Size Ground Level Office (300 SF),Offices,Ground Level Offices,Standard Ground Level Offices
30W,Professional Services,2024,1,51,232,1538,21.98,3.32,30' OPEN BAY OFFICE,Ground Level Office - 30' x 10',Medium Size Ground Level Office (300 SF),Offices,Ground Level Offices,Standard Ground Level Offices
30W,Highway & Heavy Construction,2025,1,6,224,286,2.68,2.10,30' OPEN BAY OFFICE,Ground Level Office - 30' x 10',Medium Size Ground Level Office (300 SF),Offices,Ground Level Offices,Standard Ground Level Offices
30W,Subcontractors,2026,1,46,246,887,18.70,5.19,30' OPEN BAY OFFICE,Ground Level Office - 30' x 10',Medium Size Ground Level Office (300 SF),Offices,Ground Level Offices,Standard Ground Level Offices
30W,Professional Services,2025,2,33,202,1340,16.34,2.46,30' OPEN BAY OFFICE,Ground Level Office - 30' x 10',Medium Size Ground Level Office (300 SF),Offices,Ground Level Offices,Standard Ground Level Offices
30W,Engineering & Architecture,2024,3,3,235,202,1.28,1.49,30' OPEN BAY OFFICE,Ground Level Office - 30' x 10',Medium Size Ground Level Office (300 SF),Offices,Ground Level Offices,Standard Ground Level Offices
30W,Mining & Utilities,2026,1,8,246,615,3.25,1.30,30' OPEN BAY OFFICE,Ground Level Office - 30' x 10',Medium Size Ground Level Office (300 SF),Offices,Ground Level Offices,Standard Ground Level Offices
30W,Retail & Wholesale Trade,2024,4,7,168,389,4.17,1.80,30' OPEN BAY OFFICE,Ground Level Office - 30' x 10',Medium Size Ground Level Office (300 SF),Offices,Ground Level Offices,Standard Ground Level Offices
30W,Manufacturing,2026,2,6,96,184,6.25,3.26,30' OPEN BAY OFFICE,Ground Level Office - 30' x 10',Medium Size Ground Level Office (300 SF),Offices,Ground Level Offices,Standard Ground Level Offices
30W,"Arts, Media, Hotels & Entertainment",2024,4,3,168,312,1.79,0.96,30' OPEN BAY OFFICE,Ground Level Office - 30' x 10',Medium Size Ground Level Office (300 SF),Offices,Ground Level Offices,Standard Ground Level Offices
MO6012,Subcontractors,2026,1,190,2121,887,8.96,21.42,60x12 Mobile Office or Similar,60x12 Mobile Office or Similar,Large Mobile Office - 2 offices + Lg. Open Area (up to 720 SF) - MO6012 or similar,Offices,Mobile Offices,Mobile Offices
MO6012,Mining & Utilities,2025,4,123,1375,341,8.95,36.07,60x12 Mobile Office or Similar,60x12 Mobile Office or Similar,Large Mobile Office - 2 offices + Lg. Open Area (up to 720 SF) - MO6012 or similar,Offices,Mobile Offices,Mobile Offices
MO6012,Manufacturing,2024,3,160,1838,552,8.71,28.99,60x12 Mobile Office or Similar,60x12 Mobile Office or Similar,Large Mobile Office - 2 offices + Lg. Open Area (up to 720 SF) - MO6012 or similar,Offices,Mobile Offices,Mobile Offices
MO6012,Subcontractors,2025,4,159,1375,824,11.56,19.30,60x12 Mobile Office or Similar,60x12 Mobile Office or Similar,Large Mobile Office - 2 offices + Lg. Open Area (up to 720 SF) - MO6012 or similar,Offices,Mobile Offices,Mobile Offices
MO6012,Highway & Heavy Construction,2025,3,62,1682,282,3.69,21.99,60x12 Mobile Office or Similar,60x12 Mobile Office or Similar,Large Mobile Office - 2 offices + Lg. Open Area (up to 720 SF) - MO6012 or similar,Offices,Mobile Offices,Mobile Offices
MO6012,,2025,2,9,1890,51,0.48,17.65,60x12 Mobile Office or Similar,60x12 Mobile Office or Similar,Large Mobile Office - 2 offices + Lg. Open Area (up to 720 SF) - MO6012 or similar,Offices,Mobile Offices,Mobile Offices
MO6012,Health Care,2024,2,4,2022,58,0.20,6.90,60x12 Mobile Office or Similar,60x12 Mobile Office or Similar,Large Mobile Office - 2 offices + Lg. Open Area (up to 720 SF) - MO6012 or similar,Offices,Mobile Offices,Mobile Offices
MO6012,,2025,4,6,1375,40,0.44,15.00,60x12 Mobile Office or Similar,60x12 Mobile Office or Similar,Large Mobile Office - 2 offices + Lg. Open Area (up to 720 SF) - MO6012 or similar,Offices,Mobile Offices,Mobile Offices
MO6012,Professional Services,2025,4,235,1375,954,17.09,24.63,60x12 Mobile Office or Similar,60x12 Mobile Office or Similar,Large Mobile Office - 2 offices + Lg. Open Area (up to 720 SF) - MO6012 or similar,Offices,Mobile Offices,Mobile Offices
MO6012,"Arts, Media, Hotels & Entertainment",2025,4,58,1375,258,4.22,22.48,60x12 Mobile Office or Similar,60x12 Mobile Office or Similar,Large Mobile Office - 2 offices + Lg. Open Area (up to 720 SF) - MO6012 or similar,Offices,Mobile Offices,Mobile Offices
MO6012,"Educational, Membership & Religious Organizations",2025,2,37,1890,210,1.96,17.62,60x12 Mobile Office or Similar,60x12 Mobile Office or Similar,Large Mobile Office - 2 offices + Lg. Open Area (up to 720 SF) - MO6012 or similar,Offices,Mobile Offices,Mobile Offices
MO6012,Home Builders & Developers,2025,4,189,1375,1022,13.75,18.49,60x12 Mobile Office or Similar,60x12 Mobile Office or Similar,Large Mobile Office - 2 offices + Lg. Open Area (up to 720 SF) - MO6012 or similar,Offices,Mobile Offices,Mobile Offices
MO6012,Home Builders & Developers,2024,3,230,1838,1231,12.51,18.68,60x12 Mobile Office or Similar,60x12 Mobile Office or Similar,Large Mobile Office - 2 offices + Lg. Open Area (up to 720 SF) - MO6012 or similar,Offices,Mobile Offices,Mobile Offices
MO6012,Public Administration,2026,1,27,2121,123,1.27,21.95,60x12 Mobile Office or Similar,60x12 Mobile Office or Similar,Large Mobile Office - 2 offices + Lg. Open Area (up to 720 SF) - MO6012 or similar,Offices,Mobile Offices,Mobile Offices
MO6012,Other,2025,3,17,1682,98,1.01,17.35,60x12 Mobile Office or Similar,60x12 Mobile Office or Similar,Large Mobile Office - 2 offices + Lg. Open Area (up to 720 SF) - MO6012 or similar,Offices,Mobile Offices,Mobile Offices
MO6012,Engineering & Architecture,2026,2,21,782,116,2.69,18.10,60x12 Mobile Office or Similar,60x12 Mobile Office or Similar,Large Mobile Office - 2 offices + Lg. Open Area (up to 720 SF) - MO6012 or similar,Offices,Mobile Offices,Mobile Offices
MO6012,Public Administration,2025,3,19,1682,105,1.13,18.10,60x12 Mobile Office or Similar,60x12 Mobile Office or Similar,Large Mobile Office - 2 offices + Lg. Open Area (up to 720 SF) - MO6012 or similar,Offices,Mobile Offices,Mobile Offices
MO6012,Engineering & Architecture,2024,1,33,2157,185,1.53,17.84,60x12 Mobile Office or Similar,60x12 Mobile Office or Similar,Large Mobile Office - 2 offices + Lg. Open Area (up to 720 SF) - MO6012 or similar,Offices,Mobile Offices,Mobile Offices
MO6012,Non-Residential & GCs,2024,3,270,1838,1153,14.69,23.42,60x12 Mobile Office or Similar,60x12 Mobile Office or Similar,Large Mobile Office - 2 offices + Lg. Open Area (up to 720 SF) - MO6012 or similar,Offices,Mobile Offices,Mobile Offices
MO6012,"Educational, Membership & Religious Organizations",2025,1,23,1964,178,1.17,12.92,60x12 Mobile Office or Similar,60x12 Mobile Office or Similar,Large Mobile Office - 2 offices + Lg. Open Area (up to 720 SF) - MO6012 or similar,Offices,Mobile Offices,Mobile Offices
MO6012,Highway & Heavy Construction,2025,4,70,1375,254,5.09,27.56,60x12 Mobile Office or Similar,60x12 Mobile Office or Similar,Large Mobile Office - 2 offices + Lg. Open Area (up to 720 SF) - MO6012 or similar,Offices,Mobile Offices,Mobile Offices
MO6012,Retail & Wholesale Trade,2025,1,102,1964,514,5.19,19.84,60x12 Mobile Office or Similar,60x12 Mobile Office or Similar,Large Mobile Office - 2 offices + Lg. Open Area (up to 720 SF) - MO6012 or similar,Offices,Mobile Offices,Mobile Offices
MO6012,Engineering & Architecture,2024,4,18,1294,134,1.39,13.43,60x12 Mobile Office or Similar,60x12 Mobile Office or Similar,Large Mobile Office - 2 offices + Lg. Open Area (up to 720 SF) - MO6012 or similar,Offices,Mobile Offices,Mobile Offices
MO6012,"Arts, Media, Hotels & Entertainment",2026,2,82,782,313,10.49,26.20,60x12 Mobile Office or Similar,60x12 Mobile Office or Similar,Large Mobile Office - 2 offices + Lg. Open Area (up to 720 SF) - MO6012 or similar,Offices,Mobile Offices,Mobile Offices
MO6012,Engineering & Architecture,2024,3,35,1838,202,1.90,17.33,60x12 Mobile Office or Similar,60x12 Mobile Office or Similar,Large Mobile Office - 2 offices + Lg. Open Area (up to 720 SF) - MO6012 or similar,Offices,Mobile Offices,Mobile Offices
MO6012,Engineering & Architecture,2025,1,50,1964,217,2.55,23.04,60x12 Mobile Office or Similar,60x12 Mobile Office or Similar,Large Mobile Office - 2 offices + Lg. Open Area (up to 720 SF) - MO6012 or similar,Offices,Mobile Offices,Mobile Offices
MO6012,Manufacturing,2025,4,99,1375,339,7.20,29.20,60x12 Mobile Office or Similar,60x12 Mobile Office or Similar,Large Mobile Office - 2 offices + Lg. Open Area (up to 720 SF) - MO6012 or similar,Offices,Mobile Offices,Mobile Offices
MO6012,Engineering & Architecture,2024,2,44,2022,196,2.18,22.45,60x12 Mobile Office or Similar,60x12 Mobile Office or Similar,Large Mobile Office - 2 offices + Lg. Open Area (up to 720 SF) - MO6012 or similar,Offices,Mobile Offices,Mobile Offices
MO6012,Non-Residential & GCs,2026,2,128,782,450,16.37,28.44,60x12 Mobile Office or Similar,60x12 Mobile Office or Similar,Large Mobile Office - 2 offices + Lg. Open Area (up to 720 SF) - MO6012 or similar,Offices,Mobile Offices,Mobile Offices
MO6012,Other,2026,1,11,2121,73,0.52,15.07,60x12 Mobile Office or Similar,60x12 Mobile Office or Similar,Large Mobile Office - 2 offices + Lg. Open Area (up to 720 SF) - MO6012 or similar,Offices,Mobile Offices,Mobile Offices
MO6012,Non-Residential & GCs,2025,3,316,1682,1030,18.79,30.68,60x12 Mobile Office or Similar,60x12 Mobile Office or Similar,Large Mobile Office - 2 offices + Lg. Open Area (up to 720 SF) - MO6012 or similar,Offices,Mobile Offices,Mobile Offices
MO6012,Home Builders & Developers,2025,1,232,1964,1185,11.81,19.58,60x12 Mobile Office or Similar,60x12 Mobile Office or Similar,Large Mobile Office - 2 offices + Lg. Open Area (up to 720 SF) - MO6012 or similar,Offices,Mobile Offices,Mobile Offices
MO6012,Non-Residential & GCs,2025,1,301,1964,1032,15.33,29.17,60x12 Mobile Office or Similar,60x12 Mobile Office or Similar,Large Mobile Office - 2 offices + Lg. Open Area (up to 720 SF) - MO6012 or similar,Offices,Mobile Offices,Mobile Offices
MO6012,Highway & Heavy Construction,2025,2,80,1890,285,4.23,28.07,60x12 Mobile Office or Similar,60x12 Mobile Office or Similar,Large Mobile Office - 2 offices + Lg. Open Area (up to 720 SF) - MO6012 or similar,Offices,Mobile Offices,Mobile Offices
MO6012,Retail & Wholesale Trade,2026,2,60,782,215,7.67,27.91,60x12 Mobile Office or Similar,60x12 Mobile Office or Similar,Large Mobile Office - 2 offices + Lg. Open Area (up to 720 SF) - MO6012 or similar,Offices,Mobile Offices,Mobile Offices
MO6012,"Educational, Membership & Religious Organizations",2025,3,20,1682,124,1.19,16.13,60x12 Mobile Office or Similar,60x12 Mobile Office or Similar,Large Mobile Office - 2 offices + Lg. Open Area (up to 720 SF) - MO6012 or similar,Offices,Mobile Offices,Mobile Offices
MO6012,Mining & Utilities,2024,1,342,2157,732,15.86,46.72,60x12 Mobile Office or Similar,60x12 Mobile Office or Similar,Large Mobile Office - 2 offices + Lg. Open Area (up to 720 SF) - MO6012 or similar,Offices,Mobile Offices,Mobile Offices
MO6012,Other,2024,2,34,2022,188,1.68,18.09,60x12 Mobile Office or Similar,60x12 Mobile Office or Similar,Large Mobile Office - 2 offices + Lg. Open Area (up to 720 SF) - MO6012 or similar,Offices,Mobile Offices,Mobile Offices
MO6012,,2025,1,19,1964,53,0.97,35.85,60x12 Mobile Office or Similar,60x12 Mobile Office or Similar,Large Mobile Office - 2 offices + Lg. Open Area (up to 720 SF) - MO6012 or similar,Offices,Mobile Offices,Mobile Offices
MO6012,,2024,1,14,2157,59,0.65,23.73,60x12 Mobile Office or Similar,60x12 Mobile Office or Similar,Large Mobile Office - 2 offices + Lg. Open Area (up to 720 SF) - MO6012 or similar,Offices,Mobile Offices,Mobile Offices
MO6012,Other,2024,4,11,1294,62,0.85,17.74,60x12 Mobile Office or Similar,60x12 Mobile Office or Similar,Large Mobile Office - 2 offices + Lg. Open Area (up to 720 SF) - MO6012 or similar,Offices,Mobile Offices,Mobile Offices
MO6012,Retail & Wholesale Trade,2024,1,105,2157,614,4.87,17.10,60x12 Mobile Office or Similar,60x12 Mobile Office or Similar,Large Mobile Office - 2 offices + Lg. Open Area (up to 720 SF) - MO6012 or similar,Offices,Mobile Offices,Mobile Offices
MO6012,Home Builders & Developers,2024,1,239,2157,1228,11.08,19.46,60x12 Mobile Office or Similar,60x12 Mobile Office or Similar,Large Mobile Office - 2 offices + Lg. Open Area (up to 720 SF) - MO6012 or similar,Offices,Mobile Offices,Mobile Offices
MO6012,Subcontractors,2024,2,158,2022,1051,7.81,15.03,60x12 Mobile Office or Similar,60x12 Mobile Office or Similar,Large Mobile Office - 2 offices + Lg. Open Area (up to 720 SF) - MO6012 or similar,Offices,Mobile Offices,Mobile Offices
MO6012,Home Builders & Developers,2025,3,230,1682,1104,13.67,20.83,60x12 Mobile Office or Similar,60x12 Mobile Office or Similar,Large Mobile Office - 2 offices + Lg. Open Area (up to 720 SF) - MO6012 or similar,Offices,Mobile Offices,Mobile Offices
MO6012,Engineering & Architecture,2025,2,46,1890,164,2.43,28.05,60x12 Mobile Office or Similar,60x12 Mobile Office or Similar,Large Mobile Office - 2 offices + Lg. Open Area (up to 720 SF) - MO6012 or similar,Offices,Mobile Offices,Mobile Offices
MO6012,"Educational, Membership & Religious Organizations",2025,4,25,1375,176,1.82,14.20,60x12 Mobile Office or Similar,60x12 Mobile Office or Similar,Large Mobile Office - 2 offices + Lg. Open Area (up to 720 SF) - MO6012 or similar,Offices,Mobile Offices,Mobile Offices
MO6012,Engineering & Architecture,2025,4,24,1375,129,1.75,18.60,60x12 Mobile Office or Similar,60x12 Mobile Office or Similar,Large Mobile Office - 2 offices + Lg. Open Area (up to 720 SF) - MO6012 or similar,Offices,Mobile Offices,Mobile Offices
MO6012,Health Care,2026,2,2,782,18,0.26,11.11,60x12 Mobile Office or Similar,60x12 Mobile Office or Similar,Large Mobile Office - 2 offices + Lg. Open Area (up to 720 SF) - MO6012 or similar,Offices,Mobile Offices,Mobile Offices
MO6012,"Arts, Media, Hotels & Entertainment",2024,1,187,2157,898,8.67,20.82,60x12 Mobile Office or Similar,60x12 Mobile Office or Similar,Large Mobile Office - 2 offices + Lg. Open Area (up to 720 SF) - MO6012 or similar,Offices,Mobile Offices,Mobile Offices
MO6012,"Educational, Membership & Religious Organizations",2024,4,31,1294,160,2.40,19.38,60x12 Mobile Office or Similar,60x12 Mobile Office or Similar,Large Mobile Office - 2 offices + Lg. Open Area (up to 720 SF) - MO6012 or similar,Offices,Mobile Offices,Mobile Offices
MO6012,Non-Residential & GCs,2026,1,390,2121,1084,18.39,35.98,60x12 Mobile Office or Similar,60x12 Mobile Office or Similar,Large Mobile Office - 2 offices + Lg. Open Area (up to 720 SF) - MO6012 or similar,Offices,Mobile Offices,Mobile Offices
MO6012,Professional Services,2024,4,171,1294,1077,13.21,15.88,60x12 Mobile Office or Similar,60x12 Mobile Office or Similar,Large Mobile Office - 2 offices + Lg. Open Area (up to 720 SF) - MO6012 or similar,Offices,Mobile Offices,Mobile Offices
MO6012,Manufacturing,2025,2,192,1890,497,10.16,38.63,60x12 Mobile Office or Similar,60x12 Mobile Office or Similar,Large Mobile Office - 2 offices + Lg. Open Area (up to 720 SF) - MO6012 or similar,Offices,Mobile Offices,Mobile Offices
MO6012,Other,2025,4,22,1375,82,1.60,26.83,60x12 Mobile Office or Similar,60x12 Mobile Office or Similar,Large Mobile Office - 2 offices + Lg. Open Area (up to 720 SF) - MO6012 or similar,Offices,Mobile Offices,Mobile Offices
MO6012,Other,2026,2,11,782,35,1.41,31.43,60x12 Mobile Office or Similar,60x12 Mobile Office or Similar,Large Mobile Office - 2 offices + Lg. Open Area (up to 720 SF) - MO6012 or similar,Offices,Mobile Offices,Mobile Offices
MO6012,Health Care,2024,4,4,1294,25,0.31,16.00,60x12 Mobile Office or Similar,60x12 Mobile Office or Similar,Large Mobile Office - 2 offices + Lg. Open Area (up to 720 SF) - MO6012 or similar,Offices,Mobile Offices,Mobile Offices
MO6012,Mining & Utilities,2025,1,268,1964,641,13.65,41.81,60x12 Mobile Office or Similar,60x12 Mobile Office or Similar,Large Mobile Office - 2 offices + Lg. Open Area (up to 720 SF) - MO6012 or similar,Offices,Mobile Offices,Mobile Offices
MO6012,Non-Residential & GCs,2025,2,372,1890,1225,19.68,30.37,60x12 Mobile Office or Similar,60x12 Mobile Office or Similar,Large Mobile Office - 2 offices + Lg. Open Area (up to 720 SF) - MO6012 or similar,Offices,Mobile Offices,Mobile Offices
MO6012,Mining & Utilities,2026,1,280,2121,615,13.20,45.53,60x12 Mobile Office or Similar,60x12 Mobile Office or Similar,Large Mobile Office - 2 offices + Lg. Open Area (up to 720 SF) - MO6012 or similar,Offices,Mobile Offices,Mobile Offices
MO6012,"Arts, Media, Hotels & Entertainment",2024,3,140,1838,1158,7.62,12.09,60x12 Mobile Office or Similar,60x12 Mobile Office or Similar,Large Mobile Office - 2 offices + Lg. Open Area (up to 720 SF) - MO6012 or similar,Offices,Mobile Offices,Mobile Offices
MO6012,,2024,2,22,2022,98,1.09,22.45,60x12 Mobile Office or Similar,60x12 Mobile Office or Similar,Large Mobile Office - 2 offices + Lg. Open Area (up to 720 SF) - MO6012 or similar,Offices,Mobile Offices,Mobile Offices
MO6012,Manufacturing,2025,3,127,1682,477,7.55,26.62,60x12 Mobile Office or Similar,60x12 Mobile Office or Similar,Large Mobile Office - 2 offices + Lg. Open Area (up to 720 SF) - MO6012 or similar,Offices,Mobile Offices,Mobile Offices
MO6012,Mining & Utilities,2024,4,136,1294,433,10.51,31.41,60x12 Mobile Office or Similar,60x12 Mobile Office or Similar,Large Mobile Office - 2 offices + Lg. Open Area (up to 720 SF) - MO6012 or similar,Offices,Mobile Offices,Mobile Offices
MO6012,Mining & Utilities,2024,2,300,2022,588,14.84,51.02,60x12 Mobile Office or Similar,60x12 Mobile Office or Similar,Large Mobile Office - 2 offices + Lg. Open Area (up to 720 SF) - MO6012 or similar,Offices,Mobile Offices,Mobile Offices
MO6012,Professional Services,2025,2,279,1890,1340,14.76,20.82,60x12 Mobile Office or Similar,60x12 Mobile Office or Similar,Large Mobile Office - 2 offices + Lg. Open Area (up to 720 SF) - MO6012 or similar,Offices,Mobile Offices,Mobile Offices
MO6012,Manufacturing,2024,4,107,1294,375,8.27,28.53,60x12 Mobile Office or Similar,60x12 Mobile Office or Similar,Large Mobile Office - 2 offices + Lg. Open Area (up to 720 SF) - MO6012 or similar,Offices,Mobile Offices,Mobile Offices
MO6012,Public Administration,2024,3,19,1838,115,1.03,16.52,60x12 Mobile Office or Similar,60x12 Mobile Office or Similar,Large Mobile Office - 2 offices + Lg. Open Area (up to 720 SF) - MO6012 or similar,Offices,Mobile Offices,Mobile Offices
MO6012,Public Administration,2025,2,18,1890,137,0.95,13.14,60x12 Mobile Office or Similar,60x12 Mobile Office or Similar,Large Mobile Office - 2 offices + Lg. Open Area (up to 720 SF) - MO6012 or similar,Offices,Mobile Offices,Mobile Offices
MO6012,Engineering & Architecture,2025,3,33,1682,155,1.96,21.29,60x12 Mobile Office or Similar,60x12 Mobile Office or Similar,Large Mobile Office - 2 offices + Lg. Open Area (up to 720 SF) - MO6012 or similar,Offices,Mobile Offices,Mobile Offices
MO6012,,2024,3,21,1838,62,1.14,33.87,60x12 Mobile Office or Similar,60x12 Mobile Office or Similar,Large Mobile Office - 2 offices + Lg. Open Area (up to 720 SF) - MO6012 or similar,Offices,Mobile Offices,Mobile Offices
MO6012,,2026,2,3,782,17,0.38,17.65,60x12 Mobile Office or Similar,60x12 Mobile Office or Similar,Large Mobile Office - 2 offices + Lg. Open Area (up to 720 SF) - MO6012 or similar,Offices,Mobile Offices,Mobile Offices
MO6012,Manufacturing,2026,1,207,2121,583,9.76,35.51,60x12 Mobile Office or Similar,60x12 Mobile Office or Similar,Large Mobile Office - 2 offices + Lg. Open Area (up to 720 SF) - MO6012 or similar,Offices,Mobile Offices,Mobile Offices
MO6012,"Educational, Membership & Religious Organizations",2026,1,43,2121,183,2.03,23.50,60x12 Mobile Office or Similar,60x12 Mobile Office or Similar,Large Mobile Office - 2 offices + Lg. Open Area (up to 720 SF) - MO6012 or similar,Offices,Mobile Offices,Mobile Offices
MO6012,Mining & Utilities,2026,2,32,782,145,4.09,22.07,60x12 Mobile Office or Similar,60x12 Mobile Office or Similar,Large Mobile Office - 2 offices + Lg. Open Area (up to 720 SF) - MO6012 or similar,Offices,Mobile Offices,Mobile Offices
MO6012,Health Care,2025,3,4,1682,44,0.24,9.09,60x12 Mobile Office or Similar,60x12 Mobile Office or Similar,Large Mobile Office - 2 offices + Lg. Open Area (up to 720 SF) - MO6012 or similar,Offices,Mobile Offices,Mobile Offices
MO6012,"Educational, Membership & Religious Organizations",2026,2,16,782,127,2.05,12.60,60x12 Mobile Office or Similar,60x12 Mobile Office or Similar,Large Mobile Office - 2 offices + Lg. Open Area (up to 720 SF) - MO6012 or similar,Offices,Mobile Offices,Mobile Offices
MO6012,Health Care,2025,4,8,1375,23,0.58,34.78,60x12 Mobile Office or Similar,60x12 Mobile Office or Similar,Large Mobile Office - 2 offices + Lg. Open Area (up to 720 SF) - MO6012 or similar,Offices,Mobile Offices,Mobile Offices
MO6012,Health Care,2024,3,8,1838,46,0.44,17.39,60x12 Mobile Office or Similar,60x12 Mobile Office or Similar,Large Mobile Office - 2 offices + Lg. Open Area (up to 720 SF) - MO6012 or similar,Offices,Mobile Offices,Mobile Offices
MO6012,Highway & Heavy Construction,2024,4,59,1294,280,4.56,21.07,60x12 Mobile Office or Similar,60x12 Mobile Office or Similar,Large Mobile Office - 2 offices + Lg. Open Area (up to 720 SF) - MO6012 or similar,Offices,Mobile Offices,Mobile Offices
MO6012,Manufacturing,2024,1,154,2157,537,7.14,28.68,60x12 Mobile Office or Similar,60x12 Mobile Office or Similar,Large Mobile Office - 2 offices + Lg. Open Area (up to 720 SF) - MO6012 or similar,Offices,Mobile Offices,Mobile Offices
MO6012,Non-Residential & GCs,2024,1,349,2157,1210,16.18,28.84,60x12 Mobile Office or Similar,60x12 Mobile Office or Similar,Large Mobile Office - 2 offices + Lg. Open Area (up to 720 SF) - MO6012 or similar,Offices,Mobile Offices,Mobile Offices
MO6012,Professional Services,2026,2,128,782,574,16.37,22.30,60x12 Mobile Office or Similar,60x12 Mobile Office or Similar,Large Mobile Office - 2 offices + Lg. Open Area (up to 720 SF) - MO6012 or similar,Offices,Mobile Offices,Mobile Offices
MO6012,Retail & Wholesale Trade,2024,4,61,1294,389,4.71,15.68,60x12 Mobile Office or Similar,60x12 Mobile Office or Similar,Large Mobile Office - 2 offices + Lg. Open Area (up to 720 SF) - MO6012 or similar,Offices,Mobile Offices,Mobile Offices
MO6012,Non-Residential & GCs,2025,4,268,1375,947,19.49,28.30,60x12 Mobile Office or Similar,60x12 Mobile Office or Similar,Large Mobile Office - 2 offices + Lg. Open Area (up to 720 SF) - MO6012 or similar,Offices,Mobile Offices,Mobile Offices
MO6012,Professional Services,2025,3,339,1682,1275,20.15,26.59,60x12 Mobile Office or Similar,60x12 Mobile Office or Similar,Large Mobile Office - 2 offices + Lg. Open Area (up to 720 SF) - MO6012 or similar,Offices,Mobile Offices,Mobile Offices
MO6012,Home Builders & Developers,2026,2,96,782,471,12.28,20.38,60x12 Mobile Office or Similar,60x12 Mobile Office or Similar,Large Mobile Office - 2 offices + Lg. Open Area (up to 720 SF) - MO6012 or similar,Offices,Mobile Offices,Mobile Offices
MO6012,Highway & Heavy Construction,2026,1,92,2121,300,4.34,30.67,60x12 Mobile Office or Similar,60x12 Mobile Office or Similar,Large Mobile Office - 2 offices + Lg. Open Area (up to 720 SF) - MO6012 or similar,Offices,Mobile Offices,Mobile Offices
MO6012,Other,2025,2,38,1890,176,2.01,21.59,60x12 Mobile Office or Similar,60x12 Mobile Office or Similar,Large Mobile Office - 2 offices + Lg. Open Area (up to 720 SF) - MO6012 or similar,Offices,Mobile Offices,Mobile Offices
MO6012,Retail & Wholesale Trade,2024,3,111,1838,508,6.04,21.85,60x12 Mobile Office or Similar,60x12 Mobile Office or Similar,Large Mobile Office - 2 offices + Lg. Open Area (up to 720 SF) - MO6012 or similar,Offices,Mobile Offices,Mobile Offices
MO6012,Retail & Wholesale Trade,2026,1,102,2121,492,4.81,20.73,60x12 Mobile Office or Similar,60x12 Mobile Office or Similar,Large Mobile Office - 2 offices + Lg. Open Area (up to 720 SF) - MO6012 or similar,Offices,Mobile Offices,Mobile Offices
MO6012,Non-Residential & GCs,2024,2,390,2022,1460,19.29,26.71,60x12 Mobile Office or Similar,60x12 Mobile Office or Similar,Large Mobile Office - 2 offices + Lg. Open Area (up to 720 SF) - MO6012 or similar,Offices,Mobile Offices,Mobile Offices
MO6012,Retail & Wholesale Trade,2025,3,92,1682,438,5.47,21.00,60x12 Mobile Office or Similar,60x12 Mobile Office or Similar,Large Mobile Office - 2 offices + Lg. Open Area (up to 720 SF) - MO6012 or similar,Offices,Mobile Offices,Mobile Offices
MO6012,Home Builders & Developers,2025,2,246,1890,1237,13.02,19.89,60x12 Mobile Office or Similar,60x12 Mobile Office or Similar,Large Mobile Office - 2 offices + Lg. Open Area (up to 720 SF) - MO6012 or similar,Offices,Mobile Offices,Mobile Offices
MO6012,Professional Services,2025,1,254,1964,1459,12.93,17.41,60x12 Mobile Office or Similar,60x12 Mobile Office or Similar,Large Mobile Office - 2 offices + Lg. Open Area (up to 720 SF) - MO6012 or similar,Offices,Mobile Offices,Mobile Offices
MO6012,Subcontractors,2024,4,124,1294,743,9.58,16.69,60x12 Mobile Office or Similar,60x12 Mobile Office or Similar,Large Mobile Office - 2 offices + Lg. Open Area (up to 720 SF) - MO6012 or similar,Offices,Mobile Offices,Mobile Offices
MO6012,Highway & Heavy Construction,2026,2,54,782,153,6.91,35.29,60x12 Mobile Office or Similar,60x12 Mobile Office or Similar,Large Mobile Office - 2 offices + Lg. Open Area (up to 720 SF) - MO6012 or similar,Offices,Mobile Offices,Mobile Offices
MO6012,Subcontractors,2025,1,161,1964,925,8.20,17.41,60x12 Mobile Office or Similar,60x12 Mobile Office or Similar,Large Mobile Office - 2 offices + Lg. Open Area (up to 720 SF) - MO6012 or similar,Offices,Mobile Offices,Mobile Offices
MO6012,Professional Services,2024,2,259,2022,1628,12.81,15.91,60x12 Mobile Office or Similar,60x12 Mobile Office or Similar,Large Mobile Office - 2 offices + Lg. Open Area (up to 720 SF) - MO6012 or similar,Offices,Mobile Offices,Mobile Offices
MO6012,Other,2024,3,33,1838,151,1.80,21.85,60x12 Mobile Office or Similar,60x12 Mobile Office or Similar,Large Mobile Office - 2 offices + Lg. Open Area (up to 720 SF) - MO6012 or similar,Offices,Mobile Offices,Mobile Offices
MO6012,"Arts, Media, Hotels & Entertainment",2026,1,179,2121,655,8.44,27.33,60x12 Mobile Office or Similar,60x12 Mobile Office or Similar,Large Mobile Office - 2 offices + Lg. Open Area (up to 720 SF) - MO6012 or similar,Offices,Mobile Offices,Mobile Offices
MO6012,Home Builders & Developers,2024,2,257,2022,1349,12.71,19.05,60x12 Mobile Office or Similar,60x12 Mobile Office or Similar,Large Mobile Office - 2 offices + Lg. Open Area (up to 720 SF) - MO6012 or similar,Offices,Mobile Offices,Mobile Offices
MO6012,Public Administration,2025,1,14,1964,88,0.71,15.91,60x12 Mobile Office or Similar,60x12 Mobile Office or Similar,Large Mobile Office - 2 offices + Lg. Open Area (up to 720 SF) - MO6012 or similar,Offices,Mobile Offices,Mobile Offices
MO6012,Other,2025,1,31,1964,94,1.58,32.98,60x12 Mobile Office or Similar,60x12 Mobile Office or Similar,Large Mobile Office - 2 offices + Lg. Open Area (up to 720 SF) - MO6012 or similar,Offices,Mobile Offices,Mobile Offices
MO6012,"Educational, Membership & Religious Organizations",2024,2,38,2022,248,1.88,15.32,60x12 Mobile Office or Similar,60x12 Mobile Office or Similar,Large Mobile Office - 2 offices + Lg. Open Area (up to 720 SF) - MO6012 or similar,Offices,Mobile Offices,Mobile Offices
MO6012,Public Administration,2024,4,17,1294,108,1.31,15.74,60x12 Mobile Office or Similar,60x12 Mobile Office or Similar,Large Mobile Office - 2 offices + Lg. Open Area (up to 720 SF) - MO6012 or similar,Offices,Mobile Offices,Mobile Offices
MO6012,Public Administration,2026,2,11,782,56,1.41,19.64,60x12 Mobile Office or Similar,60x12 Mobile Office or Similar,Large Mobile Office - 2 offices + Lg. Open Area (up to 720 SF) - MO6012 or similar,Offices,Mobile Offices,Mobile Offices
MO6012,Professional Services,2024,3,291,1838,1511,15.83,19.26,60x12 Mobile Office or Similar,60x12 Mobile Office or Similar,Large Mobile Office - 2 offices + Lg. Open Area (up to 720 SF) - MO6012 or similar,Offices,Mobile Offices,Mobile Offices
MO6012,Mining & Utilities,2025,3,125,1682,438,7.43,28.54,60x12 Mobile Office or Similar,60x12 Mobile Office or Similar,Large Mobile Office - 2 offices + Lg. Open Area (up to 720 SF) - MO6012 or similar,Offices,Mobile Offices,Mobile Offices
MO6012,Subcontractors,2024,3,175,1838,980,9.52,17.86,60x12 Mobile Office or Similar,60x12 Mobile Office or Similar,Large Mobile Office - 2 offices + Lg. Open Area (up to 720 SF) - MO6012 or similar,Offices,Mobile Offices,Mobile Offices
MO6012,Mining & Utilities,2025,2,115,1890,358,6.08,32.12,60x12 Mobile Office or Similar,60x12 Mobile Office or Similar,Large Mobile Office - 2 offices + Lg. Open Area (up to 720 SF) - MO6012 or similar,Offices,Mobile Offices,Mobile Offices
MO6012,Engineering & Architecture,2026,1,34,2121,151,1.60,22.52,60x12 Mobile Office or Similar,60x12 Mobile Office or Similar,Large Mobile Office - 2 offices + Lg. Open Area (up to 720 SF) - MO6012 or similar,Offices,Mobile Offices,Mobile Offices
MO6012,Public Administration,2024,2,33,2022,127,1.63,25.98,60x12 Mobile Office or Similar,60x12 Mobile Office or Similar,Large Mobile Office - 2 offices + Lg. Open Area (up to 720 SF) - MO6012 or similar,Offices,Mobile Offices,Mobile Offices
MO6012,,2025,3,11,1682,52,0.65,21.15,60x12 Mobile Office or Similar,60x12 Mobile Office or Similar,Large Mobile Office - 2 offices + Lg. Open Area (up to 720 SF) - MO6012 or similar,Offices,Mobile Offices,Mobile Offices
MO6012,Health Care,2026,1,5,2121,35,0.24,14.29,60x12 Mobile Office or Similar,60x12 Mobile Office or Similar,Large Mobile Office - 2 offices + Lg. Open Area (up to 720 SF) - MO6012 or similar,Offices,Mobile Offices,Mobile Offices
MO6012,"Arts, Media, Hotels & Entertainment",2025,3,119,1682,823,7.07,14.46,60x12 Mobile Office or Similar,60x12 Mobile Office or Similar,Large Mobile Office - 2 offices + Lg. Open Area (up to 720 SF) - MO6012 or similar,Offices,Mobile Offices,Mobile Offices
MO6012,"Arts, Media, Hotels & Entertainment",2024,2,181,2022,1014,8.95,17.85,60x12 Mobile Office or Similar,60x12 Mobile Office or Similar,Large Mobile Office - 2 offices + Lg. Open Area (up to 720 SF) - MO6012 or similar,Offices,Mobile Offices,Mobile Offices
MO6012,Retail & Wholesale Trade,2024,2,95,2022,554,4.70,17.15,60x12 Mobile Office or Similar,60x12 Mobile Office or Similar,Large Mobile Office - 2 offices + Lg. Open Area (up to 720 SF) - MO6012 or similar,Offices,Mobile Offices,Mobile Offices
MO6012,Mining & Utilities,2024,3,233,1838,631,12.68,36.93,60x12 Mobile Office or Similar,60x12 Mobile Office or Similar,Large Mobile Office - 2 offices + Lg. Open Area (up to 720 SF) - MO6012 or similar,Offices,Mobile Offices,Mobile Offices
MO6012,Non-Residential & GCs,2024,4,266,1294,979,20.56,27.17,60x12 Mobile Office or Similar,60x12 Mobile Office or Similar,Large Mobile Office - 2 offices + Lg. Open Area (up to 720 SF) - MO6012 or similar,Offices,Mobile Offices,Mobile Offices
MO6012,Subcontractors,2025,2,189,1890,925,10.00,20.43,60x12 Mobile Office or Similar,60x12 Mobile Office or Similar,Large Mobile Office - 2 offices + Lg. Open Area (up to 720 SF) - MO6012 or similar,Offices,Mobile Offices,Mobile Offices
MO6012,Manufacturing,2024,2,141,2022,507,6.97,27.81,60x12 Mobile Office or Similar,60x12 Mobile Office or Similar,Large Mobile Office - 2 offices + Lg. Open Area (up to 720 SF) - MO6012 or similar,Offices,Mobile Offices,Mobile Offices
MO6012,Other,2024,1,68,2157,247,3.15,27.53,60x12 Mobile Office or Similar,60x12 Mobile Office or Similar,Large Mobile Office - 2 offices + Lg. Open Area (up to 720 SF) - MO6012 or similar,Offices,Mobile Offices,Mobile Offices
MO6012,Highway & Heavy Construction,2024,2,66,2022,360,3.26,18.33,60x12 Mobile Office or Similar,60x12 Mobile Office or Similar,Large Mobile Office - 2 offices + Lg. Open Area (up to 720 SF) - MO6012 or similar,Offices,Mobile Offices,Mobile Offices
MO6012,Subcontractors,2026,2,66,782,353,8.44,18.70,60x12 Mobile Office or Similar,60x12 Mobile Office or Similar,Large Mobile Office - 2 offices + Lg. Open Area (up to 720 SF) - MO6012 or similar,Offices,Mobile Offices,Mobile Offices
MO6012,Retail & Wholesale Trade,2025,2,68,1890,462,3.60,14.72,60x12 Mobile Office or Similar,60x12 Mobile Office or Similar,Large Mobile Office - 2 offices + Lg. Open Area (up to 720 SF) - MO6012 or similar,Offices,Mobile Offices,Mobile Offices
MO6012,Health Care,2024,1,7,2157,24,0.32,29.17,60x12 Mobile Office or Similar,60x12 Mobile Office or Similar,Large Mobile Office - 2 offices + Lg. Open Area (up to 720 SF) - MO6012 or similar,Offices,Mobile Offices,Mobile Offices
MO6012,,2026,1,15,2121,54,0.71,27.78,60x12 Mobile Office or Similar,60x12 Mobile Office or Similar,Large Mobile Office - 2 offices + Lg. Open Area (up to 720 SF) - MO6012 or similar,Offices,Mobile Offices,Mobile Offices
MO6012,Health Care,2025,2,5,1890,49,0.26,10.20,60x12 Mobile Office or Similar,60x12 Mobile Office or Similar,Large Mobile Office - 2 offices + Lg. Open Area (up to 720 SF) - MO6012 or similar,Offices,Mobile Offices,Mobile Offices
MO6012,Subcontractors,2024,1,157,2157,1039,7.28,15.11,60x12 Mobile Office or Similar,60x12 Mobile Office or Similar,Large Mobile Office - 2 offices + Lg. Open Area (up to 720 SF) - MO6012 or similar,Offices,Mobile Offices,Mobile Offices
MO6012,Manufacturing,2025,1,213,1964,630,10.85,33.81,60x12 Mobile Office or Similar,60x12 Mobile Office or Similar,Large Mobile Office - 2 offices + Lg. Open Area (up to 720 SF) - MO6012 or similar,Offices,Mobile Offices,Mobile Offices
MO6012,Highway & Heavy Construction,2024,3,83,1838,315,4.52,26.35,60x12 Mobile Office or Similar,60x12 Mobile Office or Similar,Large Mobile Office - 2 offices + Lg. Open Area (up to 720 SF) - MO6012 or similar,Offices,Mobile Offices,Mobile Offices
MO6012,Home Builders & Developers,2026,1,229,2121,1104,10.80,20.74,60x12 Mobile Office or Similar,60x12 Mobile Office or Similar,Large Mobile Office - 2 offices + Lg. Open Area (up to 720 SF) - MO6012 or similar,Offices,Mobile Offices,Mobile Offices
MO6012,Subcontractors,2025,3,168,1682,943,9.99,17.82,60x12 Mobile Office or Similar,60x12 Mobile Office or Similar,Large Mobile Office - 2 offices + Lg. Open Area (up to 720 SF) - MO6012 or similar,Offices,Mobile Offices,Mobile Offices
MO6012,Home Builders & Developers,2024,4,217,1294,1006,16.77,21.57,60x12 Mobile Office or Similar,60x12 Mobile Office or Similar,Large Mobile Office - 2 offices + Lg. Open Area (up to 720 SF) - MO6012 or similar,Offices,Mobile Offices,Mobile Offices
MO6012,"Educational, Membership & Religious Organizations",2024,3,29,1838,178,1.58,16.29,60x12 Mobile Office or Similar,60x12 Mobile Office or Similar,Large Mobile Office - 2 offices + Lg. Open Area (up to 720 SF) - MO6012 or similar,Offices,Mobile Offices,Mobile Offices
MO6012,"Arts, Media, Hotels & Entertainment",2024,4,61,1294,312,4.71,19.55,60x12 Mobile Office or Similar,60x12 Mobile Office or Similar,Large Mobile Office - 2 offices + Lg. Open Area (up to 720 SF) - MO6012 or similar,Offices,Mobile Offices,Mobile Offices
MO6012,Retail & Wholesale Trade,2025,4,81,1375,422,5.89,19.19,60x12 Mobile Office or Similar,60x12 Mobile Office or Similar,Large Mobile Office - 2 offices + Lg. Open Area (up to 720 SF) - MO6012 or similar,Offices,Mobile Offices,Mobile Offices
MO6012,Highway & Heavy Construction,2025,1,74,1964,286,3.77,25.87,60x12 Mobile Office or Similar,60x12 Mobile Office or Similar,Large Mobile Office - 2 offices + Lg. Open Area (up to 720 SF) - MO6012 or similar,Offices,Mobile Offices,Mobile Offices
MO6012,,2024,4,11,1294,41,0.85,26.83,60x12 Mobile Office or Similar,60x12 Mobile Office or Similar,Large Mobile Office - 2 offices + Lg. Open Area (up to 720 SF) - MO6012 or similar,Offices,Mobile Offices,Mobile Offices
MO6012,Health Care,2025,1,7,1964,36,0.36,19.44,60x12 Mobile Office or Similar,60x12 Mobile Office or Similar,Large Mobile Office - 2 offices + Lg. Open Area (up to 720 SF) - MO6012 or similar,Offices,Mobile Offices,Mobile Offices
MO6012,"Arts, Media, Hotels & Entertainment",2025,2,196,1890,854,10.37,22.95,60x12 Mobile Office or Similar,60x12 Mobile Office or Similar,Large Mobile Office - 2 offices + Lg. Open Area (up to 720 SF) - MO6012 or similar,Offices,Mobile Offices,Mobile Offices
MO6012,"Educational, Membership & Religious Organizations",2024,1,34,2157,265,1.58,12.83,60x12 Mobile Office or Similar,60x12 Mobile Office or Similar,Large Mobile Office - 2 offices + Lg. Open Area (up to 720 SF) - MO6012 or similar,Offices,Mobile Offices,Mobile Offices
MO6012,Professional Services,2026,1,317,2121,1635,14.95,19.39,60x12 Mobile Office or Similar,60x12 Mobile Office or Similar,Large Mobile Office - 2 offices + Lg. Open Area (up to 720 SF) - MO6012 or similar,Offices,Mobile Offices,Mobile Offices
MO6012,"Arts, Media, Hotels & Entertainment",2025,1,215,1964,829,10.95,25.93,60x12 Mobile Office or Similar,60x12 Mobile Office or Similar,Large Mobile Office - 2 offices + Lg. Open Area (up to 720 SF) - MO6012 or similar,Offices,Mobile Offices,Mobile Offices
MO6012,Highway & Heavy Construction,2024,1,99,2157,363,4.59,27.27,60x12 Mobile Office or Similar,60x12 Mobile Office or Similar,Large Mobile Office - 2 offices + Lg. Open Area (up to 720 SF) - MO6012 or similar,Offices,Mobile Offices,Mobile Offices
MO6012,Public Administration,2025,4,8,1375,104,0.58,7.69,60x12 Mobile Office or Similar,60x12 Mobile Office or Similar,Large Mobile Office - 2 offices + Lg. Open Area (up to 720 SF) - MO6012 or similar,Offices,Mobile Offices,Mobile Offices
MO6012,Professional Services,2024,1,351,2157,1538,16.27,22.82,60x12 Mobile Office or Similar,60x12 Mobile Office or Similar,Large Mobile Office - 2 offices + Lg. Open Area (up to 720 SF) - MO6012 or similar,Offices,Mobile Offices,Mobile Offices
MO6012,Manufacturing,2026,2,72,782,184,9.21,39.13,60x12 Mobile Office or Similar,60x12 Mobile Office or Similar,Large Mobile Office - 2 offices + Lg. Open Area (up to 720 SF) - MO6012 or similar,Offices,Mobile Offices,Mobile Offices
MO6012,Public Administration,2024,1,18,2157,96,0.83,18.75,60x12 Mobile Office or Similar,60x12 Mobile Office or Similar,Large Mobile Office - 2 offices + Lg. Open Area (up to 720 SF) - MO6012 or similar,Offices,Mobile Offices,Mobile Offices
MO4410,Subcontractors,2026,2,32,250,353,12.80,9.07,44x10 Mobile Office or Similar,44x10 Mobile Office or Similar,Medium Mobile Office - 2 offices + Sm. Open Area (up to 480 SF) - MO4410 or similar,Offices,Mobile Offices,Mobile Offices
MO4410,Professional Services,2025,3,47,460,1275,10.22,3.69,44x10 Mobile Office or Similar,44x10 Mobile Office or Similar,Medium Mobile Office - 2 offices + Sm. Open Area (up to 480 SF) - MO4410 or similar,Offices,Mobile Offices,Mobile Offices
MO4410,"Educational, Membership & Religious Organizations",2026,1,21,478,183,4.39,11.48,44x10 Mobile Office or Similar,44x10 Mobile Office or Similar,Medium Mobile Office - 2 offices + Sm. Open Area (up to 480 SF) - MO4410 or similar,Offices,Mobile Offices,Mobile Offices
MO4410,Manufacturing,2024,3,16,454,552,3.52,2.90,44x10 Mobile Office or Similar,44x10 Mobile Office or Similar,Medium Mobile Office - 2 offices + Sm. Open Area (up to 480 SF) - MO4410 or similar,Offices,Mobile Offices,Mobile Offices
MO4410,Mining & Utilities,2026,2,17,250,145,6.80,11.72,44x10 Mobile Office or Similar,44x10 Mobile Office or Similar,Medium Mobile Office - 2 offices + Sm. Open Area (up to 480 SF) - MO4410 or similar,Offices,Mobile Offices,Mobile Offices
MO4410,Health Care,2024,1,3,521,24,0.58,12.50,44x10 Mobile Office or Similar,44x10 Mobile Office or Similar,Medium Mobile Office - 2 offices + Sm. Open Area (up to 480 SF) - MO4410 or similar,Offices,Mobile Offices,Mobile Offices
MO4410,Subcontractors,2024,3,52,454,980,11.45,5.31,44x10 Mobile Office or Similar,44x10 Mobile Office or Similar,Medium Mobile Office - 2 offices + Sm. Open Area (up to 480 SF) - MO4410 or similar,Offices,Mobile Offices,Mobile Offices
MO4410,Subcontractors,2025,1,61,530,925,11.51,6.59,44x10 Mobile Office or Similar,44x10 Mobile Office or Similar,Medium Mobile Office - 2 offices + Sm. Open Area (up to 480 SF) - MO4410 or similar,Offices,Mobile Offices,Mobile Offices
MO4410,Subcontractors,2025,4,50,336,824,14.88,6.07,44x10 Mobile Office or Similar,44x10 Mobile Office or Similar,Medium Mobile Office - 2 offices + Sm. Open Area (up to 480 SF) - MO4410 or similar,Offices,Mobile Offices,Mobile Offices
MO4410,Subcontractors,2026,1,56,478,887,11.72,6.31,44x10 Mobile Office or Similar,44x10 Mobile Office or Similar,Medium Mobile Office - 2 offices + Sm. Open Area (up to 480 SF) - MO4410 or similar,Offices,Mobile Offices,Mobile Offices
MO4410,"Educational, Membership & Religious Organizations",2025,2,26,560,210,4.64,12.38,44x10 Mobile Office or Similar,44x10 Mobile Office or Similar,Medium Mobile Office - 2 offices + Sm. Open Area (up to 480 SF) - MO4410 or similar,Offices,Mobile Offices,Mobile Offices
MO4410,Mining & Utilities,2025,2,24,560,358,4.29,6.70,44x10 Mobile Office or Similar,44x10 Mobile Office or Similar,Medium Mobile Office - 2 offices + Sm. Open Area (up to 480 SF) - MO4410 or similar,Offices,Mobile Offices,Mobile Offices
MO4410,,2025,4,6,336,40,1.79,15.00,44x10 Mobile Office or Similar,44x10 Mobile Office or Similar,Medium Mobile Office - 2 offices + Sm. Open Area (up to 480 SF) - MO4410 or similar,Offices,Mobile Offices,Mobile Offices
MO4410,Engineering & Architecture,2026,1,7,478,151,1.46,4.64,44x10 Mobile Office or Similar,44x10 Mobile Office or Similar,Medium Mobile Office - 2 offices + Sm. Open Area (up to 480 SF) - MO4410 or similar,Offices,Mobile Offices,Mobile Offices
MO4410,Public Administration,2026,1,3,478,123,0.63,2.44,44x10 Mobile Office or Similar,44x10 Mobile Office or Similar,Medium Mobile Office - 2 offices + Sm. Open Area (up to 480 SF) - MO4410 or similar,Offices,Mobile Offices,Mobile Offices
MO4410,Other,2025,4,3,336,82,0.89,3.66,44x10 Mobile Office or Similar,44x10 Mobile Office or Similar,Medium Mobile Office - 2 offices + Sm. Open Area (up to 480 SF) - MO4410 or similar,Offices,Mobile Offices,Mobile Offices
MO4410,Other,2026,2,1,250,35,0.40,2.86,44x10 Mobile Office or Similar,44x10 Mobile Office or Similar,Medium Mobile Office - 2 offices + Sm. Open Area (up to 480 SF) - MO4410 or similar,Offices,Mobile Offices,Mobile Offices
MO4410,"Arts, Media, Hotels & Entertainment",2024,3,33,454,1158,7.27,2.85,44x10 Mobile Office or Similar,44x10 Mobile Office or Similar,Medium Mobile Office - 2 offices + Sm. Open Area (up to 480 SF) - MO4410 or similar,Offices,Mobile Offices,Mobile Offices
MO4410,Professional Services,2024,2,73,532,1628,13.72,4.48,44x10 Mobile Office or Similar,44x10 Mobile Office or Similar,Medium Mobile Office - 2 offices + Sm. Open Area (up to 480 SF) - MO4410 or similar,Offices,Mobile Offices,Mobile Offices
MO4410,,2024,2,13,532,98,2.44,13.27,44x10 Mobile Office or Similar,44x10 Mobile Office or Similar,Medium Mobile Office - 2 offices + Sm. Open Area (up to 480 SF) - MO4410 or similar,Offices,Mobile Offices,Mobile Offices
MO4410,Manufacturing,2025,3,42,460,477,9.13,8.81,44x10 Mobile Office or Similar,44x10 Mobile Office or Similar,Medium Mobile Office - 2 offices + Sm. Open Area (up to 480 SF) - MO4410 or similar,Offices,Mobile Offices,Mobile Offices
MO4410,Subcontractors,2025,3,63,460,943,13.70,6.68,44x10 Mobile Office or Similar,44x10 Mobile Office or Similar,Medium Mobile Office - 2 offices + Sm. Open Area (up to 480 SF) - MO4410 or similar,Offices,Mobile Offices,Mobile Offices
MO4410,"Educational, Membership & Religious Organizations",2024,2,34,532,248,6.39,13.71,44x10 Mobile Office or Similar,44x10 Mobile Office or Similar,Medium Mobile Office - 2 offices + Sm. Open Area (up to 480 SF) - MO4410 or similar,Offices,Mobile Offices,Mobile Offices
MO4410,Home Builders & Developers,2026,2,36,250,471,14.40,7.64,44x10 Mobile Office or Similar,44x10 Mobile Office or Similar,Medium Mobile Office - 2 offices + Sm. Open Area (up to 480 SF) - MO4410 or similar,Offices,Mobile Offices,Mobile Offices
MO4410,Manufacturing,2025,4,15,336,339,4.46,4.42,44x10 Mobile Office or Similar,44x10 Mobile Office or Similar,Medium Mobile Office - 2 offices + Sm. Open Area (up to 480 SF) - MO4410 or similar,Offices,Mobile Offices,Mobile Offices
MO4410,Other,2024,2,9,532,188,1.69,4.79,44x10 Mobile Office or Similar,44x10 Mobile Office or Similar,Medium Mobile Office - 2 offices + Sm. Open Area (up to 480 SF) - MO4410 or similar,Offices,Mobile Offices,Mobile Offices
MO4410,Health Care,2025,2,1,560,49,0.18,2.04,44x10 Mobile Office or Similar,44x10 Mobile Office or Similar,Medium Mobile Office - 2 offices + Sm. Open Area (up to 480 SF) - MO4410 or similar,Offices,Mobile Offices,Mobile Offices
MO4410,Professional Services,2025,4,51,336,954,15.18,5.35,44x10 Mobile Office or Similar,44x10 Mobile Office or Similar,Medium Mobile Office - 2 offices + Sm. Open Area (up to 480 SF) - MO4410 or similar,Offices,Mobile Offices,Mobile Offices
MO4410,Other,2026,1,5,478,73,1.05,6.85,44x10 Mobile Office or Similar,44x10 Mobile Office or Similar,Medium Mobile Office - 2 offices + Sm. Open Area (up to 480 SF) - MO4410 or similar,Offices,Mobile Offices,Mobile Offices
MO4410,,2024,1,4,521,59,0.77,6.78,44x10 Mobile Office or Similar,44x10 Mobile Office or Similar,Medium Mobile Office - 2 offices + Sm. Open Area (up to 480 SF) - MO4410 or similar,Offices,Mobile Offices,Mobile Offices
MO4410,Engineering & Architecture,2025,3,12,460,155,2.61,7.74,44x10 Mobile Office or Similar,44x10 Mobile Office or Similar,Medium Mobile Office - 2 offices + Sm. Open Area (up to 480 SF) - MO4410 or similar,Offices,Mobile Offices,Mobile Offices
MO4410,Public Administration,2025,3,7,460,105,1.52,6.67,44x10 Mobile Office or Similar,44x10 Mobile Office or Similar,Medium Mobile Office - 2 offices + Sm. Open Area (up to 480 SF) - MO4410 or similar,Offices,Mobile Offices,Mobile Offices
MO4410,Health Care,2024,2,3,532,58,0.56,5.17,44x10 Mobile Office or Similar,44x10 Mobile Office or Similar,Medium Mobile Office - 2 offices + Sm. Open Area (up to 480 SF) - MO4410 or similar,Offices,Mobile Offices,Mobile Offices
MO4410,Other,2025,1,4,530,94,0.75,4.26,44x10 Mobile Office or Similar,44x10 Mobile Office or Similar,Medium Mobile Office - 2 offices + Sm. Open Area (up to 480 SF) - MO4410 or similar,Offices,Mobile Offices,Mobile Offices
MO4410,,2025,3,1,460,52,0.22,1.92,44x10 Mobile Office or Similar,44x10 Mobile Office or Similar,Medium Mobile Office - 2 offices + Sm. Open Area (up to 480 SF) - MO4410 or similar,Offices,Mobile Offices,Mobile Offices
MO4410,Non-Residential & GCs,2026,1,79,478,1084,16.53,7.29,44x10 Mobile Office or Similar,44x10 Mobile Office or Similar,Medium Mobile Office - 2 offices + Sm. Open Area (up to 480 SF) - MO4410 or similar,Offices,Mobile Offices,Mobile Offices
MO4410,"Arts, Media, Hotels & Entertainment",2026,1,43,478,655,9.00,6.56,44x10 Mobile Office or Similar,44x10 Mobile Office or Similar,Medium Mobile Office - 2 offices + Sm. Open Area (up to 480 SF) - MO4410 or similar,Offices,Mobile Offices,Mobile Offices
MO4410,Manufacturing,2024,4,26,355,375,7.32,6.93,44x10 Mobile Office or Similar,44x10 Mobile Office or Similar,Medium Mobile Office - 2 offices + Sm. Open Area (up to 480 SF) - MO4410 or similar,Offices,Mobile Offices,Mobile Offices
MO4410,Non-Residential & GCs,2025,3,62,460,1030,13.48,6.02,44x10 Mobile Office or Similar,44x10 Mobile Office or Similar,Medium Mobile Office - 2 offices + Sm. Open Area (up to 480 SF) - MO4410 or similar,Offices,Mobile Offices,Mobile Offices
MO4410,Highway & Heavy Construction,2025,2,23,560,285,4.11,8.07,44x10 Mobile Office or Similar,44x10 Mobile Office or Similar,Medium Mobile Office - 2 offices + Sm. Open Area (up to 480 SF) - MO4410 or similar,Offices,Mobile Offices,Mobile Offices
MO4410,Public Administration,2024,3,8,454,115,1.76,6.96,44x10 Mobile Office or Similar,44x10 Mobile Office or Similar,Medium Mobile Office - 2 offices + Sm. Open Area (up to 480 SF) - MO4410 or similar,Offices,Mobile Offices,Mobile Offices
MO4410,Public Administration,2026,2,1,250,56,0.40,1.79,44x10 Mobile Office or Similar,44x10 Mobile Office or Similar,Medium Mobile Office - 2 offices + Sm. Open Area (up to 480 SF) - MO4410 or similar,Offices,Mobile Offices,Mobile Offices
MO4410,Professional Services,2024,3,101,454,1511,22.25,6.68,44x10 Mobile Office or Similar,44x10 Mobile Office or Similar,Medium Mobile Office - 2 offices + Sm. Open Area (up to 480 SF) - MO4410 or similar,Offices,Mobile Offices,Mobile Offices
MO4410,Subcontractors,2024,2,51,532,1051,9.59,4.85,44x10 Mobile Office or Similar,44x10 Mobile Office or Similar,Medium Mobile Office - 2 offices + Sm. Open Area (up to 480 SF) - MO4410 or similar,Offices,Mobile Offices,Mobile Offices
MO4410,Home Builders & Developers,2024,1,69,521,1228,13.24,5.62,44x10 Mobile Office or Similar,44x10 Mobile Office or Similar,Medium Mobile Office - 2 offices + Sm. Open Area (up to 480 SF) - MO4410 or similar,Offices,Mobile Offices,Mobile Offices
MO4410,Engineering & Architecture,2026,2,15,250,116,6.00,12.93,44x10 Mobile Office or Similar,44x10 Mobile Office or Similar,Medium Mobile Office - 2 offices + Sm. Open Area (up to 480 SF) - MO4410 or similar,Offices,Mobile Offices,Mobile Offices
MO4410,Non-Residential & GCs,2026,2,36,250,450,14.40,8.00,44x10 Mobile Office or Similar,44x10 Mobile Office or Similar,Medium Mobile Office - 2 offices + Sm. Open Area (up to 480 SF) - MO4410 or similar,Offices,Mobile Offices,Mobile Offices
MO4410,Home Builders & Developers,2024,2,81,532,1349,15.23,6.00,44x10 Mobile Office or Similar,44x10 Mobile Office or Similar,Medium Mobile Office - 2 offices + Sm. Open Area (up to 480 SF) - MO4410 or similar,Offices,Mobile Offices,Mobile Offices
MO4410,Professional Services,2026,1,79,478,1635,16.53,4.83,44x10 Mobile Office or Similar,44x10 Mobile Office or Similar,Medium Mobile Office - 2 offices + Sm. Open Area (up to 480 SF) - MO4410 or similar,Offices,Mobile Offices,Mobile Offices
MO4410,Highway & Heavy Construction,2024,3,17,454,315,3.74,5.40,44x10 Mobile Office or Similar,44x10 Mobile Office or Similar,Medium Mobile Office - 2 offices + Sm. Open Area (up to 480 SF) - MO4410 or similar,Offices,Mobile Offices,Mobile Offices
MO4410,Engineering & Architecture,2024,3,12,454,202,2.64,5.94,44x10 Mobile Office or Similar,44x10 Mobile Office or Similar,Medium Mobile Office - 2 offices + Sm. Open Area (up to 480 SF) - MO4410 or similar,Offices,Mobile Offices,Mobile Offices
MO4410,Engineering & Architecture,2025,1,10,530,217,1.89,4.61,44x10 Mobile Office or Similar,44x10 Mobile Office or Similar,Medium Mobile Office - 2 offices + Sm. Open Area (up to 480 SF) - MO4410 or similar,Offices,Mobile Offices,Mobile Offices
MO4410,"Educational, Membership & Religious Organizations",2026,2,23,250,127,9.20,18.11,44x10 Mobile Office or Similar,44x10 Mobile Office or Similar,Medium Mobile Office - 2 offices + Sm. Open Area (up to 480 SF) - MO4410 or similar,Offices,Mobile Offices,Mobile Offices
MO4410,Engineering & Architecture,2024,2,8,532,196,1.50,4.08,44x10 Mobile Office or Similar,44x10 Mobile Office or Similar,Medium Mobile Office - 2 offices + Sm. Open Area (up to 480 SF) - MO4410 or similar,Offices,Mobile Offices,Mobile Offices
MO4410,Health Care,2025,3,3,460,44,0.65,6.82,44x10 Mobile Office or Similar,44x10 Mobile Office or Similar,Medium Mobile Office - 2 offices + Sm. Open Area (up to 480 SF) - MO4410 or similar,Offices,Mobile Offices,Mobile Offices
MO4410,Health Care,2024,3,1,454,46,0.22,2.17,44x10 Mobile Office or Similar,44x10 Mobile Office or Similar,Medium Mobile Office - 2 offices + Sm. Open Area (up to 480 SF) - MO4410 or similar,Offices,Mobile Offices,Mobile Offices
MO4410,"Arts, Media, Hotels & Entertainment",2025,3,54,460,823,11.74,6.56,44x10 Mobile Office or Similar,44x10 Mobile Office or Similar,Medium Mobile Office - 2 offices + Sm. Open Area (up to 480 SF) - MO4410 or similar,Offices,Mobile Offices,Mobile Offices
MO4410,Mining & Utilities,2025,1,40,530,641,7.55,6.24,44x10 Mobile Office or Similar,44x10 Mobile Office or Similar,Medium Mobile Office - 2 offices + Sm. Open Area (up to 480 SF) - MO4410 or similar,Offices,Mobile Offices,Mobile Offices
MO4410,Manufacturing,2024,1,27,521,537,5.18,5.03,44x10 Mobile Office or Similar,44x10 Mobile Office or Similar,Medium Mobile Office - 2 offices + Sm. Open Area (up to 480 SF) - MO4410 or similar,Offices,Mobile Offices,Mobile Offices
MO4410,Home Builders & Developers,2025,1,79,530,1185,14.91,6.67,44x10 Mobile Office or Similar,44x10 Mobile Office or Similar,Medium Mobile Office - 2 offices + Sm. Open Area (up to 480 SF) - MO4410 or similar,Offices,Mobile Offices,Mobile Offices
MO4410,Non-Residential & GCs,2025,2,98,560,1225,17.50,8.00,44x10 Mobile Office or Similar,44x10 Mobile Office or Similar,Medium Mobile Office - 2 offices + Sm. Open Area (up to 480 SF) - MO4410 or similar,Offices,Mobile Offices,Mobile Offices
MO4410,"Arts, Media, Hotels & Entertainment",2025,2,59,560,854,10.54,6.91,44x10 Mobile Office or Similar,44x10 Mobile Office or Similar,Medium Mobile Office - 2 offices + Sm. Open Area (up to 480 SF) - MO4410 or similar,Offices,Mobile Offices,Mobile Offices
MO4410,Retail & Wholesale Trade,2026,1,24,478,492,5.02,4.88,44x10 Mobile Office or Similar,44x10 Mobile Office or Similar,Medium Mobile Office - 2 offices + Sm. Open Area (up to 480 SF) - MO4410 or similar,Offices,Mobile Offices,Mobile Offices
MO4410,"Educational, Membership & Religious Organizations",2025,4,9,336,176,2.68,5.11,44x10 Mobile Office or Similar,44x10 Mobile Office or Similar,Medium Mobile Office - 2 offices + Sm. Open Area (up to 480 SF) - MO4410 or similar,Offices,Mobile Offices,Mobile Offices
MO4410,Professional Services,2024,4,73,355,1077,20.56,6.78,44x10 Mobile Office or Similar,44x10 Mobile Office or Similar,Medium Mobile Office - 2 offices + Sm. Open Area (up to 480 SF) - MO4410 or similar,Offices,Mobile Offices,Mobile Offices
MO4410,Engineering & Architecture,2024,1,8,521,185,1.54,4.32,44x10 Mobile Office or Similar,44x10 Mobile Office or Similar,Medium Mobile Office - 2 offices + Sm. Open Area (up to 480 SF) - MO4410 or similar,Offices,Mobile Offices,Mobile Offices
MO4410,"Arts, Media, Hotels & Entertainment",2025,1,50,530,829,9.43,6.03,44x10 Mobile Office or Similar,44x10 Mobile Office or Similar,Medium Mobile Office - 2 offices + Sm. Open Area (up to 480 SF) - MO4410 or similar,Offices,Mobile Offices,Mobile Offices
MO4410,Retail & Wholesale Trade,2024,4,16,355,389,4.51,4.11,44x10 Mobile Office or Similar,44x10 Mobile Office or Similar,Medium Mobile Office - 2 offices + Sm. Open Area (up to 480 SF) - MO4410 or similar,Offices,Mobile Offices,Mobile Offices
MO4410,Other,2024,1,10,521,247,1.92,4.05,44x10 Mobile Office or Similar,44x10 Mobile Office or Similar,Medium Mobile Office - 2 offices + Sm. Open Area (up to 480 SF) - MO4410 or similar,Offices,Mobile Offices,Mobile Offices
MO4410,Engineering & Architecture,2024,4,4,355,134,1.13,2.99,44x10 Mobile Office or Similar,44x10 Mobile Office or Similar,Medium Mobile Office - 2 offices + Sm. Open Area (up to 480 SF) - MO4410 or similar,Offices,Mobile Offices,Mobile Offices
MO4410,Health Care,2025,4,1,336,23,0.30,4.35,44x10 Mobile Office or Similar,44x10 Mobile Office or Similar,Medium Mobile Office - 2 offices + Sm. Open Area (up to 480 SF) - MO4410 or similar,Offices,Mobile Offices,Mobile Offices
MO4410,Home Builders & Developers,2026,1,75,478,1104,15.69,6.79,44x10 Mobile Office or Similar,44x10 Mobile Office or Similar,Medium Mobile Office - 2 offices + Sm. Open Area (up to 480 SF) - MO4410 or similar,Offices,Mobile Offices,Mobile Offices
MO4410,"Educational, Membership & Religious Organizations",2024,1,28,521,265,5.37,10.57,44x10 Mobile Office or Similar,44x10 Mobile Office or Similar,Medium Mobile Office - 2 offices + Sm. Open Area (up to 480 SF) - MO4410 or similar,Offices,Mobile Offices,Mobile Offices
MO4410,Mining & Utilities,2024,3,33,454,631,7.27,5.23,44x10 Mobile Office or Similar,44x10 Mobile Office or Similar,Medium Mobile Office - 2 offices + Sm. Open Area (up to 480 SF) - MO4410 or similar,Offices,Mobile Offices,Mobile Offices
MO4410,Home Builders & Developers,2025,2,95,560,1237,16.96,7.68,44x10 Mobile Office or Similar,44x10 Mobile Office or Similar,Medium Mobile Office - 2 offices + Sm. Open Area (up to 480 SF) - MO4410 or similar,Offices,Mobile Offices,Mobile Offices
MO4410,Mining & Utilities,2025,4,12,336,341,3.57,3.52,44x10 Mobile Office or Similar,44x10 Mobile Office or Similar,Medium Mobile Office - 2 offices + Sm. Open Area (up to 480 SF) - MO4410 or similar,Offices,Mobile Offices,Mobile Offices
MO4410,Retail & Wholesale Trade,2025,1,26,530,514,4.91,5.06,44x10 Mobile Office or Similar,44x10 Mobile Office or Similar,Medium Mobile Office - 2 offices + Sm. Open Area (up to 480 SF) - MO4410 or similar,Offices,Mobile Offices,Mobile Offices
MO4410,Public Administration,2025,1,13,530,88,2.45,14.77,44x10 Mobile Office or Similar,44x10 Mobile Office or Similar,Medium Mobile Office - 2 offices + Sm. Open Area (up to 480 SF) - MO4410 or similar,Offices,Mobile Offices,Mobile Offices
MO4410,,2024,3,5,454,62,1.10,8.06,44x10 Mobile Office or Similar,44x10 Mobile Office or Similar,Medium Mobile Office - 2 offices + Sm. Open Area (up to 480 SF) - MO4410 or similar,Offices,Mobile Offices,Mobile Offices
MO4410,,2024,4,2,355,41,0.56,4.88,44x10 Mobile Office or Similar,44x10 Mobile Office or Similar,Medium Mobile Office - 2 offices + Sm. Open Area (up to 480 SF) - MO4410 or similar,Offices,Mobile Offices,Mobile Offices
MO4410,Retail & Wholesale Trade,2025,4,26,336,422,7.74,6.16,44x10 Mobile Office or Similar,44x10 Mobile Office or Similar,Medium Mobile Office - 2 offices + Sm. Open Area (up to 480 SF) - MO4410 or similar,Offices,Mobile Offices,Mobile Offices
MO4410,Non-Residential & GCs,2025,4,61,336,947,18.15,6.44,44x10 Mobile Office or Similar,44x10 Mobile Office or Similar,Medium Mobile Office - 2 offices + Sm. Open Area (up to 480 SF) - MO4410 or similar,Offices,Mobile Offices,Mobile Offices
MO4410,Home Builders & Developers,2025,4,60,336,1022,17.86,5.87,44x10 Mobile Office or Similar,44x10 Mobile Office or Similar,Medium Mobile Office - 2 offices + Sm. Open Area (up to 480 SF) - MO4410 or similar,Offices,Mobile Offices,Mobile Offices
MO4410,Home Builders & Developers,2024,4,53,355,1006,14.93,5.27,44x10 Mobile Office or Similar,44x10 Mobile Office or Similar,Medium Mobile Office - 2 offices + Sm. Open Area (up to 480 SF) - MO4410 or similar,Offices,Mobile Offices,Mobile Offices
MO4410,Mining & Utilities,2024,2,19,532,588,3.57,3.23,44x10 Mobile Office or Similar,44x10 Mobile Office or Similar,Medium Mobile Office - 2 offices + Sm. Open Area (up to 480 SF) - MO4410 or similar,Offices,Mobile Offices,Mobile Offices
MO4410,"Arts, Media, Hotels & Entertainment",2024,4,10,355,312,2.82,3.21,44x10 Mobile Office or Similar,44x10 Mobile Office or Similar,Medium Mobile Office - 2 offices + Sm. Open Area (up to 480 SF) - MO4410 or similar,Offices,Mobile Offices,Mobile Offices
MO4410,Public Administration,2024,4,4,355,108,1.13,3.70,44x10 Mobile Office or Similar,44x10 Mobile Office or Similar,Medium Mobile Office - 2 offices + Sm. Open Area (up to 480 SF) - MO4410 or similar,Offices,Mobile Offices,Mobile Offices
MO4410,Health Care,2024,4,2,355,25,0.56,8.00,44x10 Mobile Office or Similar,44x10 Mobile Office or Similar,Medium Mobile Office - 2 offices + Sm. Open Area (up to 480 SF) - MO4410 or similar,Offices,Mobile Offices,Mobile Offices
MO4410,Other,2025,2,3,560,176,0.54,1.70,44x10 Mobile Office or Similar,44x10 Mobile Office or Similar,Medium Mobile Office - 2 offices + Sm. Open Area (up to 480 SF) - MO4410 or similar,Offices,Mobile Offices,Mobile Offices
MO4410,Public Administration,2025,4,2,336,104,0.60,1.92,44x10 Mobile Office or Similar,44x10 Mobile Office or Similar,Medium Mobile Office - 2 offices + Sm. Open Area (up to 480 SF) - MO4410 or similar,Offices,Mobile Offices,Mobile Offices
MO4410,"Arts, Media, Hotels & Entertainment",2025,4,19,336,258,5.65,7.36,44x10 Mobile Office or Similar,44x10 Mobile Office or Similar,Medium Mobile Office - 2 offices + Sm. Open Area (up to 480 SF) - MO4410 or similar,Offices,Mobile Offices,Mobile Offices
MO4410,Retail & Wholesale Trade,2024,1,41,521,614,7.87,6.68,44x10 Mobile Office or Similar,44x10 Mobile Office or Similar,Medium Mobile Office - 2 offices + Sm. Open Area (up to 480 SF) - MO4410 or similar,Offices,Mobile Offices,Mobile Offices
MO4410,Professional Services,2024,1,67,521,1538,12.86,4.36,44x10 Mobile Office or Similar,44x10 Mobile Office or Similar,Medium Mobile Office - 2 offices + Sm. Open Area (up to 480 SF) - MO4410 or similar,Offices,Mobile Offices,Mobile Offices
MO4410,Other,2024,3,4,454,151,0.88,2.65,44x10 Mobile Office or Similar,44x10 Mobile Office or Similar,Medium Mobile Office - 2 offices + Sm. Open Area (up to 480 SF) - MO4410 or similar,Offices,Mobile Offices,Mobile Offices
MO4410,Engineering & Architecture,2025,4,11,336,129,3.27,8.53,44x10 Mobile Office or Similar,44x10 Mobile Office or Similar,Medium Mobile Office - 2 offices + Sm. Open Area (up to 480 SF) - MO4410 or similar,Offices,Mobile Offices,Mobile Offices
MO4410,,2025,2,3,560,51,0.54,5.88,44x10 Mobile Office or Similar,44x10 Mobile Office or Similar,Medium Mobile Office - 2 offices + Sm. Open Area (up to 480 SF) - MO4410 or similar,Offices,Mobile Offices,Mobile Offices
MO4410,Home Builders & Developers,2025,3,88,460,1104,19.13,7.97,44x10 Mobile Office or Similar,44x10 Mobile Office or Similar,Medium Mobile Office - 2 offices + Sm. Open Area (up to 480 SF) - MO4410 or similar,Offices,Mobile Offices,Mobile Offices
MO4410,Home Builders & Developers,2024,3,76,454,1231,16.74,6.17,44x10 Mobile Office or Similar,44x10 Mobile Office or Similar,Medium Mobile Office - 2 offices + Sm. Open Area (up to 480 SF) - MO4410 or similar,Offices,Mobile Offices,Mobile Offices
MO4410,"Arts, Media, Hotels & Entertainment",2026,2,23,250,313,9.20,7.35,44x10 Mobile Office or Similar,44x10 Mobile Office or Similar,Medium Mobile Office - 2 offices + Sm. Open Area (up to 480 SF) - MO4410 or similar,Offices,Mobile Offices,Mobile Offices
MO4410,Subcontractors,2025,2,70,560,925,12.50,7.57,44x10 Mobile Office or Similar,44x10 Mobile Office or Similar,Medium Mobile Office - 2 offices + Sm. Open Area (up to 480 SF) - MO4410 or similar,Offices,Mobile Offices,Mobile Offices
MO4410,Highway & Heavy Construction,2025,1,26,530,286,4.91,9.09,44x10 Mobile Office or Similar,44x10 Mobile Office or Similar,Medium Mobile Office - 2 offices + Sm. Open Area (up to 480 SF) - MO4410 or similar,Offices,Mobile Offices,Mobile Offices
MO4410,Professional Services,2025,1,72,530,1459,13.58,4.93,44x10 Mobile Office or Similar,44x10 Mobile Office or Similar,Medium Mobile Office - 2 offices + Sm. Open Area (up to 480 SF) - MO4410 or similar,Offices,Mobile Offices,Mobile Offices
MO4410,Retail & Wholesale Trade,2025,3,24,460,438,5.22,5.48,44x10 Mobile Office or Similar,44x10 Mobile Office or Similar,Medium Mobile Office - 2 offices + Sm. Open Area (up to 480 SF) - MO4410 or similar,Offices,Mobile Offices,Mobile Offices
MO4410,Non-Residential & GCs,2024,1,74,521,1210,14.20,6.12,44x10 Mobile Office or Similar,44x10 Mobile Office or Similar,Medium Mobile Office - 2 offices + Sm. Open Area (up to 480 SF) - MO4410 or similar,Offices,Mobile Offices,Mobile Offices
MO4410,Highway & Heavy Construction,2026,2,13,250,153,5.20,8.50,44x10 Mobile Office or Similar,44x10 Mobile Office or Similar,Medium Mobile Office - 2 offices + Sm. Open Area (up to 480 SF) - MO4410 or similar,Offices,Mobile Offices,Mobile Offices
MO4410,Retail & Wholesale Trade,2024,3,26,454,508,5.73,5.12,44x10 Mobile Office or Similar,44x10 Mobile Office or Similar,Medium Mobile Office - 2 offices + Sm. Open Area (up to 480 SF) - MO4410 or similar,Offices,Mobile Offices,Mobile Offices
MO4410,Highway & Heavy Construction,2026,1,19,478,300,3.97,6.33,44x10 Mobile Office or Similar,44x10 Mobile Office or Similar,Medium Mobile Office - 2 offices + Sm. Open Area (up to 480 SF) - MO4410 or similar,Offices,Mobile Offices,Mobile Offices
MO4410,Highway & Heavy Construction,2025,4,10,336,254,2.98,3.94,44x10 Mobile Office or Similar,44x10 Mobile Office or Similar,Medium Mobile Office - 2 offices + Sm. Open Area (up to 480 SF) - MO4410 or similar,Offices,Mobile Offices,Mobile Offices
MO4410,Highway & Heavy Construction,2024,4,23,355,280,6.48,8.21,44x10 Mobile Office or Similar,44x10 Mobile Office or Similar,Medium Mobile Office - 2 offices + Sm. Open Area (up to 480 SF) - MO4410 or similar,Offices,Mobile Offices,Mobile Offices
MO4410,"Arts, Media, Hotels & Entertainment",2024,1,55,521,898,10.56,6.12,44x10 Mobile Office or Similar,44x10 Mobile Office or Similar,Medium Mobile Office - 2 offices + Sm. Open Area (up to 480 SF) - MO4410 or similar,Offices,Mobile Offices,Mobile Offices
MO4410,Non-Residential & GCs,2024,4,58,355,979,16.34,5.92,44x10 Mobile Office or Similar,44x10 Mobile Office or Similar,Medium Mobile Office - 2 offices + Sm. Open Area (up to 480 SF) - MO4410 or similar,Offices,Mobile Offices,Mobile Offices
MO4410,Subcontractors,2024,1,59,521,1039,11.32,5.68,44x10 Mobile Office or Similar,44x10 Mobile Office or Similar,Medium Mobile Office - 2 offices + Sm. Open Area (up to 480 SF) - MO4410 or similar,Offices,Mobile Offices,Mobile Offices
MO4410,Non-Residential & GCs,2025,1,86,530,1032,16.23,8.33,44x10 Mobile Office or Similar,44x10 Mobile Office or Similar,Medium Mobile Office - 2 offices + Sm. Open Area (up to 480 SF) - MO4410 or similar,Offices,Mobile Offices,Mobile Offices
MO4410,Mining & Utilities,2026,1,44,478,615,9.21,7.15,44x10 Mobile Office or Similar,44x10 Mobile Office or Similar,Medium Mobile Office - 2 offices + Sm. Open Area (up to 480 SF) - MO4410 or similar,Offices,Mobile Offices,Mobile Offices
MO4410,Highway & Heavy Construction,2024,2,20,532,360,3.76,5.56,44x10 Mobile Office or Similar,44x10 Mobile Office or Similar,Medium Mobile Office - 2 offices + Sm. Open Area (up to 480 SF) - MO4410 or similar,Offices,Mobile Offices,Mobile Offices
MO4410,Engineering & Architecture,2025,2,14,560,164,2.50,8.54,44x10 Mobile Office or Similar,44x10 Mobile Office or Similar,Medium Mobile Office - 2 offices + Sm. Open Area (up to 480 SF) - MO4410 or similar,Offices,Mobile Offices,Mobile Offices
MO4410,Mining & Utilities,2025,3,35,460,438,7.61,7.99,44x10 Mobile Office or Similar,44x10 Mobile Office or Similar,Medium Mobile Office - 2 offices + Sm. Open Area (up to 480 SF) - MO4410 or similar,Offices,Mobile Offices,Mobile Offices
MO4410,"Educational, Membership & Religious Organizations",2025,1,28,530,178,5.28,15.73,44x10 Mobile Office or Similar,44x10 Mobile Office or Similar,Medium Mobile Office - 2 offices + Sm. Open Area (up to 480 SF) - MO4410 or similar,Offices,Mobile Offices,Mobile Offices
MO4410,Manufacturing,2025,2,29,560,497,5.18,5.84,44x10 Mobile Office or Similar,44x10 Mobile Office or Similar,Medium Mobile Office - 2 offices + Sm. Open Area (up to 480 SF) - MO4410 or similar,Offices,Mobile Offices,Mobile Offices
MO4410,Highway & Heavy Construction,2024,1,14,521,363,2.69,3.86,44x10 Mobile Office or Similar,44x10 Mobile Office or Similar,Medium Mobile Office - 2 offices + Sm. Open Area (up to 480 SF) - MO4410 or similar,Offices,Mobile Offices,Mobile Offices
MO4410,Public Administration,2024,2,3,532,127,0.56,2.36,44x10 Mobile Office or Similar,44x10 Mobile Office or Similar,Medium Mobile Office - 2 offices + Sm. Open Area (up to 480 SF) - MO4410 or similar,Offices,Mobile Offices,Mobile Offices
MO4410,Subcontractors,2024,4,45,355,743,12.68,6.06,44x10 Mobile Office or Similar,44x10 Mobile Office or Similar,Medium Mobile Office - 2 offices + Sm. Open Area (up to 480 SF) - MO4410 or similar,Offices,Mobile Offices,Mobile Offices
MO4410,"Educational, Membership & Religious Organizations",2024,4,7,355,160,1.97,4.38,44x10 Mobile Office or Similar,44x10 Mobile Office or Similar,Medium Mobile Office - 2 offices + Sm. Open Area (up to 480 SF) - MO4410 or similar,Offices,Mobile Offices,Mobile Offices
MO4410,"Arts, Media, Hotels & Entertainment",2024,2,84,532,1014,15.79,8.28,44x10 Mobile Office or Similar,44x10 Mobile Office or Similar,Medium Mobile Office - 2 offices + Sm. Open Area (up to 480 SF) - MO4410 or similar,Offices,Mobile Offices,Mobile Offices
MO4410,Retail & Wholesale Trade,2024,2,28,532,554,5.26,5.05,44x10 Mobile Office or Similar,44x10 Mobile Office or Similar,Medium Mobile Office - 2 offices + Sm. Open Area (up to 480 SF) - MO4410 or similar,Offices,Mobile Offices,Mobile Offices
MO4410,Manufacturing,2026,1,20,478,583,4.18,3.43,44x10 Mobile Office or Similar,44x10 Mobile Office or Similar,Medium Mobile Office - 2 offices + Sm. Open Area (up to 480 SF) - MO4410 or similar,Offices,Mobile Offices,Mobile Offices
MO4410,Other,2024,4,3,355,62,0.85,4.84,44x10 Mobile Office or Similar,44x10 Mobile Office or Similar,Medium Mobile Office - 2 offices + Sm. Open Area (up to 480 SF) - MO4410 or similar,Offices,Mobile Offices,Mobile Offices
MO4410,Manufacturing,2026,2,7,250,184,2.80,3.80,44x10 Mobile Office or Similar,44x10 Mobile Office or Similar,Medium Mobile Office - 2 offices + Sm. Open Area (up to 480 SF) - MO4410 or similar,Offices,Mobile Offices,Mobile Offices
MO4410,Health Care,2026,2,2,250,18,0.80,11.11,44x10 Mobile Office or Similar,44x10 Mobile Office or Similar,Medium Mobile Office - 2 offices + Sm. Open Area (up to 480 SF) - MO4410 or similar,Offices,Mobile Offices,Mobile Offices
MO4410,Professional Services,2025,2,85,560,1340,15.18,6.34,44x10 Mobile Office or Similar,44x10 Mobile Office or Similar,Medium Mobile Office - 2 offices + Sm. Open Area (up to 480 SF) - MO4410 or similar,Offices,Mobile Offices,Mobile Offices
MO4410,Non-Residential & GCs,2024,3,62,454,1153,13.66,5.38,44x10 Mobile Office or Similar,44x10 Mobile Office or Similar,Medium Mobile Office - 2 offices + Sm. Open Area (up to 480 SF) - MO4410 or similar,Offices,Mobile Offices,Mobile Offices
MO4410,Manufacturing,2024,2,18,532,507,3.38,3.55,44x10 Mobile Office or Similar,44x10 Mobile Office or Similar,Medium Mobile Office - 2 offices + Sm. Open Area (up to 480 SF) - MO4410 or similar,Offices,Mobile Offices,Mobile Offices
MO4410,Public Administration,2024,1,9,521,96,1.73,9.38,44x10 Mobile Office or Similar,44x10 Mobile Office or Similar,Medium Mobile Office - 2 offices + Sm. Open Area (up to 480 SF) - MO4410 or similar,Offices,Mobile Offices,Mobile Offices
MO4410,"Educational, Membership & Religious Organizations",2025,3,6,460,124,1.30,4.84,44x10 Mobile Office or Similar,44x10 Mobile Office or Similar,Medium Mobile Office - 2 offices + Sm. Open Area (up to 480 SF) - MO4410 or similar,Offices,Mobile Offices,Mobile Offices
MO4410,Public Administration,2025,2,4,560,137,0.71,2.92,44x10 Mobile Office or Similar,44x10 Mobile Office or Similar,Medium Mobile Office - 2 offices + Sm. Open Area (up to 480 SF) - MO4410 or similar,Offices,Mobile Offices,Mobile Offices
MO4410,,2026,1,3,478,54,0.63,5.56,44x10 Mobile Office or Similar,44x10 Mobile Office or Similar,Medium Mobile Office - 2 offices + Sm. Open Area (up to 480 SF) - MO4410 or similar,Offices,Mobile Offices,Mobile Offices
MO4410,,2025,1,1,530,53,0.19,1.89,44x10 Mobile Office or Similar,44x10 Mobile Office or Similar,Medium Mobile Office - 2 offices + Sm. Open Area (up to 480 SF) - MO4410 or similar,Offices,Mobile Offices,Mobile Offices
MO4410,Mining & Utilities,2024,4,29,355,433,8.17,6.70,44x10 Mobile Office or Similar,44x10 Mobile Office or Similar,Medium Mobile Office - 2 offices + Sm. Open Area (up to 480 SF) - MO4410 or similar,Offices,Mobile Offices,Mobile Offices
MO4410,Retail & Wholesale Trade,2025,2,26,560,462,4.64,5.63,44x10 Mobile Office or Similar,44x10 Mobile Office or Similar,Medium Mobile Office - 2 offices + Sm. Open Area (up to 480 SF) - MO4410 or similar,Offices,Mobile Offices,Mobile Offices
MO4410,Manufacturing,2025,1,34,530,630,6.42,5.40,44x10 Mobile Office or Similar,44x10 Mobile Office or Similar,Medium Mobile Office - 2 offices + Sm. Open Area (up to 480 SF) - MO4410 or similar,Offices,Mobile Offices,Mobile Offices
MO4410,Non-Residential & GCs,2024,2,88,532,1460,16.54,6.03,44x10 Mobile Office or Similar,44x10 Mobile Office or Similar,Medium Mobile Office - 2 offices + Sm. Open Area (up to 480 SF) - MO4410 or similar,Offices,Mobile Offices,Mobile Offices
MO4410,Mining & Utilities,2024,1,53,521,732,10.17,7.24,44x10 Mobile Office or Similar,44x10 Mobile Office or Similar,Medium Mobile Office - 2 offices + Sm. Open Area (up to 480 SF) - MO4410 or similar,Offices,Mobile Offices,Mobile Offices
MO4410,Professional Services,2026,2,29,250,574,11.60,5.05,44x10 Mobile Office or Similar,44x10 Mobile Office or Similar,Medium Mobile Office - 2 offices + Sm. Open Area (up to 480 SF) - MO4410 or similar,Offices,Mobile Offices,Mobile Offices
MO4410,Highway & Heavy Construction,2025,3,12,460,282,2.61,4.26,44x10 Mobile Office or Similar,44x10 Mobile Office or Similar,Medium Mobile Office - 2 offices + Sm. Open Area (up to 480 SF) - MO4410 or similar,Offices,Mobile Offices,Mobile Offices
MO4410,"Educational, Membership & Religious Organizations",2024,3,8,454,178,1.76,4.49,44x10 Mobile Office or Similar,44x10 Mobile Office or Similar,Medium Mobile Office - 2 offices + Sm. Open Area (up to 480 SF) - MO4410 or similar,Offices,Mobile Offices,Mobile Offices
MO4410,Other,2025,3,4,460,98,0.87,4.08,44x10 Mobile Office or Similar,44x10 Mobile Office or Similar,Medium Mobile Office - 2 offices + Sm. Open Area (up to 480 SF) - MO4410 or similar,Offices,Mobile Offices,Mobile Offices
MO4410,Retail & Wholesale Trade,2026,2,15,250,215,6.00,6.98,44x10 Mobile Office or Similar,44x10 Mobile Office or Similar,Medium Mobile Office - 2 offices + Sm. Open Area (up to 480 SF) - MO4410 or similar,Offices,Mobile Offices,Mobile Offices
HQ208,"Arts, Media, Hotels & Entertainment",2024,3,103,173,1158,59.54,8.89,20x8 HQ Ground Level Office,HQ Ground Level Office - 20' x 8',Small HQ Ground Level Office+ (160 SF),Offices,Ground Level Offices,Standard Ground Level Offices
HQ208,Home Builders & Developers,2025,1,27,77,1185,35.06,2.28,20x8 HQ Ground Level Office,HQ Ground Level Office - 20' x 8',Small HQ Ground Level Office+ (160 SF),Offices,Ground Level Offices,Standard Ground Level Offices
HQ208,Home Builders & Developers,2025,4,16,70,1022,22.86,1.57,20x8 HQ Ground Level Office,HQ Ground Level Office - 20' x 8',Small HQ Ground Level Office+ (160 SF),Offices,Ground Level Offices,Standard Ground Level Offices
HQ208,Public Administration,2024,3,4,173,115,2.31,3.48,20x8 HQ Ground Level Office,HQ Ground Level Office - 20' x 8',Small HQ Ground Level Office+ (160 SF),Offices,Ground Level Offices,Standard Ground Level Offices
HQ208,Non-Residential & GCs,2024,1,13,201,1210,6.47,1.07,20x8 HQ Ground Level Office,HQ Ground Level Office - 20' x 8',Small HQ Ground Level Office+ (160 SF),Offices,Ground Level Offices,Standard Ground Level Offices
HQ208,Professional Services,2025,2,12,85,1340,14.12,0.90,20x8 HQ Ground Level Office,HQ Ground Level Office - 20' x 8',Small HQ Ground Level Office+ (160 SF),Offices,Ground Level Offices,Standard Ground Level Offices
HQ208,Other,2024,1,1,201,247,0.50,0.40,20x8 HQ Ground Level Office,HQ Ground Level Office - 20' x 8',Small HQ Ground Level Office+ (160 SF),Offices,Ground Level Offices,Standard Ground Level Offices
HQ208,"Arts, Media, Hotels & Entertainment",2024,1,133,201,898,66.17,14.81,20x8 HQ Ground Level Office,HQ Ground Level Office - 20' x 8',Small HQ Ground Level Office+ (160 SF),Offices,Ground Level Offices,Standard Ground Level Offices
HQ208,Professional Services,2025,3,7,36,1275,19.44,0.55,20x8 HQ Ground Level Office,HQ Ground Level Office - 20' x 8',Small HQ Ground Level Office+ (160 SF),Offices,Ground Level Offices,Standard Ground Level Offices
HQ208,"Educational, Membership & Religious Organizations",2024,2,9,97,248,9.28,3.63,20x8 HQ Ground Level Office,HQ Ground Level Office - 20' x 8',Small HQ Ground Level Office+ (160 SF),Offices,Ground Level Offices,Standard Ground Level Offices
HQ208,Subcontractors,2024,3,4,173,980,2.31,0.41,20x8 HQ Ground Level Office,HQ Ground Level Office - 20' x 8',Small HQ Ground Level Office+ (160 SF),Offices,Ground Level Offices,Standard Ground Level Offices
HQ208,Highway & Heavy Construction,2024,2,2,97,360,2.06,0.56,20x8 HQ Ground Level Office,HQ Ground Level Office - 20' x 8',Small HQ Ground Level Office+ (160 SF),Offices,Ground Level Offices,Standard Ground Level Offices
HQ208,Manufacturing,2025,4,1,70,339,1.43,0.30,20x8 HQ Ground Level Office,HQ Ground Level Office - 20' x 8',Small HQ Ground Level Office+ (160 SF),Offices,Ground Level Offices,Standard Ground Level Offices
HQ208,Home Builders & Developers,2024,2,19,97,1349,19.59,1.41,20x8 HQ Ground Level Office,HQ Ground Level Office - 20' x 8',Small HQ Ground Level Office+ (160 SF),Offices,Ground Level Offices,Standard Ground Level Offices
HQ208,Professional Services,2024,4,23,47,1077,48.94,2.14,20x8 HQ Ground Level Office,HQ Ground Level Office - 20' x 8',Small HQ Ground Level Office+ (160 SF),Offices,Ground Level Offices,Standard Ground Level Offices
HQ208,Retail & Wholesale Trade,2024,2,10,97,554,10.31,1.81,20x8 HQ Ground Level Office,HQ Ground Level Office - 20' x 8',Small HQ Ground Level Office+ (160 SF),Offices,Ground Level Offices,Standard Ground Level Offices
HQ208,Engineering & Architecture,2025,2,2,85,164,2.35,1.22,20x8 HQ Ground Level Office,HQ Ground Level Office - 20' x 8',Small HQ Ground Level Office+ (160 SF),Offices,Ground Level Offices,Standard Ground Level Offices
HQ208,"Educational, Membership & Religious Organizations",2025,3,3,36,124,8.33,2.42,20x8 HQ Ground Level Office,HQ Ground Level Office - 20' x 8',Small HQ Ground Level Office+ (160 SF),Offices,Ground Level Offices,Standard Ground Level Offices
HQ208,Manufacturing,2024,4,3,47,375,6.38,0.80,20x8 HQ Ground Level Office,HQ Ground Level Office - 20' x 8',Small HQ Ground Level Office+ (160 SF),Offices,Ground Level Offices,Standard Ground Level Offices
HQ208,Highway & Heavy Construction,2024,3,2,173,315,1.16,0.63,20x8 HQ Ground Level Office,HQ Ground Level Office - 20' x 8',Small HQ Ground Level Office+ (160 SF),Offices,Ground Level Offices,Standard Ground Level Offices
HQ208,Mining & Utilities,2025,3,1,36,438,2.78,0.23,20x8 HQ Ground Level Office,HQ Ground Level Office - 20' x 8',Small HQ Ground Level Office+ (160 SF),Offices,Ground Level Offices,Standard Ground Level Offices
HQ208,Manufacturing,2024,1,1,201,537,0.50,0.19,20x8 HQ Ground Level Office,HQ Ground Level Office - 20' x 8',Small HQ Ground Level Office+ (160 SF),Offices,Ground Level Offices,Standard Ground Level Offices
HQ208,Professional Services,2026,1,4,35,1635,11.43,0.24,20x8 HQ Ground Level Office,HQ Ground Level Office - 20' x 8',Small HQ Ground Level Office+ (160 SF),Offices,Ground Level Offices,Standard Ground Level Offices
HQ208,Manufacturing,2024,2,8,97,507,8.25,1.58,20x8 HQ Ground Level Office,HQ Ground Level Office - 20' x 8',Small HQ Ground Level Office+ (160 SF),Offices,Ground Level Offices,Standard Ground Level Offices
HQ208,,2025,4,3,70,40,4.29,7.50,20x8 HQ Ground Level Office,HQ Ground Level Office - 20' x 8',Small HQ Ground Level Office+ (160 SF),Offices,Ground Level Offices,Standard Ground Level Offices
HQ208,Other,2024,2,1,97,188,1.03,0.53,20x8 HQ Ground Level Office,HQ Ground Level Office - 20' x 8',Small HQ Ground Level Office+ (160 SF),Offices,Ground Level Offices,Standard Ground Level Offices
HQ208,Other,2024,4,1,47,62,2.13,1.61,20x8 HQ Ground Level Office,HQ Ground Level Office - 20' x 8',Small HQ Ground Level Office+ (160 SF),Offices,Ground Level Offices,Standard Ground Level Offices
HQ208,Public Administration,2024,4,1,47,108,2.13,0.93,20x8 HQ Ground Level Office,HQ Ground Level Office - 20' x 8',Small HQ Ground Level Office+ (160 SF),Offices,Ground Level Offices,Standard Ground Level Offices
HQ208,Non-Residential & GCs,2025,4,10,70,947,14.29,1.06,20x8 HQ Ground Level Office,HQ Ground Level Office - 20' x 8',Small HQ Ground Level Office+ (160 SF),Offices,Ground Level Offices,Standard Ground Level Offices
HQ208,Non-Residential & GCs,2024,3,19,173,1153,10.98,1.65,20x8 HQ Ground Level Office,HQ Ground Level Office - 20' x 8',Small HQ Ground Level Office+ (160 SF),Offices,Ground Level Offices,Standard Ground Level Offices
HQ208,Subcontractors,2026,1,6,35,887,17.14,0.68,20x8 HQ Ground Level Office,HQ Ground Level Office - 20' x 8',Small HQ Ground Level Office+ (160 SF),Offices,Ground Level Offices,Standard Ground Level Offices
HQ208,Highway & Heavy Construction,2025,4,2,70,254,2.86,0.79,20x8 HQ Ground Level Office,HQ Ground Level Office - 20' x 8',Small HQ Ground Level Office+ (160 SF),Offices,Ground Level Offices,Standard Ground Level Offices
HQ208,Health Care,2026,1,1,35,35,2.86,2.86,20x8 HQ Ground Level Office,HQ Ground Level Office - 20' x 8',Small HQ Ground Level Office+ (160 SF),Offices,Ground Level Offices,Standard Ground Level Offices
HQ208,,2024,3,1,173,62,0.58,1.61,20x8 HQ Ground Level Office,HQ Ground Level Office - 20' x 8',Small HQ Ground Level Office+ (160 SF),Offices,Ground Level Offices,Standard Ground Level Offices
HQ208,,2025,2,1,85,51,1.18,1.96,20x8 HQ Ground Level Office,HQ Ground Level Office - 20' x 8',Small HQ Ground Level Office+ (160 SF),Offices,Ground Level Offices,Standard Ground Level Offices
HQ208,Retail & Wholesale Trade,2026,1,3,35,492,8.57,0.61,20x8 HQ Ground Level Office,HQ Ground Level Office - 20' x 8',Small HQ Ground Level Office+ (160 SF),Offices,Ground Level Offices,Standard Ground Level Offices
HQ208,Public Administration,2026,1,1,35,123,2.86,0.81,20x8 HQ Ground Level Office,HQ Ground Level Office - 20' x 8',Small HQ Ground Level Office+ (160 SF),Offices,Ground Level Offices,Standard Ground Level Offices
HQ208,"Educational, Membership & Religious Organizations",2025,1,1,77,178,1.30,0.56,20x8 HQ Ground Level Office,HQ Ground Level Office - 20' x 8',Small HQ Ground Level Office+ (160 SF),Offices,Ground Level Offices,Standard Ground Level Offices
HQ208,Subcontractors,2025,2,8,85,925,9.41,0.86,20x8 HQ Ground Level Office,HQ Ground Level Office - 20' x 8',Small HQ Ground Level Office+ (160 SF),Offices,Ground Level Offices,Standard Ground Level Offices
HQ208,Professional Services,2024,3,23,173,1511,13.29,1.52,20x8 HQ Ground Level Office,HQ Ground Level Office - 20' x 8',Small HQ Ground Level Office+ (160 SF),Offices,Ground Level Offices,Standard Ground Level Offices
HQ208,Subcontractors,2024,1,8,201,1039,3.98,0.77,20x8 HQ Ground Level Office,HQ Ground Level Office - 20' x 8',Small HQ Ground Level Office+ (160 SF),Offices,Ground Level Offices,Standard Ground Level Offices
HQ208,Retail & Wholesale Trade,2025,2,3,85,462,3.53,0.65,20x8 HQ Ground Level Office,HQ Ground Level Office - 20' x 8',Small HQ Ground Level Office+ (160 SF),Offices,Ground Level Offices,Standard Ground Level Offices
HQ208,"Arts, Media, Hotels & Entertainment",2026,2,5,24,313,20.83,1.60,20x8 HQ Ground Level Office,HQ Ground Level Office - 20' x 8',Small HQ Ground Level Office+ (160 SF),Offices,Ground Level Offices,Standard Ground Level Offices
HQ208,Subcontractors,2024,4,3,47,743,6.38,0.40,20x8 HQ Ground Level Office,HQ Ground Level Office - 20' x 8',Small HQ Ground Level Office+ (160 SF),Offices,Ground Level Offices,Standard Ground Level Offices
HQ208,Highway & Heavy Construction,2024,4,2,47,280,4.26,0.71,20x8 HQ Ground Level Office,HQ Ground Level Office - 20' x 8',Small HQ Ground Level Office+ (160 SF),Offices,Ground Level Offices,Standard Ground Level Offices
HQ208,Professional Services,2025,4,13,70,954,18.57,1.36,20x8 HQ Ground Level Office,HQ Ground Level Office - 20' x 8',Small HQ Ground Level Office+ (160 SF),Offices,Ground Level Offices,Standard Ground Level Offices
HQ208,Engineering & Architecture,2025,3,4,36,155,11.11,2.58,20x8 HQ Ground Level Office,HQ Ground Level Office - 20' x 8',Small HQ Ground Level Office+ (160 SF),Offices,Ground Level Offices,Standard Ground Level Offices
HQ208,Retail & Wholesale Trade,2024,1,6,201,614,2.99,0.98,20x8 HQ Ground Level Office,HQ Ground Level Office - 20' x 8',Small HQ Ground Level Office+ (160 SF),Offices,Ground Level Offices,Standard Ground Level Offices
HQ208,Subcontractors,2024,2,2,97,1051,2.06,0.19,20x8 HQ Ground Level Office,HQ Ground Level Office - 20' x 8',Small HQ Ground Level Office+ (160 SF),Offices,Ground Level Offices,Standard Ground Level Offices
HQ208,"Educational, Membership & Religious Organizations",2024,1,2,201,265,1.00,0.75,20x8 HQ Ground Level Office,HQ Ground Level Office - 20' x 8',Small HQ Ground Level Office+ (160 SF),Offices,Ground Level Offices,Standard Ground Level Offices
HQ208,Public Administration,2024,1,1,201,96,0.50,1.04,20x8 HQ Ground Level Office,HQ Ground Level Office - 20' x 8',Small HQ Ground Level Office+ (160 SF),Offices,Ground Level Offices,Standard Ground Level Offices
HQ208,Mining & Utilities,2024,3,1,173,631,0.58,0.16,20x8 HQ Ground Level Office,HQ Ground Level Office - 20' x 8',Small HQ Ground Level Office+ (160 SF),Offices,Ground Level Offices,Standard Ground Level Offices
HQ208,Subcontractors,2025,1,8,77,925,10.39,0.86,20x8 HQ Ground Level Office,HQ Ground Level Office - 20' x 8',Small HQ Ground Level Office+ (160 SF),Offices,Ground Level Offices,Standard Ground Level Offices
HQ208,Non-Residential & GCs,2025,3,3,36,1030,8.33,0.29,20x8 HQ Ground Level Office,HQ Ground Level Office - 20' x 8',Small HQ Ground Level Office+ (160 SF),Offices,Ground Level Offices,Standard Ground Level Offices
HQ208,Home Builders & Developers,2026,2,5,24,471,20.83,1.06,20x8 HQ Ground Level Office,HQ Ground Level Office - 20' x 8',Small HQ Ground Level Office+ (160 SF),Offices,Ground Level Offices,Standard Ground Level Offices
HQ208,Mining & Utilities,2025,4,2,70,341,2.86,0.59,20x8 HQ Ground Level Office,HQ Ground Level Office - 20' x 8',Small HQ Ground Level Office+ (160 SF),Offices,Ground Level Offices,Standard Ground Level Offices
HQ208,Highway & Heavy Construction,2026,1,1,35,300,2.86,0.33,20x8 HQ Ground Level Office,HQ Ground Level Office - 20' x 8',Small HQ Ground Level Office+ (160 SF),Offices,Ground Level Offices,Standard Ground Level Offices
HQ208,Subcontractors,2025,3,1,36,943,2.78,0.11,20x8 HQ Ground Level Office,HQ Ground Level Office - 20' x 8',Small HQ Ground Level Office+ (160 SF),Offices,Ground Level Offices,Standard Ground Level Offices
HQ208,Manufacturing,2025,3,1,36,477,2.78,0.21,20x8 HQ Ground Level Office,HQ Ground Level Office - 20' x 8',Small HQ Ground Level Office+ (160 SF),Offices,Ground Level Offices,Standard Ground Level Offices
HQ208,Home Builders & Developers,2024,1,15,201,1228,7.46,1.22,20x8 HQ Ground Level Office,HQ Ground Level Office - 20' x 8',Small HQ Ground Level Office+ (160 SF),Offices,Ground Level Offices,Standard Ground Level Offices
HQ208,"Arts, Media, Hotels & Entertainment",2025,4,16,70,258,22.86,6.20,20x8 HQ Ground Level Office,HQ Ground Level Office - 20' x 8',Small HQ Ground Level Office+ (160 SF),Offices,Ground Level Offices,Standard Ground Level Offices
HQ208,Manufacturing,2026,2,6,24,184,25.00,3.26,20x8 HQ Ground Level Office,HQ Ground Level Office - 20' x 8',Small HQ Ground Level Office+ (160 SF),Offices,Ground Level Offices,Standard Ground Level Offices
HQ208,Non-Residential & GCs,2025,2,9,85,1225,10.59,0.73,20x8 HQ Ground Level Office,HQ Ground Level Office - 20' x 8',Small HQ Ground Level Office+ (160 SF),Offices,Ground Level Offices,Standard Ground Level Offices
HQ208,Public Administration,2025,3,2,36,105,5.56,1.90,20x8 HQ Ground Level Office,HQ Ground Level Office - 20' x 8',Small HQ Ground Level Office+ (160 SF),Offices,Ground Level Offices,Standard Ground Level Offices
HQ208,"Arts, Media, Hotels & Entertainment",2025,2,21,85,854,24.71,2.46,20x8 HQ Ground Level Office,HQ Ground Level Office - 20' x 8',Small HQ Ground Level Office+ (160 SF),Offices,Ground Level Offices,Standard Ground Level Offices
HQ208,Non-Residential & GCs,2024,4,7,47,979,14.89,0.72,20x8 HQ Ground Level Office,HQ Ground Level Office - 20' x 8',Small HQ Ground Level Office+ (160 SF),Offices,Ground Level Offices,Standard Ground Level Offices
HQ208,Home Builders & Developers,2025,3,7,36,1104,19.44,0.63,20x8 HQ Ground Level Office,HQ Ground Level Office - 20' x 8',Small HQ Ground Level Office+ (160 SF),Offices,Ground Level Offices,Standard Ground Level Offices
HQ208,Non-Residential & GCs,2026,2,1,24,450,4.17,0.22,20x8 HQ Ground Level Office,HQ Ground Level Office - 20' x 8',Small HQ Ground Level Office+ (160 SF),Offices,Ground Level Offices,Standard Ground Level Offices
HQ208,Other,2025,3,1,36,98,2.78,1.02,20x8 HQ Ground Level Office,HQ Ground Level Office - 20' x 8',Small HQ Ground Level Office+ (160 SF),Offices,Ground Level Offices,Standard Ground Level Offices
HQ208,Engineering & Architecture,2025,4,1,70,129,1.43,0.78,20x8 HQ Ground Level Office,HQ Ground Level Office - 20' x 8',Small HQ Ground Level Office+ (160 SF),Offices,Ground Level Offices,Standard Ground Level Offices
HQ208,"Arts, Media, Hotels & Entertainment",2024,2,19,97,1014,19.59,1.87,20x8 HQ Ground Level Office,HQ Ground Level Office - 20' x 8',Small HQ Ground Level Office+ (160 SF),Offices,Ground Level Offices,Standard Ground Level Offices
HQ208,"Arts, Media, Hotels & Entertainment",2025,1,22,77,829,28.57,2.65,20x8 HQ Ground Level Office,HQ Ground Level Office - 20' x 8',Small HQ Ground Level Office+ (160 SF),Offices,Ground Level Offices,Standard Ground Level Offices
HQ208,Professional Services,2024,1,16,201,1538,7.96,1.04,20x8 HQ Ground Level Office,HQ Ground Level Office - 20' x 8',Small HQ Ground Level Office+ (160 SF),Offices,Ground Level Offices,Standard Ground Level Offices
HQ208,Non-Residential & GCs,2024,2,10,97,1460,10.31,0.68,20x8 HQ Ground Level Office,HQ Ground Level Office - 20' x 8',Small HQ Ground Level Office+ (160 SF),Offices,Ground Level Offices,Standard Ground Level Offices
HQ208,Retail & Wholesale Trade,2024,4,2,47,389,4.26,0.51,20x8 HQ Ground Level Office,HQ Ground Level Office - 20' x 8',Small HQ Ground Level Office+ (160 SF),Offices,Ground Level Offices,Standard Ground Level Offices
HQ208,Non-Residential & GCs,2025,1,4,77,1032,5.19,0.39,20x8 HQ Ground Level Office,HQ Ground Level Office - 20' x 8',Small HQ Ground Level Office+ (160 SF),Offices,Ground Level Offices,Standard Ground Level Offices
HQ208,Public Administration,2025,4,3,70,104,4.29,2.88,20x8 HQ Ground Level Office,HQ Ground Level Office - 20' x 8',Small HQ Ground Level Office+ (160 SF),Offices,Ground Level Offices,Standard Ground Level Offices
HQ208,Mining & Utilities,2024,1,5,201,732,2.49,0.68,20x8 HQ Ground Level Office,HQ Ground Level Office - 20' x 8',Small HQ Ground Level Office+ (160 SF),Offices,Ground Level Offices,Standard Ground Level Offices
HQ208,Public Administration,2025,1,1,77,88,1.30,1.14,20x8 HQ Ground Level Office,HQ Ground Level Office - 20' x 8',Small HQ Ground Level Office+ (160 SF),Offices,Ground Level Offices,Standard Ground Level Offices
HQ208,"Educational, Membership & Religious Organizations",2025,2,8,85,210,9.41,3.81,20x8 HQ Ground Level Office,HQ Ground Level Office - 20' x 8',Small HQ Ground Level Office+ (160 SF),Offices,Ground Level Offices,Standard Ground Level Offices
HQ208,"Educational, Membership & Religious Organizations",2026,2,3,24,127,12.50,2.36,20x8 HQ Ground Level Office,HQ Ground Level Office - 20' x 8',Small HQ Ground Level Office+ (160 SF),Offices,Ground Level Offices,Standard Ground Level Offices
HQ208,Manufacturing,2024,3,3,173,552,1.73,0.54,20x8 HQ Ground Level Office,HQ Ground Level Office - 20' x 8',Small HQ Ground Level Office+ (160 SF),Offices,Ground Level Offices,Standard Ground Level Offices
HQ208,Home Builders & Developers,2026,1,8,35,1104,22.86,0.72,20x8 HQ Ground Level Office,HQ Ground Level Office - 20' x 8',Small HQ Ground Level Office+ (160 SF),Offices,Ground Level Offices,Standard Ground Level Offices
HQ208,Non-Residential & GCs,2026,1,3,35,1084,8.57,0.28,20x8 HQ Ground Level Office,HQ Ground Level Office - 20' x 8',Small HQ Ground Level Office+ (160 SF),Offices,Ground Level Offices,Standard Ground Level Offices
HQ208,Retail & Wholesale Trade,2025,1,3,77,514,3.90,0.58,20x8 HQ Ground Level Office,HQ Ground Level Office - 20' x 8',Small HQ Ground Level Office+ (160 SF),Offices,Ground Level Offices,Standard Ground Level Offices
HQ208,Highway & Heavy Construction,2025,2,2,85,285,2.35,0.70,20x8 HQ Ground Level Office,HQ Ground Level Office - 20' x 8',Small HQ Ground Level Office+ (160 SF),Offices,Ground Level Offices,Standard Ground Level Offices
HQ208,Professional Services,2026,2,2,24,574,8.33,0.35,20x8 HQ Ground Level Office,HQ Ground Level Office - 20' x 8',Small HQ Ground Level Office+ (160 SF),Offices,Ground Level Offices,Standard Ground Level Offices
HQ208,Engineering & Architecture,2025,1,1,77,217,1.30,0.46,20x8 HQ Ground Level Office,HQ Ground Level Office - 20' x 8',Small HQ Ground Level Office+ (160 SF),Offices,Ground Level Offices,Standard Ground Level Offices
HQ208,Home Builders & Developers,2025,2,7,85,1237,8.24,0.57,20x8 HQ Ground Level Office,HQ Ground Level Office - 20' x 8',Small HQ Ground Level Office+ (160 SF),Offices,Ground Level Offices,Standard Ground Level Offices
HQ208,Professional Services,2024,2,10,97,1628,10.31,0.61,20x8 HQ Ground Level Office,HQ Ground Level Office - 20' x 8',Small HQ Ground Level Office+ (160 SF),Offices,Ground Level Offices,Standard Ground Level Offices
HQ208,Retail & Wholesale Trade,2024,3,2,173,508,1.16,0.39,20x8 HQ Ground Level Office,HQ Ground Level Office - 20' x 8',Small HQ Ground Level Office+ (160 SF),Offices,Ground Level Offices,Standard Ground Level Offices
HQ208,Mining & Utilities,2025,2,3,85,358,3.53,0.84,20x8 HQ Ground Level Office,HQ Ground Level Office - 20' x 8',Small HQ Ground Level Office+ (160 SF),Offices,Ground Level Offices,Standard Ground Level Offices
HQ208,Home Builders & Developers,2024,3,8,173,1231,4.62,0.65,20x8 HQ Ground Level Office,HQ Ground Level Office - 20' x 8',Small HQ Ground Level Office+ (160 SF),Offices,Ground Level Offices,Standard Ground Level Offices
HQ208,Retail & Wholesale Trade,2025,3,5,36,438,13.89,1.14,20x8 HQ Ground Level Office,HQ Ground Level Office - 20' x 8',Small HQ Ground Level Office+ (160 SF),Offices,Ground Level Offices,Standard Ground Level Offices
HQ208,Professional Services,2025,1,8,77,1459,10.39,0.55,20x8 HQ Ground Level Office,HQ Ground Level Office - 20' x 8',Small HQ Ground Level Office+ (160 SF),Offices,Ground Level Offices,Standard Ground Level Offices
HQ208,Subcontractors,2025,4,3,70,824,4.29,0.36,20x8 HQ Ground Level Office,HQ Ground Level Office - 20' x 8',Small HQ Ground Level Office+ (160 SF),Offices,Ground Level Offices,Standard Ground Level Offices
HQ208,Home Builders & Developers,2024,4,5,47,1006,10.64,0.50,20x8 HQ Ground Level Office,HQ Ground Level Office - 20' x 8',Small HQ Ground Level Office+ (160 SF),Offices,Ground Level Offices,Standard Ground Level Offices
HQ208,Mining & Utilities,2024,2,6,97,588,6.19,1.02,20x8 HQ Ground Level Office,HQ Ground Level Office - 20' x 8',Small HQ Ground Level Office+ (160 SF),Offices,Ground Level Offices,Standard Ground Level Offices
HQ208,Mining & Utilities,2025,1,2,77,641,2.60,0.31,20x8 HQ Ground Level Office,HQ Ground Level Office - 20' x 8',Small HQ Ground Level Office+ (160 SF),Offices,Ground Level Offices,Standard Ground Level Offices
HQ208,Engineering & Architecture,2024,2,1,97,196,1.03,0.51,20x8 HQ Ground Level Office,HQ Ground Level Office - 20' x 8',Small HQ Ground Level Office+ (160 SF),Offices,Ground Level Offices,Standard Ground Level Offices
HQ208,"Arts, Media, Hotels & Entertainment",2025,3,1,36,823,2.78,0.12,20x8 HQ Ground Level Office,HQ Ground Level Office - 20' x 8',Small HQ Ground Level Office+ (160 SF),Offices,Ground Level Offices,Standard Ground Level Offices
HQ208,"Educational, Membership & Religious Organizations",2024,3,3,173,178,1.73,1.69,20x8 HQ Ground Level Office,HQ Ground Level Office - 20' x 8',Small HQ Ground Level Office+ (160 SF),Offices,Ground Level Offices,Standard Ground Level Offices
HQ208,Subcontractors,2026,2,2,24,353,8.33,0.57,20x8 HQ Ground Level Office,HQ Ground Level Office - 20' x 8',Small HQ Ground Level Office+ (160 SF),Offices,Ground Level Offices,Standard Ground Level Offices
HQ208,"Arts, Media, Hotels & Entertainment",2026,1,8,35,655,22.86,1.22,20x8 HQ Ground Level Office,HQ Ground Level Office - 20' x 8',Small HQ Ground Level Office+ (160 SF),Offices,Ground Level Offices,Standard Ground Level Offices
HQ208,Manufacturing,2025,2,6,85,497,7.06,1.21,20x8 HQ Ground Level Office,HQ Ground Level Office - 20' x 8',Small HQ Ground Level Office+ (160 SF),Offices,Ground Level Offices,Standard Ground Level Offices
HQ208,Public Administration,2025,2,3,85,137,3.53,2.19,20x8 HQ Ground Level Office,HQ Ground Level Office - 20' x 8',Small HQ Ground Level Office+ (160 SF),Offices,Ground Level Offices,Standard Ground Level Offices
20X,Subcontractors,2026,1,30,152,887,19.74,3.38,20' COMBO W/10' OFFICE,Ground Level Office / Storage Combo - 20' x 8',Small Ground Level Office Combo (160 SF),Offices,Ground Level Offices,Ground Level Office / Storage Combo Units
20X,Manufacturing,2024,3,11,267,552,4.12,1.99,20' COMBO W/10' OFFICE,Ground Level Office / Storage Combo - 20' x 8',Small Ground Level Office Combo (160 SF),Offices,Ground Level Offices,Ground Level Office / Storage Combo Units
20X,Engineering & Architecture,2025,3,12,196,155,6.12,7.74,20' COMBO W/10' OFFICE,Ground Level Office / Storage Combo - 20' x 8',Small Ground Level Office Combo (160 SF),Offices,Ground Level Offices,Ground Level Office / Storage Combo Units
20X,Mining & Utilities,2025,2,6,185,358,3.24,1.68,20' COMBO W/10' OFFICE,Ground Level Office / Storage Combo - 20' x 8',Small Ground Level Office Combo (160 SF),Offices,Ground Level Offices,Ground Level Office / Storage Combo Units
20X,Other,2024,3,7,267,151,2.62,4.64,20' COMBO W/10' OFFICE,Ground Level Office / Storage Combo - 20' x 8',Small Ground Level Office Combo (160 SF),Offices,Ground Level Offices,Ground Level Office / Storage Combo Units
20X,,2024,2,2,359,98,0.56,2.04,20' COMBO W/10' OFFICE,Ground Level Office / Storage Combo - 20' x 8',Small Ground Level Office Combo (160 SF),Offices,Ground Level Offices,Ground Level Office / Storage Combo Units
20X,Retail & Wholesale Trade,2024,1,21,350,614,6.00,3.42,20' COMBO W/10' OFFICE,Ground Level Office / Storage Combo - 20' x 8',Small Ground Level Office Combo (160 SF),Offices,Ground Level Offices,Ground Level Office / Storage Combo Units
20X,Engineering & Architecture,2024,1,11,350,185,3.14,5.95,20' COMBO W/10' OFFICE,Ground Level Office / Storage Combo - 20' x 8',Small Ground Level Office Combo (160 SF),Offices,Ground Level Offices,Ground Level Office / Storage Combo Units
20X,Retail & Wholesale Trade,2025,3,11,196,438,5.61,2.51,20' COMBO W/10' OFFICE,Ground Level Office / Storage Combo - 20' x 8',Small Ground Level Office Combo (160 SF),Offices,Ground Level Offices,Ground Level Office / Storage Combo Units
20X,"Educational, Membership & Religious Organizations",2025,3,2,196,124,1.02,1.61,20' COMBO W/10' OFFICE,Ground Level Office / Storage Combo - 20' x 8',Small Ground Level Office Combo (160 SF),Offices,Ground Level Offices,Ground Level Office / Storage Combo Units
20X,Health Care,2024,2,2,359,58,0.56,3.45,20' COMBO W/10' OFFICE,Ground Level Office / Storage Combo - 20' x 8',Small Ground Level Office Combo (160 SF),Offices,Ground Level Offices,Ground Level Office / Storage Combo Units
20X,Other,2025,1,5,187,94,2.67,5.32,20' COMBO W/10' OFFICE,Ground Level Office / Storage Combo - 20' x 8',Small Ground Level Office Combo (160 SF),Offices,Ground Level Offices,Ground Level Office / Storage Combo Units
20X,Mining & Utilities,2024,2,2,359,588,0.56,0.34,20' COMBO W/10' OFFICE,Ground Level Office / Storage Combo - 20' x 8',Small Ground Level Office Combo (160 SF),Offices,Ground Level Offices,Ground Level Office / Storage Combo Units
20X,Other,2026,1,2,152,73,1.32,2.74,20' COMBO W/10' OFFICE,Ground Level Office / Storage Combo - 20' x 8',Small Ground Level Office Combo (160 SF),Offices,Ground Level Offices,Ground Level Office / Storage Combo Units
20X,"Arts, Media, Hotels & Entertainment",2024,4,3,217,312,1.38,0.96,20' COMBO W/10' OFFICE,Ground Level Office / Storage Combo - 20' x 8',Small Ground Level Office Combo (160 SF),Offices,Ground Level Offices,Ground Level Office / Storage Combo Units
20X,Health Care,2026,1,1,152,35,0.66,2.86,20' COMBO W/10' OFFICE,Ground Level Office / Storage Combo - 20' x 8',Small Ground Level Office Combo (160 SF),Offices,Ground Level Offices,Ground Level Office / Storage Combo Units
20X,Other,2024,4,1,217,62,0.46,1.61,20' COMBO W/10' OFFICE,Ground Level Office / Storage Combo - 20' x 8',Small Ground Level Office Combo (160 SF),Offices,Ground Level Offices,Ground Level Office / Storage Combo Units
20X,Other,2025,2,1,185,176,0.54,0.57,20' COMBO W/10' OFFICE,Ground Level Office / Storage Combo - 20' x 8',Small Ground Level Office Combo (160 SF),Offices,Ground Level Offices,Ground Level Office / Storage Combo Units
20X,Highway & Heavy Construction,2024,1,10,350,363,2.86,2.75,20' COMBO W/10' OFFICE,Ground Level Office / Storage Combo - 20' x 8',Small Ground Level Office Combo (160 SF),Offices,Ground Level Offices,Ground Level Office / Storage Combo Units
20X,Manufacturing,2024,1,8,350,537,2.29,1.49,20' COMBO W/10' OFFICE,Ground Level Office / Storage Combo - 20' x 8',Small Ground Level Office Combo (160 SF),Offices,Ground Level Offices,Ground Level Office / Storage Combo Units
20X,Highway & Heavy Construction,2024,2,14,359,360,3.90,3.89,20' COMBO W/10' OFFICE,Ground Level Office / Storage Combo - 20' x 8',Small Ground Level Office Combo (160 SF),Offices,Ground Level Offices,Ground Level Office / Storage Combo Units
20X,"Arts, Media, Hotels & Entertainment",2024,3,9,267,1158,3.37,0.78,20' COMBO W/10' OFFICE,Ground Level Office / Storage Combo - 20' x 8',Small Ground Level Office Combo (160 SF),Offices,Ground Level Offices,Ground Level Office / Storage Combo Units
20X,Subcontractors,2025,4,41,167,824,24.55,4.98,20' COMBO W/10' OFFICE,Ground Level Office / Storage Combo - 20' x 8',Small Ground Level Office Combo (160 SF),Offices,Ground Level Offices,Ground Level Office / Storage Combo Units
20X,Non-Residential & GCs,2024,3,31,267,1153,11.61,2.69,20' COMBO W/10' OFFICE,Ground Level Office / Storage Combo - 20' x 8',Small Ground Level Office Combo (160 SF),Offices,Ground Level Offices,Ground Level Office / Storage Combo Units
20X,Mining & Utilities,2024,1,5,350,732,1.43,0.68,20' COMBO W/10' OFFICE,Ground Level Office / Storage Combo - 20' x 8',Small Ground Level Office Combo (160 SF),Offices,Ground Level Offices,Ground Level Office / Storage Combo Units
20X,Manufacturing,2026,1,5,152,583,3.29,0.86,20' COMBO W/10' OFFICE,Ground Level Office / Storage Combo - 20' x 8',Small Ground Level Office Combo (160 SF),Offices,Ground Level Offices,Ground Level Office / Storage Combo Units
20X,Highway & Heavy Construction,2026,1,3,152,300,1.97,1.00,20' COMBO W/10' OFFICE,Ground Level Office / Storage Combo - 20' x 8',Small Ground Level Office Combo (160 SF),Offices,Ground Level Offices,Ground Level Office / Storage Combo Units
20X,Highway & Heavy Construction,2025,1,4,187,286,2.14,1.40,20' COMBO W/10' OFFICE,Ground Level Office / Storage Combo - 20' x 8',Small Ground Level Office Combo (160 SF),Offices,Ground Level Offices,Ground Level Office / Storage Combo Units
20X,"Arts, Media, Hotels & Entertainment",2025,1,5,187,829,2.67,0.60,20' COMBO W/10' OFFICE,Ground Level Office / Storage Combo - 20' x 8',Small Ground Level Office Combo (160 SF),Offices,Ground Level Offices,Ground Level Office / Storage Combo Units
20X,Subcontractors,2024,1,91,350,1039,26.00,8.76,20' COMBO W/10' OFFICE,Ground Level Office / Storage Combo - 20' x 8',Small Ground Level Office Combo (160 SF),Offices,Ground Level Offices,Ground Level Office / Storage Combo Units
20X,Manufacturing,2024,4,6,217,375,2.77,1.60,20' COMBO W/10' OFFICE,Ground Level Office / Storage Combo - 20' x 8',Small Ground Level Office Combo (160 SF),Offices,Ground Level Offices,Ground Level Office / Storage Combo Units
20X,Mining & Utilities,2025,4,6,167,341,3.59,1.76,20' COMBO W/10' OFFICE,Ground Level Office / Storage Combo - 20' x 8',Small Ground Level Office Combo (160 SF),Offices,Ground Level Offices,Ground Level Office / Storage Combo Units
20X,Manufacturing,2024,2,8,359,507,2.23,1.58,20' COMBO W/10' OFFICE,Ground Level Office / Storage Combo - 20' x 8',Small Ground Level Office Combo (160 SF),Offices,Ground Level Offices,Ground Level Office / Storage Combo Units
20X,,2026,1,3,152,54,1.97,5.56,20' COMBO W/10' OFFICE,Ground Level Office / Storage Combo - 20' x 8',Small Ground Level Office Combo (160 SF),Offices,Ground Level Offices,Ground Level Office / Storage Combo Units
20X,Highway & Heavy Construction,2025,4,5,167,254,2.99,1.97,20' COMBO W/10' OFFICE,Ground Level Office / Storage Combo - 20' x 8',Small Ground Level Office Combo (160 SF),Offices,Ground Level Offices,Ground Level Office / Storage Combo Units
20X,Engineering & Architecture,2025,1,4,187,217,2.14,1.84,20' COMBO W/10' OFFICE,Ground Level Office / Storage Combo - 20' x 8',Small Ground Level Office Combo (160 SF),Offices,Ground Level Offices,Ground Level Office / Storage Combo Units
20X,"Arts, Media, Hotels & Entertainment",2026,1,3,152,655,1.97,0.46,20' COMBO W/10' OFFICE,Ground Level Office / Storage Combo - 20' x 8',Small Ground Level Office Combo (160 SF),Offices,Ground Level Offices,Ground Level Office / Storage Combo Units
20X,Public Administration,2026,2,1,62,56,1.61,1.79,20' COMBO W/10' OFFICE,Ground Level Office / Storage Combo - 20' x 8',Small Ground Level Office Combo (160 SF),Offices,Ground Level Offices,Ground Level Office / Storage Combo Units
20X,Public Administration,2025,4,1,167,104,0.60,0.96,20' COMBO W/10' OFFICE,Ground Level Office / Storage Combo - 20' x 8',Small Ground Level Office Combo (160 SF),Offices,Ground Level Offices,Ground Level Office / Storage Combo Units
20X,Public Administration,2025,2,1,185,137,0.54,0.73,20' COMBO W/10' OFFICE,Ground Level Office / Storage Combo - 20' x 8',Small Ground Level Office Combo (160 SF),Offices,Ground Level Offices,Ground Level Office / Storage Combo Units
20X,Home Builders & Developers,2026,1,49,152,1104,32.24,4.44,20' COMBO W/10' OFFICE,Ground Level Office / Storage Combo - 20' x 8',Small Ground Level Office Combo (160 SF),Offices,Ground Level Offices,Ground Level Office / Storage Combo Units
20X,Subcontractors,2024,4,66,217,743,30.41,8.88,20' COMBO W/10' OFFICE,Ground Level Office / Storage Combo - 20' x 8',Small Ground Level Office Combo (160 SF),Offices,Ground Level Offices,Ground Level Office / Storage Combo Units
20X,Professional Services,2025,2,22,185,1340,11.89,1.64,20' COMBO W/10' OFFICE,Ground Level Office / Storage Combo - 20' x 8',Small Ground Level Office Combo (160 SF),Offices,Ground Level Offices,Ground Level Office / Storage Combo Units
20X,Retail & Wholesale Trade,2024,2,16,359,554,4.46,2.89,20' COMBO W/10' OFFICE,Ground Level Office / Storage Combo - 20' x 8',Small Ground Level Office Combo (160 SF),Offices,Ground Level Offices,Ground Level Office / Storage Combo Units
20X,"Educational, Membership & Religious Organizations",2024,2,6,359,248,1.67,2.42,20' COMBO W/10' OFFICE,Ground Level Office / Storage Combo - 20' x 8',Small Ground Level Office Combo (160 SF),Offices,Ground Level Offices,Ground Level Office / Storage Combo Units
20X,Non-Residential & GCs,2025,1,32,187,1032,17.11,3.10,20' COMBO W/10' OFFICE,Ground Level Office / Storage Combo - 20' x 8',Small Ground Level Office Combo (160 SF),Offices,Ground Level Offices,Ground Level Office / Storage Combo Units
20X,Retail & Wholesale Trade,2026,2,3,62,215,4.84,1.40,20' COMBO W/10' OFFICE,Ground Level Office / Storage Combo - 20' x 8',Small Ground Level Office Combo (160 SF),Offices,Ground Level Offices,Ground Level Office / Storage Combo Units
20X,,2025,2,2,185,51,1.08,3.92,20' COMBO W/10' OFFICE,Ground Level Office / Storage Combo - 20' x 8',Small Ground Level Office Combo (160 SF),Offices,Ground Level Offices,Ground Level Office / Storage Combo Units
20X,"Educational, Membership & Religious Organizations",2025,4,2,167,176,1.20,1.14,20' COMBO W/10' OFFICE,Ground Level Office / Storage Combo - 20' x 8',Small Ground Level Office Combo (160 SF),Offices,Ground Level Offices,Ground Level Office / Storage Combo Units
20X,"Educational, Membership & Religious Organizations",2024,4,1,217,160,0.46,0.63,20' COMBO W/10' OFFICE,Ground Level Office / Storage Combo - 20' x 8',Small Ground Level Office Combo (160 SF),Offices,Ground Level Offices,Ground Level Office / Storage Combo Units
20X,Non-Residential & GCs,2025,4,29,167,947,17.37,3.06,20' COMBO W/10' OFFICE,Ground Level Office / Storage Combo - 20' x 8',Small Ground Level Office Combo (160 SF),Offices,Ground Level Offices,Ground Level Office / Storage Combo Units
20X,Subcontractors,2025,3,52,196,943,26.53,5.51,20' COMBO W/10' OFFICE,Ground Level Office / Storage Combo - 20' x 8',Small Ground Level Office Combo (160 SF),Offices,Ground Level Offices,Ground Level Office / Storage Combo Units
20X,Retail & Wholesale Trade,2025,4,11,167,422,6.59,2.61,20' COMBO W/10' OFFICE,Ground Level Office / Storage Combo - 20' x 8',Small Ground Level Office Combo (160 SF),Offices,Ground Level Offices,Ground Level Office / Storage Combo Units
20X,Professional Services,2024,2,43,359,1628,11.98,2.64,20' COMBO W/10' OFFICE,Ground Level Office / Storage Combo - 20' x 8',Small Ground Level Office Combo (160 SF),Offices,Ground Level Offices,Ground Level Office / Storage Combo Units
20X,Home Builders & Developers,2025,4,42,167,1022,25.15,4.11,20' COMBO W/10' OFFICE,Ground Level Office / Storage Combo - 20' x 8',Small Ground Level Office Combo (160 SF),Offices,Ground Level Offices,Ground Level Office / Storage Combo Units
20X,Public Administration,2024,1,2,350,96,0.57,2.08,20' COMBO W/10' OFFICE,Ground Level Office / Storage Combo - 20' x 8',Small Ground Level Office Combo (160 SF),Offices,Ground Level Offices,Ground Level Office / Storage Combo Units
20X,Home Builders & Developers,2025,3,42,196,1104,21.43,3.80,20' COMBO W/10' OFFICE,Ground Level Office / Storage Combo - 20' x 8',Small Ground Level Office Combo (160 SF),Offices,Ground Level Offices,Ground Level Office / Storage Combo Units
20X,Retail & Wholesale Trade,2025,2,6,185,462,3.24,1.30,20' COMBO W/10' OFFICE,Ground Level Office / Storage Combo - 20' x 8',Small Ground Level Office Combo (160 SF),Offices,Ground Level Offices,Ground Level Office / Storage Combo Units
20X,Engineering & Architecture,2026,2,3,62,116,4.84,2.59,20' COMBO W/10' OFFICE,Ground Level Office / Storage Combo - 20' x 8',Small Ground Level Office Combo (160 SF),Offices,Ground Level Offices,Ground Level Office / Storage Combo Units
20X,Engineering & Architecture,2024,4,11,217,134,5.07,8.21,20' COMBO W/10' OFFICE,Ground Level Office / Storage Combo - 20' x 8',Small Ground Level Office Combo (160 SF),Offices,Ground Level Offices,Ground Level Office / Storage Combo Units
20X,Health Care,2025,4,2,167,23,1.20,8.70,20' COMBO W/10' OFFICE,Ground Level Office / Storage Combo - 20' x 8',Small Ground Level Office Combo (160 SF),Offices,Ground Level Offices,Ground Level Office / Storage Combo Units
20X,Other,2026,2,2,62,35,3.23,5.71,20' COMBO W/10' OFFICE,Ground Level Office / Storage Combo - 20' x 8',Small Ground Level Office Combo (160 SF),Offices,Ground Level Offices,Ground Level Office / Storage Combo Units
20X,Public Administration,2026,1,2,152,123,1.32,1.63,20' COMBO W/10' OFFICE,Ground Level Office / Storage Combo - 20' x 8',Small Ground Level Office Combo (160 SF),Offices,Ground Level Offices,Ground Level Office / Storage Combo Units
20X,Public Administration,2024,3,1,267,115,0.37,0.87,20' COMBO W/10' OFFICE,Ground Level Office / Storage Combo - 20' x 8',Small Ground Level Office Combo (160 SF),Offices,Ground Level Offices,Ground Level Office / Storage Combo Units
20X,Public Administration,2025,3,1,196,105,0.51,0.95,20' COMBO W/10' OFFICE,Ground Level Office / Storage Combo - 20' x 8',Small Ground Level Office Combo (160 SF),Offices,Ground Level Offices,Ground Level Office / Storage Combo Units
20X,Professional Services,2024,3,39,267,1511,14.61,2.58,20' COMBO W/10' OFFICE,Ground Level Office / Storage Combo - 20' x 8',Small Ground Level Office Combo (160 SF),Offices,Ground Level Offices,Ground Level Office / Storage Combo Units
20X,Home Builders & Developers,2024,2,84,359,1349,23.40,6.23,20' COMBO W/10' OFFICE,Ground Level Office / Storage Combo - 20' x 8',Small Ground Level Office Combo (160 SF),Offices,Ground Level Offices,Ground Level Office / Storage Combo Units
20X,Subcontractors,2025,1,41,187,925,21.93,4.43,20' COMBO W/10' OFFICE,Ground Level Office / Storage Combo - 20' x 8',Small Ground Level Office Combo (160 SF),Offices,Ground Level Offices,Ground Level Office / Storage Combo Units
20X,Home Builders & Developers,2025,2,54,185,1237,29.19,4.37,20' COMBO W/10' OFFICE,Ground Level Office / Storage Combo - 20' x 8',Small Ground Level Office Combo (160 SF),Offices,Ground Level Offices,Ground Level Office / Storage Combo Units
20X,Mining & Utilities,2024,4,7,217,433,3.23,1.62,20' COMBO W/10' OFFICE,Ground Level Office / Storage Combo - 20' x 8',Small Ground Level Office Combo (160 SF),Offices,Ground Level Offices,Ground Level Office / Storage Combo Units
20X,Manufacturing,2025,1,5,187,630,2.67,0.79,20' COMBO W/10' OFFICE,Ground Level Office / Storage Combo - 20' x 8',Small Ground Level Office Combo (160 SF),Offices,Ground Level Offices,Ground Level Office / Storage Combo Units
20X,Mining & Utilities,2026,2,4,62,145,6.45,2.76,20' COMBO W/10' OFFICE,Ground Level Office / Storage Combo - 20' x 8',Small Ground Level Office Combo (160 SF),Offices,Ground Level Offices,Ground Level Office / Storage Combo Units
20X,,2024,4,3,217,41,1.38,7.32,20' COMBO W/10' OFFICE,Ground Level Office / Storage Combo - 20' x 8',Small Ground Level Office Combo (160 SF),Offices,Ground Level Offices,Ground Level Office / Storage Combo Units
20X,Mining & Utilities,2025,1,2,187,641,1.07,0.31,20' COMBO W/10' OFFICE,Ground Level Office / Storage Combo - 20' x 8',Small Ground Level Office Combo (160 SF),Offices,Ground Level Offices,Ground Level Office / Storage Combo Units
20X,Subcontractors,2024,2,94,359,1051,26.18,8.94,20' COMBO W/10' OFFICE,Ground Level Office / Storage Combo - 20' x 8',Small Ground Level Office Combo (160 SF),Offices,Ground Level Offices,Ground Level Office / Storage Combo Units
20X,Non-Residential & GCs,2024,4,31,217,979,14.29,3.17,20' COMBO W/10' OFFICE,Ground Level Office / Storage Combo - 20' x 8',Small Ground Level Office Combo (160 SF),Offices,Ground Level Offices,Ground Level Office / Storage Combo Units
20X,Professional Services,2025,1,24,187,1459,12.83,1.65,20' COMBO W/10' OFFICE,Ground Level Office / Storage Combo - 20' x 8',Small Ground Level Office Combo (160 SF),Offices,Ground Level Offices,Ground Level Office / Storage Combo Units
20X,Home Builders & Developers,2024,1,68,350,1228,19.43,5.54,20' COMBO W/10' OFFICE,Ground Level Office / Storage Combo - 20' x 8',Small Ground Level Office Combo (160 SF),Offices,Ground Level Offices,Ground Level Office / Storage Combo Units
20X,Engineering & Architecture,2026,1,2,152,151,1.32,1.32,20' COMBO W/10' OFFICE,Ground Level Office / Storage Combo - 20' x 8',Small Ground Level Office Combo (160 SF),Offices,Ground Level Offices,Ground Level Office / Storage Combo Units
20X,,2025,3,1,196,52,0.51,1.92,20' COMBO W/10' OFFICE,Ground Level Office / Storage Combo - 20' x 8',Small Ground Level Office Combo (160 SF),Offices,Ground Level Offices,Ground Level Office / Storage Combo Units
20X,Professional Services,2024,4,26,217,1077,11.98,2.41,20' COMBO W/10' OFFICE,Ground Level Office / Storage Combo - 20' x 8',Small Ground Level Office Combo (160 SF),Offices,Ground Level Offices,Ground Level Office / Storage Combo Units
20X,Subcontractors,2025,2,47,185,925,25.41,5.08,20' COMBO W/10' OFFICE,Ground Level Office / Storage Combo - 20' x 8',Small Ground Level Office Combo (160 SF),Offices,Ground Level Offices,Ground Level Office / Storage Combo Units
20X,Professional Services,2024,1,46,350,1538,13.14,2.99,20' COMBO W/10' OFFICE,Ground Level Office / Storage Combo - 20' x 8',Small Ground Level Office Combo (160 SF),Offices,Ground Level Offices,Ground Level Office / Storage Combo Units
20X,Home Builders & Developers,2026,2,13,62,471,20.97,2.76,20' COMBO W/10' OFFICE,Ground Level Office / Storage Combo - 20' x 8',Small Ground Level Office Combo (160 SF),Offices,Ground Level Offices,Ground Level Office / Storage Combo Units
20X,Subcontractors,2026,2,14,62,353,22.58,3.97,20' COMBO W/10' OFFICE,Ground Level Office / Storage Combo - 20' x 8',Small Ground Level Office Combo (160 SF),Offices,Ground Level Offices,Ground Level Office / Storage Combo Units
20X,Professional Services,2025,4,16,167,954,9.58,1.68,20' COMBO W/10' OFFICE,Ground Level Office / Storage Combo - 20' x 8',Small Ground Level Office Combo (160 SF),Offices,Ground Level Offices,Ground Level Office / Storage Combo Units
20X,Highway & Heavy Construction,2024,4,9,217,280,4.15,3.21,20' COMBO W/10' OFFICE,Ground Level Office / Storage Combo - 20' x 8',Small Ground Level Office Combo (160 SF),Offices,Ground Level Offices,Ground Level Office / Storage Combo Units
20X,Non-Residential & GCs,2025,2,24,185,1225,12.97,1.96,20' COMBO W/10' OFFICE,Ground Level Office / Storage Combo - 20' x 8',Small Ground Level Office Combo (160 SF),Offices,Ground Level Offices,Ground Level Office / Storage Combo Units
20X,Other,2024,2,5,359,188,1.39,2.66,20' COMBO W/10' OFFICE,Ground Level Office / Storage Combo - 20' x 8',Small Ground Level Office Combo (160 SF),Offices,Ground Level Offices,Ground Level Office / Storage Combo Units
20X,Manufacturing,2025,4,6,167,339,3.59,1.77,20' COMBO W/10' OFFICE,Ground Level Office / Storage Combo - 20' x 8',Small Ground Level Office Combo (160 SF),Offices,Ground Level Offices,Ground Level Office / Storage Combo Units
20X,Retail & Wholesale Trade,2026,1,6,152,492,3.95,1.22,20' COMBO W/10' OFFICE,Ground Level Office / Storage Combo - 20' x 8',Small Ground Level Office Combo (160 SF),Offices,Ground Level Offices,Ground Level Office / Storage Combo Units
20X,"Arts, Media, Hotels & Entertainment",2025,4,2,167,258,1.20,0.78,20' COMBO W/10' OFFICE,Ground Level Office / Storage Combo - 20' x 8',Small Ground Level Office Combo (160 SF),Offices,Ground Level Offices,Ground Level Office / Storage Combo Units
20X,Non-Residential & GCs,2026,2,10,62,450,16.13,2.22,20' COMBO W/10' OFFICE,Ground Level Office / Storage Combo - 20' x 8',Small Ground Level Office Combo (160 SF),Offices,Ground Level Offices,Ground Level Office / Storage Combo Units
20X,Non-Residential & GCs,2025,3,30,196,1030,15.31,2.91,20' COMBO W/10' OFFICE,Ground Level Office / Storage Combo - 20' x 8',Small Ground Level Office Combo (160 SF),Offices,Ground Level Offices,Ground Level Office / Storage Combo Units
20X,Home Builders & Developers,2024,3,78,267,1231,29.21,6.34,20' COMBO W/10' OFFICE,Ground Level Office / Storage Combo - 20' x 8',Small Ground Level Office Combo (160 SF),Offices,Ground Level Offices,Ground Level Office / Storage Combo Units
20X,Home Builders & Developers,2025,1,51,187,1185,27.27,4.30,20' COMBO W/10' OFFICE,Ground Level Office / Storage Combo - 20' x 8',Small Ground Level Office Combo (160 SF),Offices,Ground Level Offices,Ground Level Office / Storage Combo Units
20X,Engineering & Architecture,2024,2,7,359,196,1.95,3.57,20' COMBO W/10' OFFICE,Ground Level Office / Storage Combo - 20' x 8',Small Ground Level Office Combo (160 SF),Offices,Ground Level Offices,Ground Level Office / Storage Combo Units
20X,Retail & Wholesale Trade,2024,4,8,217,389,3.69,2.06,20' COMBO W/10' OFFICE,Ground Level Office / Storage Combo - 20' x 8',Small Ground Level Office Combo (160 SF),Offices,Ground Level Offices,Ground Level Office / Storage Combo Units
20X,Health Care,2024,3,5,267,46,1.87,10.87,20' COMBO W/10' OFFICE,Ground Level Office / Storage Combo - 20' x 8',Small Ground Level Office Combo (160 SF),Offices,Ground Level Offices,Ground Level Office / Storage Combo Units
20X,Engineering & Architecture,2025,4,2,167,129,1.20,1.55,20' COMBO W/10' OFFICE,Ground Level Office / Storage Combo - 20' x 8',Small Ground Level Office Combo (160 SF),Offices,Ground Level Offices,Ground Level Office / Storage Combo Units
20X,Manufacturing,2025,3,4,196,477,2.04,0.84,20' COMBO W/10' OFFICE,Ground Level Office / Storage Combo - 20' x 8',Small Ground Level Office Combo (160 SF),Offices,Ground Level Offices,Ground Level Office / Storage Combo Units
20X,Health Care,2025,2,3,185,49,1.62,6.12,20' COMBO W/10' OFFICE,Ground Level Office / Storage Combo - 20' x 8',Small Ground Level Office Combo (160 SF),Offices,Ground Level Offices,Ground Level Office / Storage Combo Units
20X,Health Care,2025,3,2,196,44,1.02,4.55,20' COMBO W/10' OFFICE,Ground Level Office / Storage Combo - 20' x 8',Small Ground Level Office Combo (160 SF),Offices,Ground Level Offices,Ground Level Office / Storage Combo Units
20X,,2024,1,2,350,59,0.57,3.39,20' COMBO W/10' OFFICE,Ground Level Office / Storage Combo - 20' x 8',Small Ground Level Office Combo (160 SF),Offices,Ground Level Offices,Ground Level Office / Storage Combo Units
20X,Highway & Heavy Construction,2024,3,10,267,315,3.75,3.17,20' COMBO W/10' OFFICE,Ground Level Office / Storage Combo - 20' x 8',Small Ground Level Office Combo (160 SF),Offices,Ground Level Offices,Ground Level Office / Storage Combo Units
20X,Other,2024,1,10,350,247,2.86,4.05,20' COMBO W/10' OFFICE,Ground Level Office / Storage Combo - 20' x 8',Small Ground Level Office Combo (160 SF),Offices,Ground Level Offices,Ground Level Office / Storage Combo Units
20X,Manufacturing,2025,2,3,185,497,1.62,0.60,20' COMBO W/10' OFFICE,Ground Level Office / Storage Combo - 20' x 8',Small Ground Level Office Combo (160 SF),Offices,Ground Level Offices,Ground Level Office / Storage Combo Units
20X,,2024,3,1,267,62,0.37,1.61,20' COMBO W/10' OFFICE,Ground Level Office / Storage Combo - 20' x 8',Small Ground Level Office Combo (160 SF),Offices,Ground Level Offices,Ground Level Office / Storage Combo Units
20X,Health Care,2026,2,1,62,18,1.61,5.56,20' COMBO W/10' OFFICE,Ground Level Office / Storage Combo - 20' x 8',Small Ground Level Office Combo (160 SF),Offices,Ground Level Offices,Ground Level Office / Storage Combo Units
20X,"Educational, Membership & Religious Organizations",2025,1,1,187,178,0.53,0.56,20' COMBO W/10' OFFICE,Ground Level Office / Storage Combo - 20' x 8',Small Ground Level Office Combo (160 SF),Offices,Ground Level Offices,Ground Level Office / Storage Combo Units
20X,Mining & Utilities,2024,3,4,267,631,1.50,0.63,20' COMBO W/10' OFFICE,Ground Level Office / Storage Combo - 20' x 8',Small Ground Level Office Combo (160 SF),Offices,Ground Level Offices,Ground Level Office / Storage Combo Units
20X,Engineering & Architecture,2024,3,4,267,202,1.50,1.98,20' COMBO W/10' OFFICE,Ground Level Office / Storage Combo - 20' x 8',Small Ground Level Office Combo (160 SF),Offices,Ground Level Offices,Ground Level Office / Storage Combo Units
20X,Mining & Utilities,2026,1,3,152,615,1.97,0.49,20' COMBO W/10' OFFICE,Ground Level Office / Storage Combo - 20' x 8',Small Ground Level Office Combo (160 SF),Offices,Ground Level Offices,Ground Level Office / Storage Combo Units
20X,Subcontractors,2024,3,52,267,980,19.48,5.31,20' COMBO W/10' OFFICE,Ground Level Office / Storage Combo - 20' x 8',Small Ground Level Office Combo (160 SF),Offices,Ground Level Offices,Ground Level Office / Storage Combo Units
20X,"Arts, Media, Hotels & Entertainment",2025,2,6,185,854,3.24,0.70,20' COMBO W/10' OFFICE,Ground Level Office / Storage Combo - 20' x 8',Small Ground Level Office Combo (160 SF),Offices,Ground Level Offices,Ground Level Office / Storage Combo Units
20X,Highway & Heavy Construction,2025,3,7,196,282,3.57,2.48,20' COMBO W/10' OFFICE,Ground Level Office / Storage Combo - 20' x 8',Small Ground Level Office Combo (160 SF),Offices,Ground Level Offices,Ground Level Office / Storage Combo Units
20X,Home Builders & Developers,2024,4,45,217,1006,20.74,4.47,20' COMBO W/10' OFFICE,Ground Level Office / Storage Combo - 20' x 8',Small Ground Level Office Combo (160 SF),Offices,Ground Level Offices,Ground Level Office / Storage Combo Units
20X,Non-Residential & GCs,2024,1,70,350,1210,20.00,5.79,20' COMBO W/10' OFFICE,Ground Level Office / Storage Combo - 20' x 8',Small Ground Level Office Combo (160 SF),Offices,Ground Level Offices,Ground Level Office / Storage Combo Units
20X,Professional Services,2025,3,23,196,1275,11.73,1.80,20' COMBO W/10' OFFICE,Ground Level Office / Storage Combo - 20' x 8',Small Ground Level Office Combo (160 SF),Offices,Ground Level Offices,Ground Level Office / Storage Combo Units
20X,Retail & Wholesale Trade,2024,3,9,267,508,3.37,1.77,20' COMBO W/10' OFFICE,Ground Level Office / Storage Combo - 20' x 8',Small Ground Level Office Combo (160 SF),Offices,Ground Level Offices,Ground Level Office / Storage Combo Units
20X,Other,2025,4,2,167,82,1.20,2.44,20' COMBO W/10' OFFICE,Ground Level Office / Storage Combo - 20' x 8',Small Ground Level Office Combo (160 SF),Offices,Ground Level Offices,Ground Level Office / Storage Combo Units
20X,Engineering & Architecture,2025,2,2,185,164,1.08,1.22,20' COMBO W/10' OFFICE,Ground Level Office / Storage Combo - 20' x 8',Small Ground Level Office Combo (160 SF),Offices,Ground Level Offices,Ground Level Office / Storage Combo Units
20X,,2025,1,2,187,53,1.07,3.77,20' COMBO W/10' OFFICE,Ground Level Office / Storage Combo - 20' x 8',Small Ground Level Office Combo (160 SF),Offices,Ground Level Offices,Ground Level Office / Storage Combo Units
20X,"Educational, Membership & Religious Organizations",2026,1,2,152,183,1.32,1.09,20' COMBO W/10' OFFICE,Ground Level Office / Storage Combo - 20' x 8',Small Ground Level Office Combo (160 SF),Offices,Ground Level Offices,Ground Level Office / Storage Combo Units
20X,Health Care,2025,1,1,187,36,0.53,2.78,20' COMBO W/10' OFFICE,Ground Level Office / Storage Combo - 20' x 8',Small Ground Level Office Combo (160 SF),Offices,Ground Level Offices,Ground Level Office / Storage Combo Units
20X,Professional Services,2026,1,21,152,1635,13.82,1.28,20' COMBO W/10' OFFICE,Ground Level Office / Storage Combo - 20' x 8',Small Ground Level Office Combo (160 SF),Offices,Ground Level Offices,Ground Level Office / Storage Combo Units
20X,Non-Residential & GCs,2024,2,71,359,1460,19.78,4.86,20' COMBO W/10' OFFICE,Ground Level Office / Storage Combo - 20' x 8',Small Ground Level Office Combo (160 SF),Offices,Ground Level Offices,Ground Level Office / Storage Combo Units
20X,Retail & Wholesale Trade,2025,1,10,187,514,5.35,1.95,20' COMBO W/10' OFFICE,Ground Level Office / Storage Combo - 20' x 8',Small Ground Level Office Combo (160 SF),Offices,Ground Level Offices,Ground Level Office / Storage Combo Units
20X,"Arts, Media, Hotels & Entertainment",2024,2,5,359,1014,1.39,0.49,20' COMBO W/10' OFFICE,Ground Level Office / Storage Combo - 20' x 8',Small Ground Level Office Combo (160 SF),Offices,Ground Level Offices,Ground Level Office / Storage Combo Units
20X,Mining & Utilities,2025,3,3,196,438,1.53,0.68,20' COMBO W/10' OFFICE,Ground Level Office / Storage Combo - 20' x 8',Small Ground Level Office Combo (160 SF),Offices,Ground Level Offices,Ground Level Office / Storage Combo Units
20X,Highway & Heavy Construction,2025,2,6,185,285,3.24,2.11,20' COMBO W/10' OFFICE,Ground Level Office / Storage Combo - 20' x 8',Small Ground Level Office Combo (160 SF),Offices,Ground Level Offices,Ground Level Office / Storage Combo Units
20X,"Arts, Media, Hotels & Entertainment",2025,3,3,196,823,1.53,0.36,20' COMBO W/10' OFFICE,Ground Level Office / Storage Combo - 20' x 8',Small Ground Level Office Combo (160 SF),Offices,Ground Level Offices,Ground Level Office / Storage Combo Units
20X,Professional Services,2026,2,11,62,574,17.74,1.92,20' COMBO W/10' OFFICE,Ground Level Office / Storage Combo - 20' x 8',Small Ground Level Office Combo (160 SF),Offices,Ground Level Offices,Ground Level Office / Storage Combo Units
20X,"Arts, Media, Hotels & Entertainment",2024,1,4,350,898,1.14,0.45,20' COMBO W/10' OFFICE,Ground Level Office / Storage Combo - 20' x 8',Small Ground Level Office Combo (160 SF),Offices,Ground Level Offices,Ground Level Office / Storage Combo Units
20X,Non-Residential & GCs,2026,1,20,152,1084,13.16,1.85,20' COMBO W/10' OFFICE,Ground Level Office / Storage Combo - 20' x 8',Small Ground Level Office Combo (160 SF),Offices,Ground Level Offices,Ground Level Office / Storage Combo Units
20X,"Educational, Membership & Religious Organizations",2024,3,6,267,178,2.25,3.37,20' COMBO W/10' OFFICE,Ground Level Office / Storage Combo - 20' x 8',Small Ground Level Office Combo (160 SF),Offices,Ground Level Offices,Ground Level Office / Storage Combo Units
20X,Health Care,2024,1,2,350,24,0.57,8.33,20' COMBO W/10' OFFICE,Ground Level Office / Storage Combo - 20' x 8',Small Ground Level Office Combo (160 SF),Offices,Ground Level Offices,Ground Level Office / Storage Combo Units
20X,Other,2025,3,3,196,98,1.53,3.06,20' COMBO W/10' OFFICE,Ground Level Office / Storage Combo - 20' x 8',Small Ground Level Office Combo (160 SF),Offices,Ground Level Offices,Ground Level Office / Storage Combo Units
20X,"Educational, Membership & Religious Organizations",2025,2,2,185,210,1.08,0.95,20' COMBO W/10' OFFICE,Ground Level Office / Storage Combo - 20' x 8',Small Ground Level Office Combo (160 SF),Offices,Ground Level Offices,Ground Level Office / Storage Combo Units
MO3610,Health Care,2025,4,1,467,23,0.21,4.35,36x10 Mobile Office or Similar,36x10 Mobile Office or Similar,Small Mobile Office - 1 office + Sm. Open Area (up to 360 SF) - MO3610 or similar,Offices,Mobile Offices,Mobile Offices
MO3610,"Arts, Media, Hotels & Entertainment",2025,3,19,504,823,3.77,2.31,36x10 Mobile Office or Similar,36x10 Mobile Office or Similar,Small Mobile Office - 1 office + Sm. Open Area (up to 360 SF) - MO3610 or similar,Offices,Mobile Offices,Mobile Offices
MO3610,Home Builders & Developers,2025,3,96,504,1104,19.05,8.70,36x10 Mobile Office or Similar,36x10 Mobile Office or Similar,Small Mobile Office - 1 office + Sm. Open Area (up to 360 SF) - MO3610 or similar,Offices,Mobile Offices,Mobile Offices
MO3610,Engineering & Architecture,2024,4,14,444,134,3.15,10.45,36x10 Mobile Office or Similar,36x10 Mobile Office or Similar,Small Mobile Office - 1 office + Sm. Open Area (up to 360 SF) - MO3610 or similar,Offices,Mobile Offices,Mobile Offices
MO3610,Engineering & Architecture,2026,2,9,263,116,3.42,7.76,36x10 Mobile Office or Similar,36x10 Mobile Office or Similar,Small Mobile Office - 1 office + Sm. Open Area (up to 360 SF) - MO3610 or similar,Offices,Mobile Offices,Mobile Offices
MO3610,Public Administration,2026,1,9,479,123,1.88,7.32,36x10 Mobile Office or Similar,36x10 Mobile Office or Similar,Small Mobile Office - 1 office + Sm. Open Area (up to 360 SF) - MO3610 or similar,Offices,Mobile Offices,Mobile Offices
MO3610,Health Care,2024,2,2,574,58,0.35,3.45,36x10 Mobile Office or Similar,36x10 Mobile Office or Similar,Small Mobile Office - 1 office + Sm. Open Area (up to 360 SF) - MO3610 or similar,Offices,Mobile Offices,Mobile Offices
MO3610,Health Care,2025,1,1,508,36,0.20,2.78,36x10 Mobile Office or Similar,36x10 Mobile Office or Similar,Small Mobile Office - 1 office + Sm. Open Area (up to 360 SF) - MO3610 or similar,Offices,Mobile Offices,Mobile Offices
MO3610,Professional Services,2026,2,29,263,574,11.03,5.05,36x10 Mobile Office or Similar,36x10 Mobile Office or Similar,Small Mobile Office - 1 office + Sm. Open Area (up to 360 SF) - MO3610 or similar,Offices,Mobile Offices,Mobile Offices
MO3610,Subcontractors,2024,2,66,574,1051,11.50,6.28,36x10 Mobile Office or Similar,36x10 Mobile Office or Similar,Small Mobile Office - 1 office + Sm. Open Area (up to 360 SF) - MO3610 or similar,Offices,Mobile Offices,Mobile Offices
MO3610,Non-Residential & GCs,2025,3,106,504,1030,21.03,10.29,36x10 Mobile Office or Similar,36x10 Mobile Office or Similar,Small Mobile Office - 1 office + Sm. Open Area (up to 360 SF) - MO3610 or similar,Offices,Mobile Offices,Mobile Offices
MO3610,Retail & Wholesale Trade,2024,4,30,444,389,6.76,7.71,36x10 Mobile Office or Similar,36x10 Mobile Office or Similar,Small Mobile Office - 1 office + Sm. Open Area (up to 360 SF) - MO3610 or similar,Offices,Mobile Offices,Mobile Offices
MO3610,"Educational, Membership & Religious Organizations",2024,3,9,553,178,1.63,5.06,36x10 Mobile Office or Similar,36x10 Mobile Office or Similar,Small Mobile Office - 1 office + Sm. Open Area (up to 360 SF) - MO3610 or similar,Offices,Mobile Offices,Mobile Offices
MO3610,Other,2025,1,5,508,94,0.98,5.32,36x10 Mobile Office or Similar,36x10 Mobile Office or Similar,Small Mobile Office - 1 office + Sm. Open Area (up to 360 SF) - MO3610 or similar,Offices,Mobile Offices,Mobile Offices
MO3610,Non-Residential & GCs,2024,1,83,484,1210,17.15,6.86,36x10 Mobile Office or Similar,36x10 Mobile Office or Similar,Small Mobile Office - 1 office + Sm. Open Area (up to 360 SF) - MO3610 or similar,Offices,Mobile Offices,Mobile Offices
MO3610,Public Administration,2025,4,19,467,104,4.07,18.27,36x10 Mobile Office or Similar,36x10 Mobile Office or Similar,Small Mobile Office - 1 office + Sm. Open Area (up to 360 SF) - MO3610 or similar,Offices,Mobile Offices,Mobile Offices
MO3610,Mining & Utilities,2025,3,29,504,438,5.75,6.62,36x10 Mobile Office or Similar,36x10 Mobile Office or Similar,Small Mobile Office - 1 office + Sm. Open Area (up to 360 SF) - MO3610 or similar,Offices,Mobile Offices,Mobile Offices
MO3610,Manufacturing,2025,2,30,549,497,5.46,6.04,36x10 Mobile Office or Similar,36x10 Mobile Office or Similar,Small Mobile Office - 1 office + Sm. Open Area (up to 360 SF) - MO3610 or similar,Offices,Mobile Offices,Mobile Offices
MO3610,Engineering & Architecture,2024,2,12,574,196,2.09,6.12,36x10 Mobile Office or Similar,36x10 Mobile Office or Similar,Small Mobile Office - 1 office + Sm. Open Area (up to 360 SF) - MO3610 or similar,Offices,Mobile Offices,Mobile Offices
MO3610,Engineering & Architecture,2025,2,10,549,164,1.82,6.10,36x10 Mobile Office or Similar,36x10 Mobile Office or Similar,Small Mobile Office - 1 office + Sm. Open Area (up to 360 SF) - MO3610 or similar,Offices,Mobile Offices,Mobile Offices
MO3610,"Educational, Membership & Religious Organizations",2024,1,32,484,265,6.61,12.08,36x10 Mobile Office or Similar,36x10 Mobile Office or Similar,Small Mobile Office - 1 office + Sm. Open Area (up to 360 SF) - MO3610 or similar,Offices,Mobile Offices,Mobile Offices
MO3610,Public Administration,2026,2,3,263,56,1.14,5.36,36x10 Mobile Office or Similar,36x10 Mobile Office or Similar,Small Mobile Office - 1 office + Sm. Open Area (up to 360 SF) - MO3610 or similar,Offices,Mobile Offices,Mobile Offices
MO3610,Highway & Heavy Construction,2025,2,17,549,285,3.10,5.96,36x10 Mobile Office or Similar,36x10 Mobile Office or Similar,Small Mobile Office - 1 office + Sm. Open Area (up to 360 SF) - MO3610 or similar,Offices,Mobile Offices,Mobile Offices
MO3610,Engineering & Architecture,2024,3,14,553,202,2.53,6.93,36x10 Mobile Office or Similar,36x10 Mobile Office or Similar,Small Mobile Office - 1 office + Sm. Open Area (up to 360 SF) - MO3610 or similar,Offices,Mobile Offices,Mobile Offices
MO3610,Professional Services,2025,2,89,549,1340,16.21,6.64,36x10 Mobile Office or Similar,36x10 Mobile Office or Similar,Small Mobile Office - 1 office + Sm. Open Area (up to 360 SF) - MO3610 or similar,Offices,Mobile Offices,Mobile Offices
MO3610,Non-Residential & GCs,2024,4,70,444,979,15.77,7.15,36x10 Mobile Office or Similar,36x10 Mobile Office or Similar,Small Mobile Office - 1 office + Sm. Open Area (up to 360 SF) - MO3610 or similar,Offices,Mobile Offices,Mobile Offices
MO3610,Highway & Heavy Construction,2025,3,12,504,282,2.38,4.26,36x10 Mobile Office or Similar,36x10 Mobile Office or Similar,Small Mobile Office - 1 office + Sm. Open Area (up to 360 SF) - MO3610 or similar,Offices,Mobile Offices,Mobile Offices
MO3610,Professional Services,2025,1,92,508,1459,18.11,6.31,36x10 Mobile Office or Similar,36x10 Mobile Office or Similar,Small Mobile Office - 1 office + Sm. Open Area (up to 360 SF) - MO3610 or similar,Offices,Mobile Offices,Mobile Offices
MO3610,Retail & Wholesale Trade,2025,3,28,504,438,5.56,6.39,36x10 Mobile Office or Similar,36x10 Mobile Office or Similar,Small Mobile Office - 1 office + Sm. Open Area (up to 360 SF) - MO3610 or similar,Offices,Mobile Offices,Mobile Offices
MO3610,Other,2024,1,22,484,247,4.55,8.91,36x10 Mobile Office or Similar,36x10 Mobile Office or Similar,Small Mobile Office - 1 office + Sm. Open Area (up to 360 SF) - MO3610 or similar,Offices,Mobile Offices,Mobile Offices
MO3610,"Arts, Media, Hotels & Entertainment",2025,1,33,508,829,6.50,3.98,36x10 Mobile Office or Similar,36x10 Mobile Office or Similar,Small Mobile Office - 1 office + Sm. Open Area (up to 360 SF) - MO3610 or similar,Offices,Mobile Offices,Mobile Offices
MO3610,Public Administration,2024,1,8,484,96,1.65,8.33,36x10 Mobile Office or Similar,36x10 Mobile Office or Similar,Small Mobile Office - 1 office + Sm. Open Area (up to 360 SF) - MO3610 or similar,Offices,Mobile Offices,Mobile Offices
MO3610,Highway & Heavy Construction,2026,2,13,263,153,4.94,8.50,36x10 Mobile Office or Similar,36x10 Mobile Office or Similar,Small Mobile Office - 1 office + Sm. Open Area (up to 360 SF) - MO3610 or similar,Offices,Mobile Offices,Mobile Offices
MO3610,,2025,1,4,508,53,0.79,7.55,36x10 Mobile Office or Similar,36x10 Mobile Office or Similar,Small Mobile Office - 1 office + Sm. Open Area (up to 360 SF) - MO3610 or similar,Offices,Mobile Offices,Mobile Offices
MO3610,Retail & Wholesale Trade,2024,1,21,484,614,4.34,3.42,36x10 Mobile Office or Similar,36x10 Mobile Office or Similar,Small Mobile Office - 1 office + Sm. Open Area (up to 360 SF) - MO3610 or similar,Offices,Mobile Offices,Mobile Offices
MO3610,Other,2024,4,4,444,62,0.90,6.45,36x10 Mobile Office or Similar,36x10 Mobile Office or Similar,Small Mobile Office - 1 office + Sm. Open Area (up to 360 SF) - MO3610 or similar,Offices,Mobile Offices,Mobile Offices
MO3610,Professional Services,2025,4,67,467,954,14.35,7.02,36x10 Mobile Office or Similar,36x10 Mobile Office or Similar,Small Mobile Office - 1 office + Sm. Open Area (up to 360 SF) - MO3610 or similar,Offices,Mobile Offices,Mobile Offices
MO3610,Professional Services,2024,4,76,444,1077,17.12,7.06,36x10 Mobile Office or Similar,36x10 Mobile Office or Similar,Small Mobile Office - 1 office + Sm. Open Area (up to 360 SF) - MO3610 or similar,Offices,Mobile Offices,Mobile Offices
MO3610,"Educational, Membership & Religious Organizations",2025,1,30,508,178,5.91,16.85,36x10 Mobile Office or Similar,36x10 Mobile Office or Similar,Small Mobile Office - 1 office + Sm. Open Area (up to 360 SF) - MO3610 or similar,Offices,Mobile Offices,Mobile Offices
MO3610,Manufacturing,2025,1,24,508,630,4.72,3.81,36x10 Mobile Office or Similar,36x10 Mobile Office or Similar,Small Mobile Office - 1 office + Sm. Open Area (up to 360 SF) - MO3610 or similar,Offices,Mobile Offices,Mobile Offices
MO3610,Mining & Utilities,2026,1,22,479,615,4.59,3.58,36x10 Mobile Office or Similar,36x10 Mobile Office or Similar,Small Mobile Office - 1 office + Sm. Open Area (up to 360 SF) - MO3610 or similar,Offices,Mobile Offices,Mobile Offices
MO3610,"Arts, Media, Hotels & Entertainment",2024,3,45,553,1158,8.14,3.89,36x10 Mobile Office or Similar,36x10 Mobile Office or Similar,Small Mobile Office - 1 office + Sm. Open Area (up to 360 SF) - MO3610 or similar,Offices,Mobile Offices,Mobile Offices
MO3610,Other,2024,3,25,553,151,4.52,16.56,36x10 Mobile Office or Similar,36x10 Mobile Office or Similar,Small Mobile Office - 1 office + Sm. Open Area (up to 360 SF) - MO3610 or similar,Offices,Mobile Offices,Mobile Offices
MO3610,Other,2024,2,15,574,188,2.61,7.98,36x10 Mobile Office or Similar,36x10 Mobile Office or Similar,Small Mobile Office - 1 office + Sm. Open Area (up to 360 SF) - MO3610 or similar,Offices,Mobile Offices,Mobile Offices
MO3610,Manufacturing,2025,3,22,504,477,4.37,4.61,36x10 Mobile Office or Similar,36x10 Mobile Office or Similar,Small Mobile Office - 1 office + Sm. Open Area (up to 360 SF) - MO3610 or similar,Offices,Mobile Offices,Mobile Offices
MO3610,,2024,2,12,574,98,2.09,12.24,36x10 Mobile Office or Similar,36x10 Mobile Office or Similar,Small Mobile Office - 1 office + Sm. Open Area (up to 360 SF) - MO3610 or similar,Offices,Mobile Offices,Mobile Offices
MO3610,Public Administration,2024,4,21,444,108,4.73,19.44,36x10 Mobile Office or Similar,36x10 Mobile Office or Similar,Small Mobile Office - 1 office + Sm. Open Area (up to 360 SF) - MO3610 or similar,Offices,Mobile Offices,Mobile Offices
MO3610,Home Builders & Developers,2024,2,107,574,1349,18.64,7.93,36x10 Mobile Office or Similar,36x10 Mobile Office or Similar,Small Mobile Office - 1 office + Sm. Open Area (up to 360 SF) - MO3610 or similar,Offices,Mobile Offices,Mobile Offices
MO3610,Non-Residential & GCs,2024,2,97,574,1460,16.90,6.64,36x10 Mobile Office or Similar,36x10 Mobile Office or Similar,Small Mobile Office - 1 office + Sm. Open Area (up to 360 SF) - MO3610 or similar,Offices,Mobile Offices,Mobile Offices
MO3610,Home Builders & Developers,2026,2,57,263,471,21.67,12.10,36x10 Mobile Office or Similar,36x10 Mobile Office or Similar,Small Mobile Office - 1 office + Sm. Open Area (up to 360 SF) - MO3610 or similar,Offices,Mobile Offices,Mobile Offices
MO3610,Manufacturing,2024,2,22,574,507,3.83,4.34,36x10 Mobile Office or Similar,36x10 Mobile Office or Similar,Small Mobile Office - 1 office + Sm. Open Area (up to 360 SF) - MO3610 or similar,Offices,Mobile Offices,Mobile Offices
MO3610,Other,2026,1,11,479,73,2.30,15.07,36x10 Mobile Office or Similar,36x10 Mobile Office or Similar,Small Mobile Office - 1 office + Sm. Open Area (up to 360 SF) - MO3610 or similar,Offices,Mobile Offices,Mobile Offices
MO3610,Mining & Utilities,2024,3,35,553,631,6.33,5.55,36x10 Mobile Office or Similar,36x10 Mobile Office or Similar,Small Mobile Office - 1 office + Sm. Open Area (up to 360 SF) - MO3610 or similar,Offices,Mobile Offices,Mobile Offices
MO3610,Other,2025,3,12,504,98,2.38,12.24,36x10 Mobile Office or Similar,36x10 Mobile Office or Similar,Small Mobile Office - 1 office + Sm. Open Area (up to 360 SF) - MO3610 or similar,Offices,Mobile Offices,Mobile Offices
MO3610,"Educational, Membership & Religious Organizations",2025,4,28,467,176,6.00,15.91,36x10 Mobile Office or Similar,36x10 Mobile Office or Similar,Small Mobile Office - 1 office + Sm. Open Area (up to 360 SF) - MO3610 or similar,Offices,Mobile Offices,Mobile Offices
MO3610,Professional Services,2025,3,86,504,1275,17.06,6.75,36x10 Mobile Office or Similar,36x10 Mobile Office or Similar,Small Mobile Office - 1 office + Sm. Open Area (up to 360 SF) - MO3610 or similar,Offices,Mobile Offices,Mobile Offices
MO3610,Retail & Wholesale Trade,2025,1,14,508,514,2.76,2.72,36x10 Mobile Office or Similar,36x10 Mobile Office or Similar,Small Mobile Office - 1 office + Sm. Open Area (up to 360 SF) - MO3610 or similar,Offices,Mobile Offices,Mobile Offices
MO3610,Public Administration,2025,1,8,508,88,1.57,9.09,36x10 Mobile Office or Similar,36x10 Mobile Office or Similar,Small Mobile Office - 1 office + Sm. Open Area (up to 360 SF) - MO3610 or similar,Offices,Mobile Offices,Mobile Offices
MO3610,Public Administration,2025,2,13,549,137,2.37,9.49,36x10 Mobile Office or Similar,36x10 Mobile Office or Similar,Small Mobile Office - 1 office + Sm. Open Area (up to 360 SF) - MO3610 or similar,Offices,Mobile Offices,Mobile Offices
MO3610,Professional Services,2026,1,77,479,1635,16.08,4.71,36x10 Mobile Office or Similar,36x10 Mobile Office or Similar,Small Mobile Office - 1 office + Sm. Open Area (up to 360 SF) - MO3610 or similar,Offices,Mobile Offices,Mobile Offices
MO3610,Mining & Utilities,2025,1,33,508,641,6.50,5.15,36x10 Mobile Office or Similar,36x10 Mobile Office or Similar,Small Mobile Office - 1 office + Sm. Open Area (up to 360 SF) - MO3610 or similar,Offices,Mobile Offices,Mobile Offices
MO3610,Subcontractors,2024,3,67,553,980,12.12,6.84,36x10 Mobile Office or Similar,36x10 Mobile Office or Similar,Small Mobile Office - 1 office + Sm. Open Area (up to 360 SF) - MO3610 or similar,Offices,Mobile Offices,Mobile Offices
MO3610,Non-Residential & GCs,2025,1,78,508,1032,15.35,7.56,36x10 Mobile Office or Similar,36x10 Mobile Office or Similar,Small Mobile Office - 1 office + Sm. Open Area (up to 360 SF) - MO3610 or similar,Offices,Mobile Offices,Mobile Offices
MO3610,,2025,3,4,504,52,0.79,7.69,36x10 Mobile Office or Similar,36x10 Mobile Office or Similar,Small Mobile Office - 1 office + Sm. Open Area (up to 360 SF) - MO3610 or similar,Offices,Mobile Offices,Mobile Offices
MO3610,Public Administration,2024,2,6,574,127,1.05,4.72,36x10 Mobile Office or Similar,36x10 Mobile Office or Similar,Small Mobile Office - 1 office + Sm. Open Area (up to 360 SF) - MO3610 or similar,Offices,Mobile Offices,Mobile Offices
MO3610,Other,2026,2,4,263,35,1.52,11.43,36x10 Mobile Office or Similar,36x10 Mobile Office or Similar,Small Mobile Office - 1 office + Sm. Open Area (up to 360 SF) - MO3610 or similar,Offices,Mobile Offices,Mobile Offices
MO3610,Health Care,2026,1,1,479,35,0.21,2.86,36x10 Mobile Office or Similar,36x10 Mobile Office or Similar,Small Mobile Office - 1 office + Sm. Open Area (up to 360 SF) - MO3610 or similar,Offices,Mobile Offices,Mobile Offices
MO3610,Home Builders & Developers,2024,4,83,444,1006,18.69,8.25,36x10 Mobile Office or Similar,36x10 Mobile Office or Similar,Small Mobile Office - 1 office + Sm. Open Area (up to 360 SF) - MO3610 or similar,Offices,Mobile Offices,Mobile Offices
MO3610,"Arts, Media, Hotels & Entertainment",2024,1,30,484,898,6.20,3.34,36x10 Mobile Office or Similar,36x10 Mobile Office or Similar,Small Mobile Office - 1 office + Sm. Open Area (up to 360 SF) - MO3610 or similar,Offices,Mobile Offices,Mobile Offices
MO3610,Mining & Utilities,2024,1,33,484,732,6.82,4.51,36x10 Mobile Office or Similar,36x10 Mobile Office or Similar,Small Mobile Office - 1 office + Sm. Open Area (up to 360 SF) - MO3610 or similar,Offices,Mobile Offices,Mobile Offices
MO3610,Manufacturing,2026,2,13,263,184,4.94,7.07,36x10 Mobile Office or Similar,36x10 Mobile Office or Similar,Small Mobile Office - 1 office + Sm. Open Area (up to 360 SF) - MO3610 or similar,Offices,Mobile Offices,Mobile Offices
MO3610,"Arts, Media, Hotels & Entertainment",2026,1,20,479,655,4.18,3.05,36x10 Mobile Office or Similar,36x10 Mobile Office or Similar,Small Mobile Office - 1 office + Sm. Open Area (up to 360 SF) - MO3610 or similar,Offices,Mobile Offices,Mobile Offices
MO3610,"Educational, Membership & Religious Organizations",2026,2,6,263,127,2.28,4.72,36x10 Mobile Office or Similar,36x10 Mobile Office or Similar,Small Mobile Office - 1 office + Sm. Open Area (up to 360 SF) - MO3610 or similar,Offices,Mobile Offices,Mobile Offices
MO3610,,2025,4,2,467,40,0.43,5.00,36x10 Mobile Office or Similar,36x10 Mobile Office or Similar,Small Mobile Office - 1 office + Sm. Open Area (up to 360 SF) - MO3610 or similar,Offices,Mobile Offices,Mobile Offices
MO3610,Retail & Wholesale Trade,2026,2,16,263,215,6.08,7.44,36x10 Mobile Office or Similar,36x10 Mobile Office or Similar,Small Mobile Office - 1 office + Sm. Open Area (up to 360 SF) - MO3610 or similar,Offices,Mobile Offices,Mobile Offices
MO3610,Home Builders & Developers,2025,4,94,467,1022,20.13,9.20,36x10 Mobile Office or Similar,36x10 Mobile Office or Similar,Small Mobile Office - 1 office + Sm. Open Area (up to 360 SF) - MO3610 or similar,Offices,Mobile Offices,Mobile Offices
MO3610,"Educational, Membership & Religious Organizations",2024,4,14,444,160,3.15,8.75,36x10 Mobile Office or Similar,36x10 Mobile Office or Similar,Small Mobile Office - 1 office + Sm. Open Area (up to 360 SF) - MO3610 or similar,Offices,Mobile Offices,Mobile Offices
MO3610,"Arts, Media, Hotels & Entertainment",2026,2,31,263,313,11.79,9.90,36x10 Mobile Office or Similar,36x10 Mobile Office or Similar,Small Mobile Office - 1 office + Sm. Open Area (up to 360 SF) - MO3610 or similar,Offices,Mobile Offices,Mobile Offices
MO3610,Mining & Utilities,2024,4,31,444,433,6.98,7.16,36x10 Mobile Office or Similar,36x10 Mobile Office or Similar,Small Mobile Office - 1 office + Sm. Open Area (up to 360 SF) - MO3610 or similar,Offices,Mobile Offices,Mobile Offices
MO3610,Mining & Utilities,2024,2,19,574,588,3.31,3.23,36x10 Mobile Office or Similar,36x10 Mobile Office or Similar,Small Mobile Office - 1 office + Sm. Open Area (up to 360 SF) - MO3610 or similar,Offices,Mobile Offices,Mobile Offices
MO3610,Highway & Heavy Construction,2025,1,19,508,286,3.74,6.64,36x10 Mobile Office or Similar,36x10 Mobile Office or Similar,Small Mobile Office - 1 office + Sm. Open Area (up to 360 SF) - MO3610 or similar,Offices,Mobile Offices,Mobile Offices
MO3610,Highway & Heavy Construction,2024,4,14,444,280,3.15,5.00,36x10 Mobile Office or Similar,36x10 Mobile Office or Similar,Small Mobile Office - 1 office + Sm. Open Area (up to 360 SF) - MO3610 or similar,Offices,Mobile Offices,Mobile Offices
MO3610,,2024,3,5,553,62,0.90,8.06,36x10 Mobile Office or Similar,36x10 Mobile Office or Similar,Small Mobile Office - 1 office + Sm. Open Area (up to 360 SF) - MO3610 or similar,Offices,Mobile Offices,Mobile Offices
MO3610,Engineering & Architecture,2025,3,6,504,155,1.19,3.87,36x10 Mobile Office or Similar,36x10 Mobile Office or Similar,Small Mobile Office - 1 office + Sm. Open Area (up to 360 SF) - MO3610 or similar,Offices,Mobile Offices,Mobile Offices
MO3610,"Educational, Membership & Religious Organizations",2024,2,7,574,248,1.22,2.82,36x10 Mobile Office or Similar,36x10 Mobile Office or Similar,Small Mobile Office - 1 office + Sm. Open Area (up to 360 SF) - MO3610 or similar,Offices,Mobile Offices,Mobile Offices
MO3610,Health Care,2025,3,3,504,44,0.60,6.82,36x10 Mobile Office or Similar,36x10 Mobile Office or Similar,Small Mobile Office - 1 office + Sm. Open Area (up to 360 SF) - MO3610 or similar,Offices,Mobile Offices,Mobile Offices
MO3610,,2026,1,4,479,54,0.84,7.41,36x10 Mobile Office or Similar,36x10 Mobile Office or Similar,Small Mobile Office - 1 office + Sm. Open Area (up to 360 SF) - MO3610 or similar,Offices,Mobile Offices,Mobile Offices
MO3610,Subcontractors,2025,4,66,467,824,14.13,8.01,36x10 Mobile Office or Similar,36x10 Mobile Office or Similar,Small Mobile Office - 1 office + Sm. Open Area (up to 360 SF) - MO3610 or similar,Offices,Mobile Offices,Mobile Offices
MO3610,Professional Services,2024,3,88,553,1511,15.91,5.82,36x10 Mobile Office or Similar,36x10 Mobile Office or Similar,Small Mobile Office - 1 office + Sm. Open Area (up to 360 SF) - MO3610 or similar,Offices,Mobile Offices,Mobile Offices
MO3610,Professional Services,2024,2,104,574,1628,18.12,6.39,36x10 Mobile Office or Similar,36x10 Mobile Office or Similar,Small Mobile Office - 1 office + Sm. Open Area (up to 360 SF) - MO3610 or similar,Offices,Mobile Offices,Mobile Offices
MO3610,Subcontractors,2024,1,42,484,1039,8.68,4.04,36x10 Mobile Office or Similar,36x10 Mobile Office or Similar,Small Mobile Office - 1 office + Sm. Open Area (up to 360 SF) - MO3610 or similar,Offices,Mobile Offices,Mobile Offices
MO3610,Highway & Heavy Construction,2024,2,26,574,360,4.53,7.22,36x10 Mobile Office or Similar,36x10 Mobile Office or Similar,Small Mobile Office - 1 office + Sm. Open Area (up to 360 SF) - MO3610 or similar,Offices,Mobile Offices,Mobile Offices
MO3610,Subcontractors,2026,2,27,263,353,10.27,7.65,36x10 Mobile Office or Similar,36x10 Mobile Office or Similar,Small Mobile Office - 1 office + Sm. Open Area (up to 360 SF) - MO3610 or similar,Offices,Mobile Offices,Mobile Offices
MO3610,Public Administration,2024,3,14,553,115,2.53,12.17,36x10 Mobile Office or Similar,36x10 Mobile Office or Similar,Small Mobile Office - 1 office + Sm. Open Area (up to 360 SF) - MO3610 or similar,Offices,Mobile Offices,Mobile Offices
MO3610,Retail & Wholesale Trade,2026,1,23,479,492,4.80,4.67,36x10 Mobile Office or Similar,36x10 Mobile Office or Similar,Small Mobile Office - 1 office + Sm. Open Area (up to 360 SF) - MO3610 or similar,Offices,Mobile Offices,Mobile Offices
MO3610,,2024,4,3,444,41,0.68,7.32,36x10 Mobile Office or Similar,36x10 Mobile Office or Similar,Small Mobile Office - 1 office + Sm. Open Area (up to 360 SF) - MO3610 or similar,Offices,Mobile Offices,Mobile Offices
MO3610,Home Builders & Developers,2024,1,82,484,1228,16.94,6.68,36x10 Mobile Office or Similar,36x10 Mobile Office or Similar,Small Mobile Office - 1 office + Sm. Open Area (up to 360 SF) - MO3610 or similar,Offices,Mobile Offices,Mobile Offices
MO3610,Non-Residential & GCs,2026,2,42,263,450,15.97,9.33,36x10 Mobile Office or Similar,36x10 Mobile Office or Similar,Small Mobile Office - 1 office + Sm. Open Area (up to 360 SF) - MO3610 or similar,Offices,Mobile Offices,Mobile Offices
MO3610,Manufacturing,2024,4,26,444,375,5.86,6.93,36x10 Mobile Office or Similar,36x10 Mobile Office or Similar,Small Mobile Office - 1 office + Sm. Open Area (up to 360 SF) - MO3610 or similar,Offices,Mobile Offices,Mobile Offices
MO3610,Subcontractors,2024,4,38,444,743,8.56,5.11,36x10 Mobile Office or Similar,36x10 Mobile Office or Similar,Small Mobile Office - 1 office + Sm. Open Area (up to 360 SF) - MO3610 or similar,Offices,Mobile Offices,Mobile Offices
MO3610,Highway & Heavy Construction,2026,1,17,479,300,3.55,5.67,36x10 Mobile Office or Similar,36x10 Mobile Office or Similar,Small Mobile Office - 1 office + Sm. Open Area (up to 360 SF) - MO3610 or similar,Offices,Mobile Offices,Mobile Offices
MO3610,Engineering & Architecture,2026,1,11,479,151,2.30,7.28,36x10 Mobile Office or Similar,36x10 Mobile Office or Similar,Small Mobile Office - 1 office + Sm. Open Area (up to 360 SF) - MO3610 or similar,Offices,Mobile Offices,Mobile Offices
MO3610,Home Builders & Developers,2025,1,110,508,1185,21.65,9.28,36x10 Mobile Office or Similar,36x10 Mobile Office or Similar,Small Mobile Office - 1 office + Sm. Open Area (up to 360 SF) - MO3610 or similar,Offices,Mobile Offices,Mobile Offices
MO3610,Home Builders & Developers,2024,3,89,553,1231,16.09,7.23,36x10 Mobile Office or Similar,36x10 Mobile Office or Similar,Small Mobile Office - 1 office + Sm. Open Area (up to 360 SF) - MO3610 or similar,Offices,Mobile Offices,Mobile Offices
MO3610,Manufacturing,2026,1,27,479,583,5.64,4.63,36x10 Mobile Office or Similar,36x10 Mobile Office or Similar,Small Mobile Office - 1 office + Sm. Open Area (up to 360 SF) - MO3610 or similar,Offices,Mobile Offices,Mobile Offices
MO3610,Highway & Heavy Construction,2025,4,17,467,254,3.64,6.69,36x10 Mobile Office or Similar,36x10 Mobile Office or Similar,Small Mobile Office - 1 office + Sm. Open Area (up to 360 SF) - MO3610 or similar,Offices,Mobile Offices,Mobile Offices
MO3610,Engineering & Architecture,2025,4,11,467,129,2.36,8.53,36x10 Mobile Office or Similar,36x10 Mobile Office or Similar,Small Mobile Office - 1 office + Sm. Open Area (up to 360 SF) - MO3610 or similar,Offices,Mobile Offices,Mobile Offices
MO3610,Engineering & Architecture,2024,1,10,484,185,2.07,5.41,36x10 Mobile Office or Similar,36x10 Mobile Office or Similar,Small Mobile Office - 1 office + Sm. Open Area (up to 360 SF) - MO3610 or similar,Offices,Mobile Offices,Mobile Offices
MO3610,,2025,2,4,549,51,0.73,7.84,36x10 Mobile Office or Similar,36x10 Mobile Office or Similar,Small Mobile Office - 1 office + Sm. Open Area (up to 360 SF) - MO3610 or similar,Offices,Mobile Offices,Mobile Offices
MO3610,,2024,1,4,484,59,0.83,6.78,36x10 Mobile Office or Similar,36x10 Mobile Office or Similar,Small Mobile Office - 1 office + Sm. Open Area (up to 360 SF) - MO3610 or similar,Offices,Mobile Offices,Mobile Offices
MO3610,Subcontractors,2026,1,53,479,887,11.06,5.98,36x10 Mobile Office or Similar,36x10 Mobile Office or Similar,Small Mobile Office - 1 office + Sm. Open Area (up to 360 SF) - MO3610 or similar,Offices,Mobile Offices,Mobile Offices
MO3610,"Educational, Membership & Religious Organizations",2026,1,22,479,183,4.59,12.02,36x10 Mobile Office or Similar,36x10 Mobile Office or Similar,Small Mobile Office - 1 office + Sm. Open Area (up to 360 SF) - MO3610 or similar,Offices,Mobile Offices,Mobile Offices
MO3610,"Arts, Media, Hotels & Entertainment",2024,2,47,574,1014,8.19,4.64,36x10 Mobile Office or Similar,36x10 Mobile Office or Similar,Small Mobile Office - 1 office + Sm. Open Area (up to 360 SF) - MO3610 or similar,Offices,Mobile Offices,Mobile Offices
MO3610,Subcontractors,2025,2,61,549,925,11.11,6.59,36x10 Mobile Office or Similar,36x10 Mobile Office or Similar,Small Mobile Office - 1 office + Sm. Open Area (up to 360 SF) - MO3610 or similar,Offices,Mobile Offices,Mobile Offices
MO3610,Manufacturing,2025,4,19,467,339,4.07,5.60,36x10 Mobile Office or Similar,36x10 Mobile Office or Similar,Small Mobile Office - 1 office + Sm. Open Area (up to 360 SF) - MO3610 or similar,Offices,Mobile Offices,Mobile Offices
MO3610,Public Administration,2025,3,9,504,105,1.79,8.57,36x10 Mobile Office or Similar,36x10 Mobile Office or Similar,Small Mobile Office - 1 office + Sm. Open Area (up to 360 SF) - MO3610 or similar,Offices,Mobile Offices,Mobile Offices
MO3610,Other,2025,4,10,467,82,2.14,12.20,36x10 Mobile Office or Similar,36x10 Mobile Office or Similar,Small Mobile Office - 1 office + Sm. Open Area (up to 360 SF) - MO3610 or similar,Offices,Mobile Offices,Mobile Offices
MO3610,"Educational, Membership & Religious Organizations",2025,2,5,549,210,0.91,2.38,36x10 Mobile Office or Similar,36x10 Mobile Office or Similar,Small Mobile Office - 1 office + Sm. Open Area (up to 360 SF) - MO3610 or similar,Offices,Mobile Offices,Mobile Offices
MO3610,"Educational, Membership & Religious Organizations",2025,3,6,504,124,1.19,4.84,36x10 Mobile Office or Similar,36x10 Mobile Office or Similar,Small Mobile Office - 1 office + Sm. Open Area (up to 360 SF) - MO3610 or similar,Offices,Mobile Offices,Mobile Offices
MO3610,Health Care,2024,3,3,553,46,0.54,6.52,36x10 Mobile Office or Similar,36x10 Mobile Office or Similar,Small Mobile Office - 1 office + Sm. Open Area (up to 360 SF) - MO3610 or similar,Offices,Mobile Offices,Mobile Offices
MO3610,Health Care,2024,1,3,484,24,0.62,12.50,36x10 Mobile Office or Similar,36x10 Mobile Office or Similar,Small Mobile Office - 1 office + Sm. Open Area (up to 360 SF) - MO3610 or similar,Offices,Mobile Offices,Mobile Offices
MO3610,"Arts, Media, Hotels & Entertainment",2025,2,30,549,854,5.46,3.51,36x10 Mobile Office or Similar,36x10 Mobile Office or Similar,Small Mobile Office - 1 office + Sm. Open Area (up to 360 SF) - MO3610 or similar,Offices,Mobile Offices,Mobile Offices
MO3610,Professional Services,2024,1,68,484,1538,14.05,4.42,36x10 Mobile Office or Similar,36x10 Mobile Office or Similar,Small Mobile Office - 1 office + Sm. Open Area (up to 360 SF) - MO3610 or similar,Offices,Mobile Offices,Mobile Offices
MO3610,Non-Residential & GCs,2024,3,88,553,1153,15.91,7.63,36x10 Mobile Office or Similar,36x10 Mobile Office or Similar,Small Mobile Office - 1 office + Sm. Open Area (up to 360 SF) - MO3610 or similar,Offices,Mobile Offices,Mobile Offices
MO3610,Subcontractors,2025,1,48,508,925,9.45,5.19,36x10 Mobile Office or Similar,36x10 Mobile Office or Similar,Small Mobile Office - 1 office + Sm. Open Area (up to 360 SF) - MO3610 or similar,Offices,Mobile Offices,Mobile Offices
MO3610,Home Builders & Developers,2026,1,106,479,1104,22.13,9.60,36x10 Mobile Office or Similar,36x10 Mobile Office or Similar,Small Mobile Office - 1 office + Sm. Open Area (up to 360 SF) - MO3610 or similar,Offices,Mobile Offices,Mobile Offices
MO3610,Manufacturing,2024,3,25,553,552,4.52,4.53,36x10 Mobile Office or Similar,36x10 Mobile Office or Similar,Small Mobile Office - 1 office + Sm. Open Area (up to 360 SF) - MO3610 or similar,Offices,Mobile Offices,Mobile Offices
MO3610,Home Builders & Developers,2025,2,97,549,1237,17.67,7.84,36x10 Mobile Office or Similar,36x10 Mobile Office or Similar,Small Mobile Office - 1 office + Sm. Open Area (up to 360 SF) - MO3610 or similar,Offices,Mobile Offices,Mobile Offices
MO3610,Mining & Utilities,2025,4,29,467,341,6.21,8.50,36x10 Mobile Office or Similar,36x10 Mobile Office or Similar,Small Mobile Office - 1 office + Sm. Open Area (up to 360 SF) - MO3610 or similar,Offices,Mobile Offices,Mobile Offices
MO3610,Retail & Wholesale Trade,2025,4,21,467,422,4.50,4.98,36x10 Mobile Office or Similar,36x10 Mobile Office or Similar,Small Mobile Office - 1 office + Sm. Open Area (up to 360 SF) - MO3610 or similar,Offices,Mobile Offices,Mobile Offices
MO3610,"Arts, Media, Hotels & Entertainment",2024,4,20,444,312,4.50,6.41,36x10 Mobile Office or Similar,36x10 Mobile Office or Similar,Small Mobile Office - 1 office + Sm. Open Area (up to 360 SF) - MO3610 or similar,Offices,Mobile Offices,Mobile Offices
MO3610,Other,2025,2,31,549,176,5.65,17.61,36x10 Mobile Office or Similar,36x10 Mobile Office or Similar,Small Mobile Office - 1 office + Sm. Open Area (up to 360 SF) - MO3610 or similar,Offices,Mobile Offices,Mobile Offices
MO3610,Health Care,2025,2,6,549,49,1.09,12.24,36x10 Mobile Office or Similar,36x10 Mobile Office or Similar,Small Mobile Office - 1 office + Sm. Open Area (up to 360 SF) - MO3610 or similar,Offices,Mobile Offices,Mobile Offices
MO3610,Engineering & Architecture,2025,1,9,508,217,1.77,4.15,36x10 Mobile Office or Similar,36x10 Mobile Office or Similar,Small Mobile Office - 1 office + Sm. Open Area (up to 360 SF) - MO3610 or similar,Offices,Mobile Offices,Mobile Offices
MO3610,Mining & Utilities,2025,2,22,549,358,4.01,6.15,36x10 Mobile Office or Similar,36x10 Mobile Office or Similar,Small Mobile Office - 1 office + Sm. Open Area (up to 360 SF) - MO3610 or similar,Offices,Mobile Offices,Mobile Offices
MO3610,Non-Residential & GCs,2026,1,76,479,1084,15.87,7.01,36x10 Mobile Office or Similar,36x10 Mobile Office or Similar,Small Mobile Office - 1 office + Sm. Open Area (up to 360 SF) - MO3610 or similar,Offices,Mobile Offices,Mobile Offices
MO3610,Highway & Heavy Construction,2024,3,17,553,315,3.07,5.40,36x10 Mobile Office or Similar,36x10 Mobile Office or Similar,Small Mobile Office - 1 office + Sm. Open Area (up to 360 SF) - MO3610 or similar,Offices,Mobile Offices,Mobile Offices
MO3610,Manufacturing,2024,1,24,484,537,4.96,4.47,36x10 Mobile Office or Similar,36x10 Mobile Office or Similar,Small Mobile Office - 1 office + Sm. Open Area (up to 360 SF) - MO3610 or similar,Offices,Mobile Offices,Mobile Offices
MO3610,Mining & Utilities,2026,2,13,263,145,4.94,8.97,36x10 Mobile Office or Similar,36x10 Mobile Office or Similar,Small Mobile Office - 1 office + Sm. Open Area (up to 360 SF) - MO3610 or similar,Offices,Mobile Offices,Mobile Offices
MO3610,"Arts, Media, Hotels & Entertainment",2025,4,12,467,258,2.57,4.65,36x10 Mobile Office or Similar,36x10 Mobile Office or Similar,Small Mobile Office - 1 office + Sm. Open Area (up to 360 SF) - MO3610 or similar,Offices,Mobile Offices,Mobile Offices
MO3610,Non-Residential & GCs,2025,2,109,549,1225,19.85,8.90,36x10 Mobile Office or Similar,36x10 Mobile Office or Similar,Small Mobile Office - 1 office + Sm. Open Area (up to 360 SF) - MO3610 or similar,Offices,Mobile Offices,Mobile Offices
MO3610,Retail & Wholesale Trade,2024,2,32,574,554,5.57,5.78,36x10 Mobile Office or Similar,36x10 Mobile Office or Similar,Small Mobile Office - 1 office + Sm. Open Area (up to 360 SF) - MO3610 or similar,Offices,Mobile Offices,Mobile Offices
MO3610,Non-Residential & GCs,2025,4,71,467,947,15.20,7.50,36x10 Mobile Office or Similar,36x10 Mobile Office or Similar,Small Mobile Office - 1 office + Sm. Open Area (up to 360 SF) - MO3610 or similar,Offices,Mobile Offices,Mobile Offices
MO3610,Subcontractors,2025,3,66,504,943,13.10,7.00,36x10 Mobile Office or Similar,36x10 Mobile Office or Similar,Small Mobile Office - 1 office + Sm. Open Area (up to 360 SF) - MO3610 or similar,Offices,Mobile Offices,Mobile Offices
MO3610,Retail & Wholesale Trade,2024,3,29,553,508,5.24,5.71,36x10 Mobile Office or Similar,36x10 Mobile Office or Similar,Small Mobile Office - 1 office + Sm. Open Area (up to 360 SF) - MO3610 or similar,Offices,Mobile Offices,Mobile Offices
MO3610,Highway & Heavy Construction,2024,1,22,484,363,4.55,6.06,36x10 Mobile Office or Similar,36x10 Mobile Office or Similar,Small Mobile Office - 1 office + Sm. Open Area (up to 360 SF) - MO3610 or similar,Offices,Mobile Offices,Mobile Offices
MO3610,Retail & Wholesale Trade,2025,2,25,549,462,4.55,5.41,36x10 Mobile Office or Similar,36x10 Mobile Office or Similar,Small Mobile Office - 1 office + Sm. Open Area (up to 360 SF) - MO3610 or similar,Offices,Mobile Offices,Mobile Offices
MO7414,Subcontractors,2024,1,1,19,1039,5.26,0.10,74x14 Mobile Office or Similar,74x14 Mobile Office or Similar,Extra Large Mobile Office - 3 offices + Med. Size Open Area (up to 1036 SF) - MO7414 or similar,Offices,Mobile Offices,Mobile Offices
MO7414,Professional Services,2025,2,3,39,1340,7.69,0.22,74x14 Mobile Office or Similar,74x14 Mobile Office or Similar,Extra Large Mobile Office - 3 offices + Med. Size Open Area (up to 1036 SF) - MO7414 or similar,Offices,Mobile Offices,Mobile Offices
MO7414,Home Builders & Developers,2025,2,10,39,1237,25.64,0.81,74x14 Mobile Office or Similar,74x14 Mobile Office or Similar,Extra Large Mobile Office - 3 offices + Med. Size Open Area (up to 1036 SF) - MO7414 or similar,Offices,Mobile Offices,Mobile Offices
MO7414,Home Builders & Developers,2024,1,8,19,1228,42.11,0.65,74x14 Mobile Office or Similar,74x14 Mobile Office or Similar,Extra Large Mobile Office - 3 offices + Med. Size Open Area (up to 1036 SF) - MO7414 or similar,Offices,Mobile Offices,Mobile Offices
MO7414,Professional Services,2024,2,7,31,1628,22.58,0.43,74x14 Mobile Office or Similar,74x14 Mobile Office or Similar,Extra Large Mobile Office - 3 offices + Med. Size Open Area (up to 1036 SF) - MO7414 or similar,Offices,Mobile Offices,Mobile Offices
MO7414,Professional Services,2026,1,6,26,1635,23.08,0.37,74x14 Mobile Office or Similar,74x14 Mobile Office or Similar,Extra Large Mobile Office - 3 offices + Med. Size Open Area (up to 1036 SF) - MO7414 or similar,Offices,Mobile Offices,Mobile Offices
MO7414,Home Builders & Developers,2025,3,9,26,1104,34.62,0.82,74x14 Mobile Office or Similar,74x14 Mobile Office or Similar,Extra Large Mobile Office - 3 offices + Med. Size Open Area (up to 1036 SF) - MO7414 or similar,Offices,Mobile Offices,Mobile Offices
MO7414,Retail & Wholesale Trade,2024,4,2,22,389,9.09,0.51,74x14 Mobile Office or Similar,74x14 Mobile Office or Similar,Extra Large Mobile Office - 3 offices + Med. Size Open Area (up to 1036 SF) - MO7414 or similar,Offices,Mobile Offices,Mobile Offices
MO7414,"Arts, Media, Hotels & Entertainment",2025,2,2,39,854,5.13,0.23,74x14 Mobile Office or Similar,74x14 Mobile Office or Similar,Extra Large Mobile Office - 3 offices + Med. Size Open Area (up to 1036 SF) - MO7414 or similar,Offices,Mobile Offices,Mobile Offices
MO7414,Retail & Wholesale Trade,2025,1,3,35,514,8.57,0.58,74x14 Mobile Office or Similar,74x14 Mobile Office or Similar,Extra Large Mobile Office - 3 offices + Med. Size Open Area (up to 1036 SF) - MO7414 or similar,Offices,Mobile Offices,Mobile Offices
MO7414,Non-Residential & GCs,2026,1,6,26,1084,23.08,0.55,74x14 Mobile Office or Similar,74x14 Mobile Office or Similar,Extra Large Mobile Office - 3 offices + Med. Size Open Area (up to 1036 SF) - MO7414 or similar,Offices,Mobile Offices,Mobile Offices
MO7414,Professional Services,2025,3,4,26,1275,15.38,0.31,74x14 Mobile Office or Similar,74x14 Mobile Office or Similar,Extra Large Mobile Office - 3 offices + Med. Size Open Area (up to 1036 SF) - MO7414 or similar,Offices,Mobile Offices,Mobile Offices
MO7414,Subcontractors,2025,2,4,39,925,10.26,0.43,74x14 Mobile Office or Similar,74x14 Mobile Office or Similar,Extra Large Mobile Office - 3 offices + Med. Size Open Area (up to 1036 SF) - MO7414 or similar,Offices,Mobile Offices,Mobile Offices
MO7414,Highway & Heavy Construction,2025,3,4,26,282,15.38,1.42,74x14 Mobile Office or Similar,74x14 Mobile Office or Similar,Extra Large Mobile Office - 3 offices + Med. Size Open Area (up to 1036 SF) - MO7414 or similar,Offices,Mobile Offices,Mobile Offices
MO7414,Home Builders & Developers,2024,3,7,24,1231,29.17,0.57,74x14 Mobile Office or Similar,74x14 Mobile Office or Similar,Extra Large Mobile Office - 3 offices + Med. Size Open Area (up to 1036 SF) - MO7414 or similar,Offices,Mobile Offices,Mobile Offices
MO7414,Subcontractors,2026,2,3,7,353,42.86,0.85,74x14 Mobile Office or Similar,74x14 Mobile Office or Similar,Extra Large Mobile Office - 3 offices + Med. Size Open Area (up to 1036 SF) - MO7414 or similar,Offices,Mobile Offices,Mobile Offices
MO7414,Subcontractors,2025,3,3,26,943,11.54,0.32,74x14 Mobile Office or Similar,74x14 Mobile Office or Similar,Extra Large Mobile Office - 3 offices + Med. Size Open Area (up to 1036 SF) - MO7414 or similar,Offices,Mobile Offices,Mobile Offices
MO7414,Retail & Wholesale Trade,2024,3,1,24,508,4.17,0.20,74x14 Mobile Office or Similar,74x14 Mobile Office or Similar,Extra Large Mobile Office - 3 offices + Med. Size Open Area (up to 1036 SF) - MO7414 or similar,Offices,Mobile Offices,Mobile Offices
MO7414,Mining & Utilities,2024,2,1,31,588,3.23,0.17,74x14 Mobile Office or Similar,74x14 Mobile Office or Similar,Extra Large Mobile Office - 3 offices + Med. Size Open Area (up to 1036 SF) - MO7414 or similar,Offices,Mobile Offices,Mobile Offices
MO7414,Highway & Heavy Construction,2026,2,1,7,153,14.29,0.65,74x14 Mobile Office or Similar,74x14 Mobile Office or Similar,Extra Large Mobile Office - 3 offices + Med. Size Open Area (up to 1036 SF) - MO7414 or similar,Offices,Mobile Offices,Mobile Offices
MO7414,Home Builders & Developers,2025,1,10,35,1185,28.57,0.84,74x14 Mobile Office or Similar,74x14 Mobile Office or Similar,Extra Large Mobile Office - 3 offices + Med. Size Open Area (up to 1036 SF) - MO7414 or similar,Offices,Mobile Offices,Mobile Offices
MO7414,Public Administration,2025,4,1,21,104,4.76,0.96,74x14 Mobile Office or Similar,74x14 Mobile Office or Similar,Extra Large Mobile Office - 3 offices + Med. Size Open Area (up to 1036 SF) - MO7414 or similar,Offices,Mobile Offices,Mobile Offices
MO7414,Retail & Wholesale Trade,2025,3,1,26,438,3.85,0.23,74x14 Mobile Office or Similar,74x14 Mobile Office or Similar,Extra Large Mobile Office - 3 offices + Med. Size Open Area (up to 1036 SF) - MO7414 or similar,Offices,Mobile Offices,Mobile Offices
MO7414,Non-Residential & GCs,2025,2,18,39,1225,46.15,1.47,74x14 Mobile Office or Similar,74x14 Mobile Office or Similar,Extra Large Mobile Office - 3 offices + Med. Size Open Area (up to 1036 SF) - MO7414 or similar,Offices,Mobile Offices,Mobile Offices
MO7414,Non-Residential & GCs,2025,4,7,21,947,33.33,0.74,74x14 Mobile Office or Similar,74x14 Mobile Office or Similar,Extra Large Mobile Office - 3 offices + Med. Size Open Area (up to 1036 SF) - MO7414 or similar,Offices,Mobile Offices,Mobile Offices
MO7414,Engineering & Architecture,2025,3,2,26,155,7.69,1.29,74x14 Mobile Office or Similar,74x14 Mobile Office or Similar,Extra Large Mobile Office - 3 offices + Med. Size Open Area (up to 1036 SF) - MO7414 or similar,Offices,Mobile Offices,Mobile Offices
MO7414,Subcontractors,2025,1,3,35,925,8.57,0.32,74x14 Mobile Office or Similar,74x14 Mobile Office or Similar,Extra Large Mobile Office - 3 offices + Med. Size Open Area (up to 1036 SF) - MO7414 or similar,Offices,Mobile Offices,Mobile Offices
MO7414,Non-Residential & GCs,2024,2,4,31,1460,12.90,0.27,74x14 Mobile Office or Similar,74x14 Mobile Office or Similar,Extra Large Mobile Office - 3 offices + Med. Size Open Area (up to 1036 SF) - MO7414 or similar,Offices,Mobile Offices,Mobile Offices
MO7414,Manufacturing,2025,4,2,21,339,9.52,0.59,74x14 Mobile Office or Similar,74x14 Mobile Office or Similar,Extra Large Mobile Office - 3 offices + Med. Size Open Area (up to 1036 SF) - MO7414 or similar,Offices,Mobile Offices,Mobile Offices
MO7414,Retail & Wholesale Trade,2024,1,1,19,614,5.26,0.16,74x14 Mobile Office or Similar,74x14 Mobile Office or Similar,Extra Large Mobile Office - 3 offices + Med. Size Open Area (up to 1036 SF) - MO7414 or similar,Offices,Mobile Offices,Mobile Offices
MO7414,Public Administration,2025,1,1,35,88,2.86,1.14,74x14 Mobile Office or Similar,74x14 Mobile Office or Similar,Extra Large Mobile Office - 3 offices + Med. Size Open Area (up to 1036 SF) - MO7414 or similar,Offices,Mobile Offices,Mobile Offices
MO7414,Non-Residential & GCs,2025,1,11,35,1032,31.43,1.07,74x14 Mobile Office or Similar,74x14 Mobile Office or Similar,Extra Large Mobile Office - 3 offices + Med. Size Open Area (up to 1036 SF) - MO7414 or similar,Offices,Mobile Offices,Mobile Offices
MO7414,Professional Services,2024,1,3,19,1538,15.79,0.20,74x14 Mobile Office or Similar,74x14 Mobile Office or Similar,Extra Large Mobile Office - 3 offices + Med. Size Open Area (up to 1036 SF) - MO7414 or similar,Offices,Mobile Offices,Mobile Offices
MO7414,Professional Services,2025,1,6,35,1459,17.14,0.41,74x14 Mobile Office or Similar,74x14 Mobile Office or Similar,Extra Large Mobile Office - 3 offices + Med. Size Open Area (up to 1036 SF) - MO7414 or similar,Offices,Mobile Offices,Mobile Offices
MO7414,Manufacturing,2025,3,2,26,477,7.69,0.42,74x14 Mobile Office or Similar,74x14 Mobile Office or Similar,Extra Large Mobile Office - 3 offices + Med. Size Open Area (up to 1036 SF) - MO7414 or similar,Offices,Mobile Offices,Mobile Offices
MO7414,Engineering & Architecture,2026,1,1,26,151,3.85,0.66,74x14 Mobile Office or Similar,74x14 Mobile Office or Similar,Extra Large Mobile Office - 3 offices + Med. Size Open Area (up to 1036 SF) - MO7414 or similar,Offices,Mobile Offices,Mobile Offices
MO7414,Home Builders & Developers,2025,4,8,21,1022,38.10,0.78,74x14 Mobile Office or Similar,74x14 Mobile Office or Similar,Extra Large Mobile Office - 3 offices + Med. Size Open Area (up to 1036 SF) - MO7414 or similar,Offices,Mobile Offices,Mobile Offices
MO7414,Highway & Heavy Construction,2025,2,2,39,285,5.13,0.70,74x14 Mobile Office or Similar,74x14 Mobile Office or Similar,Extra Large Mobile Office - 3 offices + Med. Size Open Area (up to 1036 SF) - MO7414 or similar,Offices,Mobile Offices,Mobile Offices
MO7414,Manufacturing,2025,1,1,35,630,2.86,0.16,74x14 Mobile Office or Similar,74x14 Mobile Office or Similar,Extra Large Mobile Office - 3 offices + Med. Size Open Area (up to 1036 SF) - MO7414 or similar,Offices,Mobile Offices,Mobile Offices
MO7414,,2024,2,1,31,98,3.23,1.02,74x14 Mobile Office or Similar,74x14 Mobile Office or Similar,Extra Large Mobile Office - 3 offices + Med. Size Open Area (up to 1036 SF) - MO7414 or similar,Offices,Mobile Offices,Mobile Offices
MO7414,Highway & Heavy Construction,2026,1,5,26,300,19.23,1.67,74x14 Mobile Office or Similar,74x14 Mobile Office or Similar,Extra Large Mobile Office - 3 offices + Med. Size Open Area (up to 1036 SF) - MO7414 or similar,Offices,Mobile Offices,Mobile Offices
MO7414,Home Builders & Developers,2024,4,5,22,1006,22.73,0.50,74x14 Mobile Office or Similar,74x14 Mobile Office or Similar,Extra Large Mobile Office - 3 offices + Med. Size Open Area (up to 1036 SF) - MO7414 or similar,Offices,Mobile Offices,Mobile Offices
MO7414,Professional Services,2025,4,2,21,954,9.52,0.21,74x14 Mobile Office or Similar,74x14 Mobile Office or Similar,Extra Large Mobile Office - 3 offices + Med. Size Open Area (up to 1036 SF) - MO7414 or similar,Offices,Mobile Offices,Mobile Offices
MO7414,Professional Services,2024,4,5,22,1077,22.73,0.46,74x14 Mobile Office or Similar,74x14 Mobile Office or Similar,Extra Large Mobile Office - 3 offices + Med. Size Open Area (up to 1036 SF) - MO7414 or similar,Offices,Mobile Offices,Mobile Offices
MO7414,Subcontractors,2024,3,1,24,980,4.17,0.10,74x14 Mobile Office or Similar,74x14 Mobile Office or Similar,Extra Large Mobile Office - 3 offices + Med. Size Open Area (up to 1036 SF) - MO7414 or similar,Offices,Mobile Offices,Mobile Offices
MO7414,Non-Residential & GCs,2024,3,7,24,1153,29.17,0.61,74x14 Mobile Office or Similar,74x14 Mobile Office or Similar,Extra Large Mobile Office - 3 offices + Med. Size Open Area (up to 1036 SF) - MO7414 or similar,Offices,Mobile Offices,Mobile Offices
MO7414,Home Builders & Developers,2024,2,9,31,1349,29.03,0.67,74x14 Mobile Office or Similar,74x14 Mobile Office or Similar,Extra Large Mobile Office - 3 offices + Med. Size Open Area (up to 1036 SF) - MO7414 or similar,Offices,Mobile Offices,Mobile Offices
MO7414,Professional Services,2024,3,7,24,1511,29.17,0.46,74x14 Mobile Office or Similar,74x14 Mobile Office or Similar,Extra Large Mobile Office - 3 offices + Med. Size Open Area (up to 1036 SF) - MO7414 or similar,Offices,Mobile Offices,Mobile Offices
MO7414,Retail & Wholesale Trade,2024,2,6,31,554,19.35,1.08,74x14 Mobile Office or Similar,74x14 Mobile Office or Similar,Extra Large Mobile Office - 3 offices + Med. Size Open Area (up to 1036 SF) - MO7414 or similar,Offices,Mobile Offices,Mobile Offices
MO7414,Non-Residential & GCs,2024,1,4,19,1210,21.05,0.33,74x14 Mobile Office or Similar,74x14 Mobile Office or Similar,Extra Large Mobile Office - 3 offices + Med. Size Open Area (up to 1036 SF) - MO7414 or similar,Offices,Mobile Offices,Mobile Offices
MO7414,Non-Residential & GCs,2025,3,1,26,1030,3.85,0.10,74x14 Mobile Office or Similar,74x14 Mobile Office or Similar,Extra Large Mobile Office - 3 offices + Med. Size Open Area (up to 1036 SF) - MO7414 or similar,Offices,Mobile Offices,Mobile Offices
MO7414,Highway & Heavy Construction,2024,3,1,24,315,4.17,0.32,74x14 Mobile Office or Similar,74x14 Mobile Office or Similar,Extra Large Mobile Office - 3 offices + Med. Size Open Area (up to 1036 SF) - MO7414 or similar,Offices,Mobile Offices,Mobile Offices
MO7414,Manufacturing,2024,4,1,22,375,4.55,0.27,74x14 Mobile Office or Similar,74x14 Mobile Office or Similar,Extra Large Mobile Office - 3 offices + Med. Size Open Area (up to 1036 SF) - MO7414 or similar,Offices,Mobile Offices,Mobile Offices
MO7414,Home Builders & Developers,2026,2,3,7,471,42.86,0.64,74x14 Mobile Office or Similar,74x14 Mobile Office or Similar,Extra Large Mobile Office - 3 offices + Med. Size Open Area (up to 1036 SF) - MO7414 or similar,Offices,Mobile Offices,Mobile Offices
MO7414,Home Builders & Developers,2026,1,6,26,1104,23.08,0.54,74x14 Mobile Office or Similar,74x14 Mobile Office or Similar,Extra Large Mobile Office - 3 offices + Med. Size Open Area (up to 1036 SF) - MO7414 or similar,Offices,Mobile Offices,Mobile Offices
MO7414,Non-Residential & GCs,2024,4,5,22,979,22.73,0.51,74x14 Mobile Office or Similar,74x14 Mobile Office or Similar,Extra Large Mobile Office - 3 offices + Med. Size Open Area (up to 1036 SF) - MO7414 or similar,Offices,Mobile Offices,Mobile Offices
MO7414,"Educational, Membership & Religious Organizations",2024,4,1,22,160,4.55,0.63,74x14 Mobile Office or Similar,74x14 Mobile Office or Similar,Extra Large Mobile Office - 3 offices + Med. Size Open Area (up to 1036 SF) - MO7414 or similar,Offices,Mobile Offices,Mobile Offices
MO7414,Mining & Utilities,2024,4,3,22,433,13.64,0.69,74x14 Mobile Office or Similar,74x14 Mobile Office or Similar,Extra Large Mobile Office - 3 offices + Med. Size Open Area (up to 1036 SF) - MO7414 or similar,Offices,Mobile Offices,Mobile Offices
MO7414,Manufacturing,2024,1,2,19,537,10.53,0.37,74x14 Mobile Office or Similar,74x14 Mobile Office or Similar,Extra Large Mobile Office - 3 offices + Med. Size Open Area (up to 1036 SF) - MO7414 or similar,Offices,Mobile Offices,Mobile Offices
MO7414,Subcontractors,2026,1,2,26,887,7.69,0.23,74x14 Mobile Office or Similar,74x14 Mobile Office or Similar,Extra Large Mobile Office - 3 offices + Med. Size Open Area (up to 1036 SF) - MO7414 or similar,Offices,Mobile Offices,Mobile Offices
MO7414,Manufacturing,2024,2,3,31,507,9.68,0.59,74x14 Mobile Office or Similar,74x14 Mobile Office or Similar,Extra Large Mobile Office - 3 offices + Med. Size Open Area (up to 1036 SF) - MO7414 or similar,Offices,Mobile Offices,Mobile Offices
MO7414,Retail & Wholesale Trade,2025,4,1,21,422,4.76,0.24,74x14 Mobile Office or Similar,74x14 Mobile Office or Similar,Extra Large Mobile Office - 3 offices + Med. Size Open Area (up to 1036 SF) - MO7414 or similar,Offices,Mobile Offices,Mobile Offices
MO328,Manufacturing,2024,2,17,452,507,3.76,3.35,32x8 Mobile Office or Similar,32x8 Mobile Office or Similar,Small Mobile Office - 1 office + Sm. Open Area (up to 288 SF) - MO328 or similar,Offices,Mobile Offices,Mobile Offices
MO328,Highway & Heavy Construction,2025,3,21,348,282,6.03,7.45,32x8 Mobile Office or Similar,32x8 Mobile Office or Similar,Small Mobile Office - 1 office + Sm. Open Area (up to 288 SF) - MO328 or similar,Offices,Mobile Offices,Mobile Offices
MO328,Retail & Wholesale Trade,2025,2,19,425,462,4.47,4.11,32x8 Mobile Office or Similar,32x8 Mobile Office or Similar,Small Mobile Office - 1 office + Sm. Open Area (up to 288 SF) - MO328 or similar,Offices,Mobile Offices,Mobile Offices
MO328,Public Administration,2026,1,9,341,123,2.64,7.32,32x8 Mobile Office or Similar,32x8 Mobile Office or Similar,Small Mobile Office - 1 office + Sm. Open Area (up to 288 SF) - MO328 or similar,Offices,Mobile Offices,Mobile Offices
MO328,Engineering & Architecture,2025,4,8,293,129,2.73,6.20,32x8 Mobile Office or Similar,32x8 Mobile Office or Similar,Small Mobile Office - 1 office + Sm. Open Area (up to 288 SF) - MO328 or similar,Offices,Mobile Offices,Mobile Offices
MO328,Professional Services,2025,4,25,293,954,8.53,2.62,32x8 Mobile Office or Similar,32x8 Mobile Office or Similar,Small Mobile Office - 1 office + Sm. Open Area (up to 288 SF) - MO328 or similar,Offices,Mobile Offices,Mobile Offices
MO328,Non-Residential & GCs,2024,4,59,293,979,20.14,6.03,32x8 Mobile Office or Similar,32x8 Mobile Office or Similar,Small Mobile Office - 1 office + Sm. Open Area (up to 288 SF) - MO328 or similar,Offices,Mobile Offices,Mobile Offices
MO328,Other,2024,1,15,439,247,3.42,6.07,32x8 Mobile Office or Similar,32x8 Mobile Office or Similar,Small Mobile Office - 1 office + Sm. Open Area (up to 288 SF) - MO328 or similar,Offices,Mobile Offices,Mobile Offices
MO328,Health Care,2024,2,14,452,58,3.10,24.14,32x8 Mobile Office or Similar,32x8 Mobile Office or Similar,Small Mobile Office - 1 office + Sm. Open Area (up to 288 SF) - MO328 or similar,Offices,Mobile Offices,Mobile Offices
MO328,Retail & Wholesale Trade,2025,3,23,348,438,6.61,5.25,32x8 Mobile Office or Similar,32x8 Mobile Office or Similar,Small Mobile Office - 1 office + Sm. Open Area (up to 288 SF) - MO328 or similar,Offices,Mobile Offices,Mobile Offices
MO328,Other,2024,3,13,360,151,3.61,8.61,32x8 Mobile Office or Similar,32x8 Mobile Office or Similar,Small Mobile Office - 1 office + Sm. Open Area (up to 288 SF) - MO328 or similar,Offices,Mobile Offices,Mobile Offices
MO328,Other,2024,2,11,452,188,2.43,5.85,32x8 Mobile Office or Similar,32x8 Mobile Office or Similar,Small Mobile Office - 1 office + Sm. Open Area (up to 288 SF) - MO328 or similar,Offices,Mobile Offices,Mobile Offices
MO328,"Educational, Membership & Religious Organizations",2025,2,21,425,210,4.94,10.00,32x8 Mobile Office or Similar,32x8 Mobile Office or Similar,Small Mobile Office - 1 office + Sm. Open Area (up to 288 SF) - MO328 or similar,Offices,Mobile Offices,Mobile Offices
MO328,Mining & Utilities,2026,1,11,341,615,3.23,1.79,32x8 Mobile Office or Similar,32x8 Mobile Office or Similar,Small Mobile Office - 1 office + Sm. Open Area (up to 288 SF) - MO328 or similar,Offices,Mobile Offices,Mobile Offices
MO328,Manufacturing,2024,4,5,293,375,1.71,1.33,32x8 Mobile Office or Similar,32x8 Mobile Office or Similar,Small Mobile Office - 1 office + Sm. Open Area (up to 288 SF) - MO328 or similar,Offices,Mobile Offices,Mobile Offices
MO328,Public Administration,2025,1,3,380,88,0.79,3.41,32x8 Mobile Office or Similar,32x8 Mobile Office or Similar,Small Mobile Office - 1 office + Sm. Open Area (up to 288 SF) - MO328 or similar,Offices,Mobile Offices,Mobile Offices
MO328,Public Administration,2025,3,1,348,105,0.29,0.95,32x8 Mobile Office or Similar,32x8 Mobile Office or Similar,Small Mobile Office - 1 office + Sm. Open Area (up to 288 SF) - MO328 or similar,Offices,Mobile Offices,Mobile Offices
MO328,"Arts, Media, Hotels & Entertainment",2024,2,42,452,1014,9.29,4.14,32x8 Mobile Office or Similar,32x8 Mobile Office or Similar,Small Mobile Office - 1 office + Sm. Open Area (up to 288 SF) - MO328 or similar,Offices,Mobile Offices,Mobile Offices
MO328,Highway & Heavy Construction,2024,2,12,452,360,2.65,3.33,32x8 Mobile Office or Similar,32x8 Mobile Office or Similar,Small Mobile Office - 1 office + Sm. Open Area (up to 288 SF) - MO328 or similar,Offices,Mobile Offices,Mobile Offices
MO328,Mining & Utilities,2025,1,16,380,641,4.21,2.50,32x8 Mobile Office or Similar,32x8 Mobile Office or Similar,Small Mobile Office - 1 office + Sm. Open Area (up to 288 SF) - MO328 or similar,Offices,Mobile Offices,Mobile Offices
MO328,Subcontractors,2024,2,38,452,1051,8.41,3.62,32x8 Mobile Office or Similar,32x8 Mobile Office or Similar,Small Mobile Office - 1 office + Sm. Open Area (up to 288 SF) - MO328 or similar,Offices,Mobile Offices,Mobile Offices
MO328,Subcontractors,2026,2,10,130,353,7.69,2.83,32x8 Mobile Office or Similar,32x8 Mobile Office or Similar,Small Mobile Office - 1 office + Sm. Open Area (up to 288 SF) - MO328 or similar,Offices,Mobile Offices,Mobile Offices
MO328,Subcontractors,2025,4,36,293,824,12.29,4.37,32x8 Mobile Office or Similar,32x8 Mobile Office or Similar,Small Mobile Office - 1 office + Sm. Open Area (up to 288 SF) - MO328 or similar,Offices,Mobile Offices,Mobile Offices
MO328,Public Administration,2024,2,9,452,127,1.99,7.09,32x8 Mobile Office or Similar,32x8 Mobile Office or Similar,Small Mobile Office - 1 office + Sm. Open Area (up to 288 SF) - MO328 or similar,Offices,Mobile Offices,Mobile Offices
MO328,Engineering & Architecture,2024,1,7,439,185,1.59,3.78,32x8 Mobile Office or Similar,32x8 Mobile Office or Similar,Small Mobile Office - 1 office + Sm. Open Area (up to 288 SF) - MO328 or similar,Offices,Mobile Offices,Mobile Offices
MO328,Highway & Heavy Construction,2025,4,10,293,254,3.41,3.94,32x8 Mobile Office or Similar,32x8 Mobile Office or Similar,Small Mobile Office - 1 office + Sm. Open Area (up to 288 SF) - MO328 or similar,Offices,Mobile Offices,Mobile Offices
MO328,"Arts, Media, Hotels & Entertainment",2026,2,2,130,313,1.54,0.64,32x8 Mobile Office or Similar,32x8 Mobile Office or Similar,Small Mobile Office - 1 office + Sm. Open Area (up to 288 SF) - MO328 or similar,Offices,Mobile Offices,Mobile Offices
MO328,,2025,3,1,348,52,0.29,1.92,32x8 Mobile Office or Similar,32x8 Mobile Office or Similar,Small Mobile Office - 1 office + Sm. Open Area (up to 288 SF) - MO328 or similar,Offices,Mobile Offices,Mobile Offices
MO328,Subcontractors,2025,2,37,425,925,8.71,4.00,32x8 Mobile Office or Similar,32x8 Mobile Office or Similar,Small Mobile Office - 1 office + Sm. Open Area (up to 288 SF) - MO328 or similar,Offices,Mobile Offices,Mobile Offices
MO328,"Arts, Media, Hotels & Entertainment",2025,1,44,380,829,11.58,5.31,32x8 Mobile Office or Similar,32x8 Mobile Office or Similar,Small Mobile Office - 1 office + Sm. Open Area (up to 288 SF) - MO328 or similar,Offices,Mobile Offices,Mobile Offices
MO328,Highway & Heavy Construction,2024,3,15,360,315,4.17,4.76,32x8 Mobile Office or Similar,32x8 Mobile Office or Similar,Small Mobile Office - 1 office + Sm. Open Area (up to 288 SF) - MO328 or similar,Offices,Mobile Offices,Mobile Offices
MO328,Retail & Wholesale Trade,2024,4,15,293,389,5.12,3.86,32x8 Mobile Office or Similar,32x8 Mobile Office or Similar,Small Mobile Office - 1 office + Sm. Open Area (up to 288 SF) - MO328 or similar,Offices,Mobile Offices,Mobile Offices
MO328,Mining & Utilities,2025,2,15,425,358,3.53,4.19,32x8 Mobile Office or Similar,32x8 Mobile Office or Similar,Small Mobile Office - 1 office + Sm. Open Area (up to 288 SF) - MO328 or similar,Offices,Mobile Offices,Mobile Offices
MO328,Subcontractors,2024,4,27,293,743,9.22,3.63,32x8 Mobile Office or Similar,32x8 Mobile Office or Similar,Small Mobile Office - 1 office + Sm. Open Area (up to 288 SF) - MO328 or similar,Offices,Mobile Offices,Mobile Offices
MO328,"Educational, Membership & Religious Organizations",2024,2,27,452,248,5.97,10.89,32x8 Mobile Office or Similar,32x8 Mobile Office or Similar,Small Mobile Office - 1 office + Sm. Open Area (up to 288 SF) - MO328 or similar,Offices,Mobile Offices,Mobile Offices
MO328,Mining & Utilities,2024,3,13,360,631,3.61,2.06,32x8 Mobile Office or Similar,32x8 Mobile Office or Similar,Small Mobile Office - 1 office + Sm. Open Area (up to 288 SF) - MO328 or similar,Offices,Mobile Offices,Mobile Offices
MO328,Public Administration,2024,4,3,293,108,1.02,2.78,32x8 Mobile Office or Similar,32x8 Mobile Office or Similar,Small Mobile Office - 1 office + Sm. Open Area (up to 288 SF) - MO328 or similar,Offices,Mobile Offices,Mobile Offices
MO328,,2026,2,2,130,17,1.54,11.76,32x8 Mobile Office or Similar,32x8 Mobile Office or Similar,Small Mobile Office - 1 office + Sm. Open Area (up to 288 SF) - MO328 or similar,Offices,Mobile Offices,Mobile Offices
MO328,Professional Services,2025,3,53,348,1275,15.23,4.16,32x8 Mobile Office or Similar,32x8 Mobile Office or Similar,Small Mobile Office - 1 office + Sm. Open Area (up to 288 SF) - MO328 or similar,Offices,Mobile Offices,Mobile Offices
MO328,Health Care,2025,3,17,348,44,4.89,38.64,32x8 Mobile Office or Similar,32x8 Mobile Office or Similar,Small Mobile Office - 1 office + Sm. Open Area (up to 288 SF) - MO328 or similar,Offices,Mobile Offices,Mobile Offices
MO328,Home Builders & Developers,2026,2,26,130,471,20.00,5.52,32x8 Mobile Office or Similar,32x8 Mobile Office or Similar,Small Mobile Office - 1 office + Sm. Open Area (up to 288 SF) - MO328 or similar,Offices,Mobile Offices,Mobile Offices
MO328,Retail & Wholesale Trade,2025,1,27,380,514,7.11,5.25,32x8 Mobile Office or Similar,32x8 Mobile Office or Similar,Small Mobile Office - 1 office + Sm. Open Area (up to 288 SF) - MO328 or similar,Offices,Mobile Offices,Mobile Offices
MO328,,2025,4,1,293,40,0.34,2.50,32x8 Mobile Office or Similar,32x8 Mobile Office or Similar,Small Mobile Office - 1 office + Sm. Open Area (up to 288 SF) - MO328 or similar,Offices,Mobile Offices,Mobile Offices
MO328,"Arts, Media, Hotels & Entertainment",2024,1,33,439,898,7.52,3.67,32x8 Mobile Office or Similar,32x8 Mobile Office or Similar,Small Mobile Office - 1 office + Sm. Open Area (up to 288 SF) - MO328 or similar,Offices,Mobile Offices,Mobile Offices
MO328,Non-Residential & GCs,2025,1,50,380,1032,13.16,4.85,32x8 Mobile Office or Similar,32x8 Mobile Office or Similar,Small Mobile Office - 1 office + Sm. Open Area (up to 288 SF) - MO328 or similar,Offices,Mobile Offices,Mobile Offices
MO328,Home Builders & Developers,2026,1,71,341,1104,20.82,6.43,32x8 Mobile Office or Similar,32x8 Mobile Office or Similar,Small Mobile Office - 1 office + Sm. Open Area (up to 288 SF) - MO328 or similar,Offices,Mobile Offices,Mobile Offices
MO328,Home Builders & Developers,2024,3,86,360,1231,23.89,6.99,32x8 Mobile Office or Similar,32x8 Mobile Office or Similar,Small Mobile Office - 1 office + Sm. Open Area (up to 288 SF) - MO328 or similar,Offices,Mobile Offices,Mobile Offices
MO328,Engineering & Architecture,2025,1,12,380,217,3.16,5.53,32x8 Mobile Office or Similar,32x8 Mobile Office or Similar,Small Mobile Office - 1 office + Sm. Open Area (up to 288 SF) - MO328 or similar,Offices,Mobile Offices,Mobile Offices
MO328,Non-Residential & GCs,2026,2,31,130,450,23.85,6.89,32x8 Mobile Office or Similar,32x8 Mobile Office or Similar,Small Mobile Office - 1 office + Sm. Open Area (up to 288 SF) - MO328 or similar,Offices,Mobile Offices,Mobile Offices
MO328,Health Care,2025,2,8,425,49,1.88,16.33,32x8 Mobile Office or Similar,32x8 Mobile Office or Similar,Small Mobile Office - 1 office + Sm. Open Area (up to 288 SF) - MO328 or similar,Offices,Mobile Offices,Mobile Offices
MO328,Engineering & Architecture,2024,2,11,452,196,2.43,5.61,32x8 Mobile Office or Similar,32x8 Mobile Office or Similar,Small Mobile Office - 1 office + Sm. Open Area (up to 288 SF) - MO328 or similar,Offices,Mobile Offices,Mobile Offices
MO328,Health Care,2024,1,1,439,24,0.23,4.17,32x8 Mobile Office or Similar,32x8 Mobile Office or Similar,Small Mobile Office - 1 office + Sm. Open Area (up to 288 SF) - MO328 or similar,Offices,Mobile Offices,Mobile Offices
MO328,Professional Services,2024,2,77,452,1628,17.04,4.73,32x8 Mobile Office or Similar,32x8 Mobile Office or Similar,Small Mobile Office - 1 office + Sm. Open Area (up to 288 SF) - MO328 or similar,Offices,Mobile Offices,Mobile Offices
MO328,Home Builders & Developers,2025,2,126,425,1237,29.65,10.19,32x8 Mobile Office or Similar,32x8 Mobile Office or Similar,Small Mobile Office - 1 office + Sm. Open Area (up to 288 SF) - MO328 or similar,Offices,Mobile Offices,Mobile Offices
MO328,Subcontractors,2025,1,44,380,925,11.58,4.76,32x8 Mobile Office or Similar,32x8 Mobile Office or Similar,Small Mobile Office - 1 office + Sm. Open Area (up to 288 SF) - MO328 or similar,Offices,Mobile Offices,Mobile Offices
MO328,Retail & Wholesale Trade,2025,4,20,293,422,6.83,4.74,32x8 Mobile Office or Similar,32x8 Mobile Office or Similar,Small Mobile Office - 1 office + Sm. Open Area (up to 288 SF) - MO328 or similar,Offices,Mobile Offices,Mobile Offices
MO328,"Arts, Media, Hotels & Entertainment",2024,3,16,360,1158,4.44,1.38,32x8 Mobile Office or Similar,32x8 Mobile Office or Similar,Small Mobile Office - 1 office + Sm. Open Area (up to 288 SF) - MO328 or similar,Offices,Mobile Offices,Mobile Offices
MO328,Engineering & Architecture,2025,2,7,425,164,1.65,4.27,32x8 Mobile Office or Similar,32x8 Mobile Office or Similar,Small Mobile Office - 1 office + Sm. Open Area (up to 288 SF) - MO328 or similar,Offices,Mobile Offices,Mobile Offices
MO328,Health Care,2024,3,1,360,46,0.28,2.17,32x8 Mobile Office or Similar,32x8 Mobile Office or Similar,Small Mobile Office - 1 office + Sm. Open Area (up to 288 SF) - MO328 or similar,Offices,Mobile Offices,Mobile Offices
MO328,Subcontractors,2024,3,46,360,980,12.78,4.69,32x8 Mobile Office or Similar,32x8 Mobile Office or Similar,Small Mobile Office - 1 office + Sm. Open Area (up to 288 SF) - MO328 or similar,Offices,Mobile Offices,Mobile Offices
MO328,Subcontractors,2024,1,52,439,1039,11.85,5.00,32x8 Mobile Office or Similar,32x8 Mobile Office or Similar,Small Mobile Office - 1 office + Sm. Open Area (up to 288 SF) - MO328 or similar,Offices,Mobile Offices,Mobile Offices
MO328,Subcontractors,2026,1,35,341,887,10.26,3.95,32x8 Mobile Office or Similar,32x8 Mobile Office or Similar,Small Mobile Office - 1 office + Sm. Open Area (up to 288 SF) - MO328 or similar,Offices,Mobile Offices,Mobile Offices
MO328,Subcontractors,2025,3,33,348,943,9.48,3.50,32x8 Mobile Office or Similar,32x8 Mobile Office or Similar,Small Mobile Office - 1 office + Sm. Open Area (up to 288 SF) - MO328 or similar,Offices,Mobile Offices,Mobile Offices
MO328,Mining & Utilities,2024,4,16,293,433,5.46,3.70,32x8 Mobile Office or Similar,32x8 Mobile Office or Similar,Small Mobile Office - 1 office + Sm. Open Area (up to 288 SF) - MO328 or similar,Offices,Mobile Offices,Mobile Offices
MO328,Retail & Wholesale Trade,2026,1,21,341,492,6.16,4.27,32x8 Mobile Office or Similar,32x8 Mobile Office or Similar,Small Mobile Office - 1 office + Sm. Open Area (up to 288 SF) - MO328 or similar,Offices,Mobile Offices,Mobile Offices
MO328,Mining & Utilities,2025,3,21,348,438,6.03,4.79,32x8 Mobile Office or Similar,32x8 Mobile Office or Similar,Small Mobile Office - 1 office + Sm. Open Area (up to 288 SF) - MO328 or similar,Offices,Mobile Offices,Mobile Offices
MO328,Engineering & Architecture,2026,1,12,341,151,3.52,7.95,32x8 Mobile Office or Similar,32x8 Mobile Office or Similar,Small Mobile Office - 1 office + Sm. Open Area (up to 288 SF) - MO328 or similar,Offices,Mobile Offices,Mobile Offices
MO328,Other,2025,3,3,348,98,0.86,3.06,32x8 Mobile Office or Similar,32x8 Mobile Office or Similar,Small Mobile Office - 1 office + Sm. Open Area (up to 288 SF) - MO328 or similar,Offices,Mobile Offices,Mobile Offices
MO328,Mining & Utilities,2025,4,8,293,341,2.73,2.35,32x8 Mobile Office or Similar,32x8 Mobile Office or Similar,Small Mobile Office - 1 office + Sm. Open Area (up to 288 SF) - MO328 or similar,Offices,Mobile Offices,Mobile Offices
MO328,Public Administration,2025,4,3,293,104,1.02,2.88,32x8 Mobile Office or Similar,32x8 Mobile Office or Similar,Small Mobile Office - 1 office + Sm. Open Area (up to 288 SF) - MO328 or similar,Offices,Mobile Offices,Mobile Offices
MO328,Home Builders & Developers,2025,1,74,380,1185,19.47,6.24,32x8 Mobile Office or Similar,32x8 Mobile Office or Similar,Small Mobile Office - 1 office + Sm. Open Area (up to 288 SF) - MO328 or similar,Offices,Mobile Offices,Mobile Offices
MO328,Non-Residential & GCs,2024,2,70,452,1460,15.49,4.79,32x8 Mobile Office or Similar,32x8 Mobile Office or Similar,Small Mobile Office - 1 office + Sm. Open Area (up to 288 SF) - MO328 or similar,Offices,Mobile Offices,Mobile Offices
MO328,Professional Services,2024,1,85,439,1538,19.36,5.53,32x8 Mobile Office or Similar,32x8 Mobile Office or Similar,Small Mobile Office - 1 office + Sm. Open Area (up to 288 SF) - MO328 or similar,Offices,Mobile Offices,Mobile Offices
MO328,Manufacturing,2024,1,23,439,537,5.24,4.28,32x8 Mobile Office or Similar,32x8 Mobile Office or Similar,Small Mobile Office - 1 office + Sm. Open Area (up to 288 SF) - MO328 or similar,Offices,Mobile Offices,Mobile Offices
MO328,Non-Residential & GCs,2025,3,54,348,1030,15.52,5.24,32x8 Mobile Office or Similar,32x8 Mobile Office or Similar,Small Mobile Office - 1 office + Sm. Open Area (up to 288 SF) - MO328 or similar,Offices,Mobile Offices,Mobile Offices
MO328,"Arts, Media, Hotels & Entertainment",2025,2,26,425,854,6.12,3.04,32x8 Mobile Office or Similar,32x8 Mobile Office or Similar,Small Mobile Office - 1 office + Sm. Open Area (up to 288 SF) - MO328 or similar,Offices,Mobile Offices,Mobile Offices
MO328,"Educational, Membership & Religious Organizations",2024,4,11,293,160,3.75,6.88,32x8 Mobile Office or Similar,32x8 Mobile Office or Similar,Small Mobile Office - 1 office + Sm. Open Area (up to 288 SF) - MO328 or similar,Offices,Mobile Offices,Mobile Offices
MO328,,2024,2,3,452,98,0.66,3.06,32x8 Mobile Office or Similar,32x8 Mobile Office or Similar,Small Mobile Office - 1 office + Sm. Open Area (up to 288 SF) - MO328 or similar,Offices,Mobile Offices,Mobile Offices
MO328,"Arts, Media, Hotels & Entertainment",2024,4,16,293,312,5.46,5.13,32x8 Mobile Office or Similar,32x8 Mobile Office or Similar,Small Mobile Office - 1 office + Sm. Open Area (up to 288 SF) - MO328 or similar,Offices,Mobile Offices,Mobile Offices
MO328,Engineering & Architecture,2025,3,13,348,155,3.74,8.39,32x8 Mobile Office or Similar,32x8 Mobile Office or Similar,Small Mobile Office - 1 office + Sm. Open Area (up to 288 SF) - MO328 or similar,Offices,Mobile Offices,Mobile Offices
MO328,Professional Services,2024,4,37,293,1077,12.63,3.44,32x8 Mobile Office or Similar,32x8 Mobile Office or Similar,Small Mobile Office - 1 office + Sm. Open Area (up to 288 SF) - MO328 or similar,Offices,Mobile Offices,Mobile Offices
MO328,Non-Residential & GCs,2024,1,50,439,1210,11.39,4.13,32x8 Mobile Office or Similar,32x8 Mobile Office or Similar,Small Mobile Office - 1 office + Sm. Open Area (up to 288 SF) - MO328 or similar,Offices,Mobile Offices,Mobile Offices
MO328,Engineering & Architecture,2024,3,11,360,202,3.06,5.45,32x8 Mobile Office or Similar,32x8 Mobile Office or Similar,Small Mobile Office - 1 office + Sm. Open Area (up to 288 SF) - MO328 or similar,Offices,Mobile Offices,Mobile Offices
MO328,Manufacturing,2025,2,14,425,497,3.29,2.82,32x8 Mobile Office or Similar,32x8 Mobile Office or Similar,Small Mobile Office - 1 office + Sm. Open Area (up to 288 SF) - MO328 or similar,Offices,Mobile Offices,Mobile Offices
MO328,Highway & Heavy Construction,2026,1,14,341,300,4.11,4.67,32x8 Mobile Office or Similar,32x8 Mobile Office or Similar,Small Mobile Office - 1 office + Sm. Open Area (up to 288 SF) - MO328 or similar,Offices,Mobile Offices,Mobile Offices
MO328,Retail & Wholesale Trade,2024,2,29,452,554,6.42,5.23,32x8 Mobile Office or Similar,32x8 Mobile Office or Similar,Small Mobile Office - 1 office + Sm. Open Area (up to 288 SF) - MO328 or similar,Offices,Mobile Offices,Mobile Offices
MO328,Manufacturing,2025,4,15,293,339,5.12,4.42,32x8 Mobile Office or Similar,32x8 Mobile Office or Similar,Small Mobile Office - 1 office + Sm. Open Area (up to 288 SF) - MO328 or similar,Offices,Mobile Offices,Mobile Offices
MO328,Professional Services,2026,1,54,341,1635,15.84,3.30,32x8 Mobile Office or Similar,32x8 Mobile Office or Similar,Small Mobile Office - 1 office + Sm. Open Area (up to 288 SF) - MO328 or similar,Offices,Mobile Offices,Mobile Offices
MO328,"Educational, Membership & Religious Organizations",2024,3,16,360,178,4.44,8.99,32x8 Mobile Office or Similar,32x8 Mobile Office or Similar,Small Mobile Office - 1 office + Sm. Open Area (up to 288 SF) - MO328 or similar,Offices,Mobile Offices,Mobile Offices
MO328,Mining & Utilities,2024,2,11,452,588,2.43,1.87,32x8 Mobile Office or Similar,32x8 Mobile Office or Similar,Small Mobile Office - 1 office + Sm. Open Area (up to 288 SF) - MO328 or similar,Offices,Mobile Offices,Mobile Offices
MO328,Professional Services,2026,2,19,130,574,14.62,3.31,32x8 Mobile Office or Similar,32x8 Mobile Office or Similar,Small Mobile Office - 1 office + Sm. Open Area (up to 288 SF) - MO328 or similar,Offices,Mobile Offices,Mobile Offices
MO328,Home Builders & Developers,2025,4,79,293,1022,26.96,7.73,32x8 Mobile Office or Similar,32x8 Mobile Office or Similar,Small Mobile Office - 1 office + Sm. Open Area (up to 288 SF) - MO328 or similar,Offices,Mobile Offices,Mobile Offices
MO328,Public Administration,2024,1,7,439,96,1.59,7.29,32x8 Mobile Office or Similar,32x8 Mobile Office or Similar,Small Mobile Office - 1 office + Sm. Open Area (up to 288 SF) - MO328 or similar,Offices,Mobile Offices,Mobile Offices
MO328,Non-Residential & GCs,2025,4,65,293,947,22.18,6.86,32x8 Mobile Office or Similar,32x8 Mobile Office or Similar,Small Mobile Office - 1 office + Sm. Open Area (up to 288 SF) - MO328 or similar,Offices,Mobile Offices,Mobile Offices
MO328,Non-Residential & GCs,2025,2,58,425,1225,13.65,4.73,32x8 Mobile Office or Similar,32x8 Mobile Office or Similar,Small Mobile Office - 1 office + Sm. Open Area (up to 288 SF) - MO328 or similar,Offices,Mobile Offices,Mobile Offices
MO328,Non-Residential & GCs,2026,1,44,341,1084,12.90,4.06,32x8 Mobile Office or Similar,32x8 Mobile Office or Similar,Small Mobile Office - 1 office + Sm. Open Area (up to 288 SF) - MO328 or similar,Offices,Mobile Offices,Mobile Offices
MO328,"Educational, Membership & Religious Organizations",2025,3,10,348,124,2.87,8.06,32x8 Mobile Office or Similar,32x8 Mobile Office or Similar,Small Mobile Office - 1 office + Sm. Open Area (up to 288 SF) - MO328 or similar,Offices,Mobile Offices,Mobile Offices
MO328,Engineering & Architecture,2026,2,6,130,116,4.62,5.17,32x8 Mobile Office or Similar,32x8 Mobile Office or Similar,Small Mobile Office - 1 office + Sm. Open Area (up to 288 SF) - MO328 or similar,Offices,Mobile Offices,Mobile Offices
MO328,Retail & Wholesale Trade,2024,3,14,360,508,3.89,2.76,32x8 Mobile Office or Similar,32x8 Mobile Office or Similar,Small Mobile Office - 1 office + Sm. Open Area (up to 288 SF) - MO328 or similar,Offices,Mobile Offices,Mobile Offices
MO328,,2025,2,9,425,51,2.12,17.65,32x8 Mobile Office or Similar,32x8 Mobile Office or Similar,Small Mobile Office - 1 office + Sm. Open Area (up to 288 SF) - MO328 or similar,Offices,Mobile Offices,Mobile Offices
MO328,,2024,1,4,439,59,0.91,6.78,32x8 Mobile Office or Similar,32x8 Mobile Office or Similar,Small Mobile Office - 1 office + Sm. Open Area (up to 288 SF) - MO328 or similar,Offices,Mobile Offices,Mobile Offices
MO328,,2024,3,2,360,62,0.56,3.23,32x8 Mobile Office or Similar,32x8 Mobile Office or Similar,Small Mobile Office - 1 office + Sm. Open Area (up to 288 SF) - MO328 or similar,Offices,Mobile Offices,Mobile Offices
MO328,Public Administration,2026,2,2,130,56,1.54,3.57,32x8 Mobile Office or Similar,32x8 Mobile Office or Similar,Small Mobile Office - 1 office + Sm. Open Area (up to 288 SF) - MO328 or similar,Offices,Mobile Offices,Mobile Offices
MO328,Home Builders & Developers,2024,1,83,439,1228,18.91,6.76,32x8 Mobile Office or Similar,32x8 Mobile Office or Similar,Small Mobile Office - 1 office + Sm. Open Area (up to 288 SF) - MO328 or similar,Offices,Mobile Offices,Mobile Offices
MO328,Non-Residential & GCs,2024,3,49,360,1153,13.61,4.25,32x8 Mobile Office or Similar,32x8 Mobile Office or Similar,Small Mobile Office - 1 office + Sm. Open Area (up to 288 SF) - MO328 or similar,Offices,Mobile Offices,Mobile Offices
MO328,"Arts, Media, Hotels & Entertainment",2026,1,34,341,655,9.97,5.19,32x8 Mobile Office or Similar,32x8 Mobile Office or Similar,Small Mobile Office - 1 office + Sm. Open Area (up to 288 SF) - MO328 or similar,Offices,Mobile Offices,Mobile Offices
MO328,"Educational, Membership & Religious Organizations",2025,4,12,293,176,4.10,6.82,32x8 Mobile Office or Similar,32x8 Mobile Office or Similar,Small Mobile Office - 1 office + Sm. Open Area (up to 288 SF) - MO328 or similar,Offices,Mobile Offices,Mobile Offices
MO328,Other,2026,1,5,341,73,1.47,6.85,32x8 Mobile Office or Similar,32x8 Mobile Office or Similar,Small Mobile Office - 1 office + Sm. Open Area (up to 288 SF) - MO328 or similar,Offices,Mobile Offices,Mobile Offices
MO328,Highway & Heavy Construction,2025,1,14,380,286,3.68,4.90,32x8 Mobile Office or Similar,32x8 Mobile Office or Similar,Small Mobile Office - 1 office + Sm. Open Area (up to 288 SF) - MO328 or similar,Offices,Mobile Offices,Mobile Offices
MO328,"Educational, Membership & Religious Organizations",2025,1,12,380,178,3.16,6.74,32x8 Mobile Office or Similar,32x8 Mobile Office or Similar,Small Mobile Office - 1 office + Sm. Open Area (up to 288 SF) - MO328 or similar,Offices,Mobile Offices,Mobile Offices
MO328,Mining & Utilities,2026,2,5,130,145,3.85,3.45,32x8 Mobile Office or Similar,32x8 Mobile Office or Similar,Small Mobile Office - 1 office + Sm. Open Area (up to 288 SF) - MO328 or similar,Offices,Mobile Offices,Mobile Offices
MO328,Other,2025,2,8,425,176,1.88,4.55,32x8 Mobile Office or Similar,32x8 Mobile Office or Similar,Small Mobile Office - 1 office + Sm. Open Area (up to 288 SF) - MO328 or similar,Offices,Mobile Offices,Mobile Offices
MO328,"Educational, Membership & Religious Organizations",2026,1,18,341,183,5.28,9.84,32x8 Mobile Office or Similar,32x8 Mobile Office or Similar,Small Mobile Office - 1 office + Sm. Open Area (up to 288 SF) - MO328 or similar,Offices,Mobile Offices,Mobile Offices
MO328,Manufacturing,2024,3,6,360,552,1.67,1.09,32x8 Mobile Office or Similar,32x8 Mobile Office or Similar,Small Mobile Office - 1 office + Sm. Open Area (up to 288 SF) - MO328 or similar,Offices,Mobile Offices,Mobile Offices
MO328,,2025,1,3,380,53,0.79,5.66,32x8 Mobile Office or Similar,32x8 Mobile Office or Similar,Small Mobile Office - 1 office + Sm. Open Area (up to 288 SF) - MO328 or similar,Offices,Mobile Offices,Mobile Offices
MO328,Engineering & Architecture,2024,4,8,293,134,2.73,5.97,32x8 Mobile Office or Similar,32x8 Mobile Office or Similar,Small Mobile Office - 1 office + Sm. Open Area (up to 288 SF) - MO328 or similar,Offices,Mobile Offices,Mobile Offices
MO328,Other,2025,1,3,380,94,0.79,3.19,32x8 Mobile Office or Similar,32x8 Mobile Office or Similar,Small Mobile Office - 1 office + Sm. Open Area (up to 288 SF) - MO328 or similar,Offices,Mobile Offices,Mobile Offices
MO328,Mining & Utilities,2024,1,20,439,732,4.56,2.73,32x8 Mobile Office or Similar,32x8 Mobile Office or Similar,Small Mobile Office - 1 office + Sm. Open Area (up to 288 SF) - MO328 or similar,Offices,Mobile Offices,Mobile Offices
MO328,Highway & Heavy Construction,2025,2,12,425,285,2.82,4.21,32x8 Mobile Office or Similar,32x8 Mobile Office or Similar,Small Mobile Office - 1 office + Sm. Open Area (up to 288 SF) - MO328 or similar,Offices,Mobile Offices,Mobile Offices
MO328,Home Builders & Developers,2024,2,81,452,1349,17.92,6.00,32x8 Mobile Office or Similar,32x8 Mobile Office or Similar,Small Mobile Office - 1 office + Sm. Open Area (up to 288 SF) - MO328 or similar,Offices,Mobile Offices,Mobile Offices
MO328,Professional Services,2025,2,55,425,1340,12.94,4.10,32x8 Mobile Office or Similar,32x8 Mobile Office or Similar,Small Mobile Office - 1 office + Sm. Open Area (up to 288 SF) - MO328 or similar,Offices,Mobile Offices,Mobile Offices
MO328,Public Administration,2025,2,10,425,137,2.35,7.30,32x8 Mobile Office or Similar,32x8 Mobile Office or Similar,Small Mobile Office - 1 office + Sm. Open Area (up to 288 SF) - MO328 or similar,Offices,Mobile Offices,Mobile Offices
MO328,Highway & Heavy Construction,2026,2,4,130,153,3.08,2.61,32x8 Mobile Office or Similar,32x8 Mobile Office or Similar,Small Mobile Office - 1 office + Sm. Open Area (up to 288 SF) - MO328 or similar,Offices,Mobile Offices,Mobile Offices
MO328,Other,2024,4,4,293,62,1.37,6.45,32x8 Mobile Office or Similar,32x8 Mobile Office or Similar,Small Mobile Office - 1 office + Sm. Open Area (up to 288 SF) - MO328 or similar,Offices,Mobile Offices,Mobile Offices
MO328,Retail & Wholesale Trade,2024,1,30,439,614,6.83,4.89,32x8 Mobile Office or Similar,32x8 Mobile Office or Similar,Small Mobile Office - 1 office + Sm. Open Area (up to 288 SF) - MO328 or similar,Offices,Mobile Offices,Mobile Offices
MO328,Home Builders & Developers,2025,3,70,348,1104,20.11,6.34,32x8 Mobile Office or Similar,32x8 Mobile Office or Similar,Small Mobile Office - 1 office + Sm. Open Area (up to 288 SF) - MO328 or similar,Offices,Mobile Offices,Mobile Offices
MO328,Manufacturing,2025,1,17,380,630,4.47,2.70,32x8 Mobile Office or Similar,32x8 Mobile Office or Similar,Small Mobile Office - 1 office + Sm. Open Area (up to 288 SF) - MO328 or similar,Offices,Mobile Offices,Mobile Offices
MO328,Manufacturing,2025,3,16,348,477,4.60,3.35,32x8 Mobile Office or Similar,32x8 Mobile Office or Similar,Small Mobile Office - 1 office + Sm. Open Area (up to 288 SF) - MO328 or similar,Offices,Mobile Offices,Mobile Offices
MO328,Highway & Heavy Construction,2024,1,16,439,363,3.64,4.41,32x8 Mobile Office or Similar,32x8 Mobile Office or Similar,Small Mobile Office - 1 office + Sm. Open Area (up to 288 SF) - MO328 or similar,Offices,Mobile Offices,Mobile Offices
MO328,"Arts, Media, Hotels & Entertainment",2025,3,12,348,823,3.45,1.46,32x8 Mobile Office or Similar,32x8 Mobile Office or Similar,Small Mobile Office - 1 office + Sm. Open Area (up to 288 SF) - MO328 or similar,Offices,Mobile Offices,Mobile Offices
MO328,Manufacturing,2026,1,12,341,583,3.52,2.06,32x8 Mobile Office or Similar,32x8 Mobile Office or Similar,Small Mobile Office - 1 office + Sm. Open Area (up to 288 SF) - MO328 or similar,Offices,Mobile Offices,Mobile Offices
MO328,Retail & Wholesale Trade,2026,2,8,130,215,6.15,3.72,32x8 Mobile Office or Similar,32x8 Mobile Office or Similar,Small Mobile Office - 1 office + Sm. Open Area (up to 288 SF) - MO328 or similar,Offices,Mobile Offices,Mobile Offices
MO328,Manufacturing,2026,2,3,130,184,2.31,1.63,32x8 Mobile Office or Similar,32x8 Mobile Office or Similar,Small Mobile Office - 1 office + Sm. Open Area (up to 288 SF) - MO328 or similar,Offices,Mobile Offices,Mobile Offices
MO328,Health Care,2026,1,1,341,35,0.29,2.86,32x8 Mobile Office or Similar,32x8 Mobile Office or Similar,Small Mobile Office - 1 office + Sm. Open Area (up to 288 SF) - MO328 or similar,Offices,Mobile Offices,Mobile Offices
MO328,Highway & Heavy Construction,2024,4,10,293,280,3.41,3.57,32x8 Mobile Office or Similar,32x8 Mobile Office or Similar,Small Mobile Office - 1 office + Sm. Open Area (up to 288 SF) - MO328 or similar,Offices,Mobile Offices,Mobile Offices
MO328,Home Builders & Developers,2024,4,82,293,1006,27.99,8.15,32x8 Mobile Office or Similar,32x8 Mobile Office or Similar,Small Mobile Office - 1 office + Sm. Open Area (up to 288 SF) - MO328 or similar,Offices,Mobile Offices,Mobile Offices
MO328,Professional Services,2025,1,61,380,1459,16.05,4.18,32x8 Mobile Office or Similar,32x8 Mobile Office or Similar,Small Mobile Office - 1 office + Sm. Open Area (up to 288 SF) - MO328 or similar,Offices,Mobile Offices,Mobile Offices
MO328,Professional Services,2024,3,70,360,1511,19.44,4.63,32x8 Mobile Office or Similar,32x8 Mobile Office or Similar,Small Mobile Office - 1 office + Sm. Open Area (up to 288 SF) - MO328 or similar,Offices,Mobile Offices,Mobile Offices
MO328,Public Administration,2024,3,2,360,115,0.56,1.74,32x8 Mobile Office or Similar,32x8 Mobile Office or Similar,Small Mobile Office - 1 office + Sm. Open Area (up to 288 SF) - MO328 or similar,Offices,Mobile Offices,Mobile Offices
MO328,"Educational, Membership & Religious Organizations",2024,1,13,439,265,2.96,4.91,32x8 Mobile Office or Similar,32x8 Mobile Office or Similar,Small Mobile Office - 1 office + Sm. Open Area (up to 288 SF) - MO328 or similar,Offices,Mobile Offices,Mobile Offices
MO328,"Educational, Membership & Religious Organizations",2026,2,12,130,127,9.23,9.45,32x8 Mobile Office or Similar,32x8 Mobile Office or Similar,Small Mobile Office - 1 office + Sm. Open Area (up to 288 SF) - MO328 or similar,Offices,Mobile Offices,Mobile Offices
MO328,"Arts, Media, Hotels & Entertainment",2025,4,11,293,258,3.75,4.26,32x8 Mobile Office or Similar,32x8 Mobile Office or Similar,Small Mobile Office - 1 office + Sm. Open Area (up to 288 SF) - MO328 or similar,Offices,Mobile Offices,Mobile Offices
MO248,,2026,2,1,88,17,1.14,5.88,24x8 Mobile Office (20x8 Box),24x8 Mobile Office (20x8 Box),"Small Mobile Office - Open Space
(up to 192 SF) - MO248 or similar",Offices,Mobile Offices,Mobile Offices
MO248,Health Care,2025,2,2,294,49,0.68,4.08,24x8 Mobile Office (20x8 Box),24x8 Mobile Office (20x8 Box),"Small Mobile Office - Open Space
(up to 192 SF) - MO248 or similar",Offices,Mobile Offices,Mobile Offices
MO248,Professional Services,2025,2,39,294,1340,13.27,2.91,24x8 Mobile Office (20x8 Box),24x8 Mobile Office (20x8 Box),"Small Mobile Office - Open Space
(up to 192 SF) - MO248 or similar",Offices,Mobile Offices,Mobile Offices
MO248,Subcontractors,2024,1,33,285,1039,11.58,3.18,24x8 Mobile Office (20x8 Box),24x8 Mobile Office (20x8 Box),"Small Mobile Office - Open Space
(up to 192 SF) - MO248 or similar",Offices,Mobile Offices,Mobile Offices
MO248,Mining & Utilities,2025,3,13,191,438,6.81,2.97,24x8 Mobile Office (20x8 Box),24x8 Mobile Office (20x8 Box),"Small Mobile Office - Open Space
(up to 192 SF) - MO248 or similar",Offices,Mobile Offices,Mobile Offices
MO248,Mining & Utilities,2024,2,12,313,588,3.83,2.04,24x8 Mobile Office (20x8 Box),24x8 Mobile Office (20x8 Box),"Small Mobile Office - Open Space
(up to 192 SF) - MO248 or similar",Offices,Mobile Offices,Mobile Offices
MO248,Retail & Wholesale Trade,2025,1,9,205,514,4.39,1.75,24x8 Mobile Office (20x8 Box),24x8 Mobile Office (20x8 Box),"Small Mobile Office - Open Space
(up to 192 SF) - MO248 or similar",Offices,Mobile Offices,Mobile Offices
MO248,Other,2026,1,2,234,73,0.85,2.74,24x8 Mobile Office (20x8 Box),24x8 Mobile Office (20x8 Box),"Small Mobile Office - Open Space
(up to 192 SF) - MO248 or similar",Offices,Mobile Offices,Mobile Offices
MO248,Highway & Heavy Construction,2025,2,13,294,285,4.42,4.56,24x8 Mobile Office (20x8 Box),24x8 Mobile Office (20x8 Box),"Small Mobile Office - Open Space
(up to 192 SF) - MO248 or similar",Offices,Mobile Offices,Mobile Offices
MO248,Engineering & Architecture,2024,2,10,313,196,3.19,5.10,24x8 Mobile Office (20x8 Box),24x8 Mobile Office (20x8 Box),"Small Mobile Office - Open Space
(up to 192 SF) - MO248 or similar",Offices,Mobile Offices,Mobile Offices
MO248,Retail & Wholesale Trade,2026,2,5,88,215,5.68,2.33,24x8 Mobile Office (20x8 Box),24x8 Mobile Office (20x8 Box),"Small Mobile Office - Open Space
(up to 192 SF) - MO248 or similar",Offices,Mobile Offices,Mobile Offices
MO248,,2024,4,2,202,41,0.99,4.88,24x8 Mobile Office (20x8 Box),24x8 Mobile Office (20x8 Box),"Small Mobile Office - Open Space
(up to 192 SF) - MO248 or similar",Offices,Mobile Offices,Mobile Offices
MO248,Highway & Heavy Construction,2025,1,17,205,286,8.29,5.94,24x8 Mobile Office (20x8 Box),24x8 Mobile Office (20x8 Box),"Small Mobile Office - Open Space
(up to 192 SF) - MO248 or similar",Offices,Mobile Offices,Mobile Offices
MO248,Non-Residential & GCs,2025,4,36,233,947,15.45,3.80,24x8 Mobile Office (20x8 Box),24x8 Mobile Office (20x8 Box),"Small Mobile Office - Open Space
(up to 192 SF) - MO248 or similar",Offices,Mobile Offices,Mobile Offices
MO248,Professional Services,2024,4,33,202,1077,16.34,3.06,24x8 Mobile Office (20x8 Box),24x8 Mobile Office (20x8 Box),"Small Mobile Office - Open Space
(up to 192 SF) - MO248 or similar",Offices,Mobile Offices,Mobile Offices
MO248,Non-Residential & GCs,2026,1,33,234,1084,14.10,3.04,24x8 Mobile Office (20x8 Box),24x8 Mobile Office (20x8 Box),"Small Mobile Office - Open Space
(up to 192 SF) - MO248 or similar",Offices,Mobile Offices,Mobile Offices
MO248,Manufacturing,2026,1,6,234,583,2.56,1.03,24x8 Mobile Office (20x8 Box),24x8 Mobile Office (20x8 Box),"Small Mobile Office - Open Space
(up to 192 SF) - MO248 or similar",Offices,Mobile Offices,Mobile Offices
MO248,Home Builders & Developers,2024,4,37,202,1006,18.32,3.68,24x8 Mobile Office (20x8 Box),24x8 Mobile Office (20x8 Box),"Small Mobile Office - Open Space
(up to 192 SF) - MO248 or similar",Offices,Mobile Offices,Mobile Offices
MO248,Subcontractors,2025,2,28,294,925,9.52,3.03,24x8 Mobile Office (20x8 Box),24x8 Mobile Office (20x8 Box),"Small Mobile Office - Open Space
(up to 192 SF) - MO248 or similar",Offices,Mobile Offices,Mobile Offices
MO248,Professional Services,2025,4,30,233,954,12.88,3.14,24x8 Mobile Office (20x8 Box),24x8 Mobile Office (20x8 Box),"Small Mobile Office - Open Space
(up to 192 SF) - MO248 or similar",Offices,Mobile Offices,Mobile Offices
MO248,"Arts, Media, Hotels & Entertainment",2025,1,24,205,829,11.71,2.90,24x8 Mobile Office (20x8 Box),24x8 Mobile Office (20x8 Box),"Small Mobile Office - Open Space
(up to 192 SF) - MO248 or similar",Offices,Mobile Offices,Mobile Offices
MO248,Retail & Wholesale Trade,2025,2,17,294,462,5.78,3.68,24x8 Mobile Office (20x8 Box),24x8 Mobile Office (20x8 Box),"Small Mobile Office - Open Space
(up to 192 SF) - MO248 or similar",Offices,Mobile Offices,Mobile Offices
MO248,"Educational, Membership & Religious Organizations",2025,1,8,205,178,3.90,4.49,24x8 Mobile Office (20x8 Box),24x8 Mobile Office (20x8 Box),"Small Mobile Office - Open Space
(up to 192 SF) - MO248 or similar",Offices,Mobile Offices,Mobile Offices
MO248,Manufacturing,2025,1,9,205,630,4.39,1.43,24x8 Mobile Office (20x8 Box),24x8 Mobile Office (20x8 Box),"Small Mobile Office - Open Space
(up to 192 SF) - MO248 or similar",Offices,Mobile Offices,Mobile Offices
MO248,Non-Residential & GCs,2024,1,47,285,1210,16.49,3.88,24x8 Mobile Office (20x8 Box),24x8 Mobile Office (20x8 Box),"Small Mobile Office - Open Space
(up to 192 SF) - MO248 or similar",Offices,Mobile Offices,Mobile Offices
MO248,"Educational, Membership & Religious Organizations",2025,4,17,233,176,7.30,9.66,24x8 Mobile Office (20x8 Box),24x8 Mobile Office (20x8 Box),"Small Mobile Office - Open Space
(up to 192 SF) - MO248 or similar",Offices,Mobile Offices,Mobile Offices
MO248,Home Builders & Developers,2026,1,58,234,1104,24.79,5.25,24x8 Mobile Office (20x8 Box),24x8 Mobile Office (20x8 Box),"Small Mobile Office - Open Space
(up to 192 SF) - MO248 or similar",Offices,Mobile Offices,Mobile Offices
MO248,Professional Services,2024,1,39,285,1538,13.68,2.54,24x8 Mobile Office (20x8 Box),24x8 Mobile Office (20x8 Box),"Small Mobile Office - Open Space
(up to 192 SF) - MO248 or similar",Offices,Mobile Offices,Mobile Offices
MO248,"Educational, Membership & Religious Organizations",2026,2,10,88,127,11.36,7.87,24x8 Mobile Office (20x8 Box),24x8 Mobile Office (20x8 Box),"Small Mobile Office - Open Space
(up to 192 SF) - MO248 or similar",Offices,Mobile Offices,Mobile Offices
MO248,Highway & Heavy Construction,2025,3,14,191,282,7.33,4.96,24x8 Mobile Office (20x8 Box),24x8 Mobile Office (20x8 Box),"Small Mobile Office - Open Space
(up to 192 SF) - MO248 or similar",Offices,Mobile Offices,Mobile Offices
MO248,"Educational, Membership & Religious Organizations",2026,1,10,234,183,4.27,5.46,24x8 Mobile Office (20x8 Box),24x8 Mobile Office (20x8 Box),"Small Mobile Office - Open Space
(up to 192 SF) - MO248 or similar",Offices,Mobile Offices,Mobile Offices
MO248,Public Administration,2025,2,8,294,137,2.72,5.84,24x8 Mobile Office (20x8 Box),24x8 Mobile Office (20x8 Box),"Small Mobile Office - Open Space
(up to 192 SF) - MO248 or similar",Offices,Mobile Offices,Mobile Offices
MO248,Engineering & Architecture,2025,3,4,191,155,2.09,2.58,24x8 Mobile Office (20x8 Box),24x8 Mobile Office (20x8 Box),"Small Mobile Office - Open Space
(up to 192 SF) - MO248 or similar",Offices,Mobile Offices,Mobile Offices
MO248,"Educational, Membership & Religious Organizations",2025,2,11,294,210,3.74,5.24,24x8 Mobile Office (20x8 Box),24x8 Mobile Office (20x8 Box),"Small Mobile Office - Open Space
(up to 192 SF) - MO248 or similar",Offices,Mobile Offices,Mobile Offices
MO248,Public Administration,2025,1,2,205,88,0.98,2.27,24x8 Mobile Office (20x8 Box),24x8 Mobile Office (20x8 Box),"Small Mobile Office - Open Space
(up to 192 SF) - MO248 or similar",Offices,Mobile Offices,Mobile Offices
MO248,Health Care,2024,2,2,313,58,0.64,3.45,24x8 Mobile Office (20x8 Box),24x8 Mobile Office (20x8 Box),"Small Mobile Office - Open Space
(up to 192 SF) - MO248 or similar",Offices,Mobile Offices,Mobile Offices
MO248,,2024,1,3,285,59,1.05,5.08,24x8 Mobile Office (20x8 Box),24x8 Mobile Office (20x8 Box),"Small Mobile Office - Open Space
(up to 192 SF) - MO248 or similar",Offices,Mobile Offices,Mobile Offices
MO248,Other,2025,1,1,205,94,0.49,1.06,24x8 Mobile Office (20x8 Box),24x8 Mobile Office (20x8 Box),"Small Mobile Office - Open Space
(up to 192 SF) - MO248 or similar",Offices,Mobile Offices,Mobile Offices
MO248,Other,2024,3,1,249,151,0.40,0.66,24x8 Mobile Office (20x8 Box),24x8 Mobile Office (20x8 Box),"Small Mobile Office - Open Space
(up to 192 SF) - MO248 or similar",Offices,Mobile Offices,Mobile Offices
MO248,Other,2026,2,1,88,35,1.14,2.86,24x8 Mobile Office (20x8 Box),24x8 Mobile Office (20x8 Box),"Small Mobile Office - Open Space
(up to 192 SF) - MO248 or similar",Offices,Mobile Offices,Mobile Offices
MO248,Professional Services,2024,2,40,313,1628,12.78,2.46,24x8 Mobile Office (20x8 Box),24x8 Mobile Office (20x8 Box),"Small Mobile Office - Open Space
(up to 192 SF) - MO248 or similar",Offices,Mobile Offices,Mobile Offices
MO248,Home Builders & Developers,2025,4,56,233,1022,24.03,5.48,24x8 Mobile Office (20x8 Box),24x8 Mobile Office (20x8 Box),"Small Mobile Office - Open Space
(up to 192 SF) - MO248 or similar",Offices,Mobile Offices,Mobile Offices
MO248,Mining & Utilities,2024,1,21,285,732,7.37,2.87,24x8 Mobile Office (20x8 Box),24x8 Mobile Office (20x8 Box),"Small Mobile Office - Open Space
(up to 192 SF) - MO248 or similar",Offices,Mobile Offices,Mobile Offices
MO248,Professional Services,2025,3,26,191,1275,13.61,2.04,24x8 Mobile Office (20x8 Box),24x8 Mobile Office (20x8 Box),"Small Mobile Office - Open Space
(up to 192 SF) - MO248 or similar",Offices,Mobile Offices,Mobile Offices
MO248,Public Administration,2026,1,6,234,123,2.56,4.88,24x8 Mobile Office (20x8 Box),24x8 Mobile Office (20x8 Box),"Small Mobile Office - Open Space
(up to 192 SF) - MO248 or similar",Offices,Mobile Offices,Mobile Offices
MO248,Highway & Heavy Construction,2024,1,18,285,363,6.32,4.96,24x8 Mobile Office (20x8 Box),24x8 Mobile Office (20x8 Box),"Small Mobile Office - Open Space
(up to 192 SF) - MO248 or similar",Offices,Mobile Offices,Mobile Offices
MO248,"Educational, Membership & Religious Organizations",2024,1,13,285,265,4.56,4.91,24x8 Mobile Office (20x8 Box),24x8 Mobile Office (20x8 Box),"Small Mobile Office - Open Space
(up to 192 SF) - MO248 or similar",Offices,Mobile Offices,Mobile Offices
MO248,Public Administration,2025,4,11,233,104,4.72,10.58,24x8 Mobile Office (20x8 Box),24x8 Mobile Office (20x8 Box),"Small Mobile Office - Open Space
(up to 192 SF) - MO248 or similar",Offices,Mobile Offices,Mobile Offices
MO248,"Arts, Media, Hotels & Entertainment",2025,3,7,191,823,3.66,0.85,24x8 Mobile Office (20x8 Box),24x8 Mobile Office (20x8 Box),"Small Mobile Office - Open Space
(up to 192 SF) - MO248 or similar",Offices,Mobile Offices,Mobile Offices
MO248,Manufacturing,2026,2,3,88,184,3.41,1.63,24x8 Mobile Office (20x8 Box),24x8 Mobile Office (20x8 Box),"Small Mobile Office - Open Space
(up to 192 SF) - MO248 or similar",Offices,Mobile Offices,Mobile Offices
MO248,Non-Residential & GCs,2024,3,36,249,1153,14.46,3.12,24x8 Mobile Office (20x8 Box),24x8 Mobile Office (20x8 Box),"Small Mobile Office - Open Space
(up to 192 SF) - MO248 or similar",Offices,Mobile Offices,Mobile Offices
MO248,"Educational, Membership & Religious Organizations",2024,2,16,313,248,5.11,6.45,24x8 Mobile Office (20x8 Box),24x8 Mobile Office (20x8 Box),"Small Mobile Office - Open Space
(up to 192 SF) - MO248 or similar",Offices,Mobile Offices,Mobile Offices
MO248,Professional Services,2026,2,11,88,574,12.50,1.92,24x8 Mobile Office (20x8 Box),24x8 Mobile Office (20x8 Box),"Small Mobile Office - Open Space
(up to 192 SF) - MO248 or similar",Offices,Mobile Offices,Mobile Offices
MO248,Subcontractors,2026,2,11,88,353,12.50,3.12,24x8 Mobile Office (20x8 Box),24x8 Mobile Office (20x8 Box),"Small Mobile Office - Open Space
(up to 192 SF) - MO248 or similar",Offices,Mobile Offices,Mobile Offices
MO248,Manufacturing,2025,4,7,233,339,3.00,2.06,24x8 Mobile Office (20x8 Box),24x8 Mobile Office (20x8 Box),"Small Mobile Office - Open Space
(up to 192 SF) - MO248 or similar",Offices,Mobile Offices,Mobile Offices
MO248,Public Administration,2024,2,5,313,127,1.60,3.94,24x8 Mobile Office (20x8 Box),24x8 Mobile Office (20x8 Box),"Small Mobile Office - Open Space
(up to 192 SF) - MO248 or similar",Offices,Mobile Offices,Mobile Offices
MO248,,2025,3,1,191,52,0.52,1.92,24x8 Mobile Office (20x8 Box),24x8 Mobile Office (20x8 Box),"Small Mobile Office - Open Space
(up to 192 SF) - MO248 or similar",Offices,Mobile Offices,Mobile Offices
MO248,"Arts, Media, Hotels & Entertainment",2024,1,28,285,898,9.82,3.12,24x8 Mobile Office (20x8 Box),24x8 Mobile Office (20x8 Box),"Small Mobile Office - Open Space
(up to 192 SF) - MO248 or similar",Offices,Mobile Offices,Mobile Offices
MO248,Other,2024,1,7,285,247,2.46,2.83,24x8 Mobile Office (20x8 Box),24x8 Mobile Office (20x8 Box),"Small Mobile Office - Open Space
(up to 192 SF) - MO248 or similar",Offices,Mobile Offices,Mobile Offices
MO248,Highway & Heavy Construction,2024,3,19,249,315,7.63,6.03,24x8 Mobile Office (20x8 Box),24x8 Mobile Office (20x8 Box),"Small Mobile Office - Open Space
(up to 192 SF) - MO248 or similar",Offices,Mobile Offices,Mobile Offices
MO248,Manufacturing,2024,2,14,313,507,4.47,2.76,24x8 Mobile Office (20x8 Box),24x8 Mobile Office (20x8 Box),"Small Mobile Office - Open Space
(up to 192 SF) - MO248 or similar",Offices,Mobile Offices,Mobile Offices
MO248,Mining & Utilities,2025,2,13,294,358,4.42,3.63,24x8 Mobile Office (20x8 Box),24x8 Mobile Office (20x8 Box),"Small Mobile Office - Open Space
(up to 192 SF) - MO248 or similar",Offices,Mobile Offices,Mobile Offices
MO248,Engineering & Architecture,2024,1,3,285,185,1.05,1.62,24x8 Mobile Office (20x8 Box),24x8 Mobile Office (20x8 Box),"Small Mobile Office - Open Space
(up to 192 SF) - MO248 or similar",Offices,Mobile Offices,Mobile Offices
MO248,Highway & Heavy Construction,2026,2,2,88,153,2.27,1.31,24x8 Mobile Office (20x8 Box),24x8 Mobile Office (20x8 Box),"Small Mobile Office - Open Space
(up to 192 SF) - MO248 or similar",Offices,Mobile Offices,Mobile Offices
MO248,"Educational, Membership & Religious Organizations",2024,3,13,249,178,5.22,7.30,24x8 Mobile Office (20x8 Box),24x8 Mobile Office (20x8 Box),"Small Mobile Office - Open Space
(up to 192 SF) - MO248 or similar",Offices,Mobile Offices,Mobile Offices
MO248,Highway & Heavy Construction,2024,2,12,313,360,3.83,3.33,24x8 Mobile Office (20x8 Box),24x8 Mobile Office (20x8 Box),"Small Mobile Office - Open Space
(up to 192 SF) - MO248 or similar",Offices,Mobile Offices,Mobile Offices
MO248,Public Administration,2024,1,4,285,96,1.40,4.17,24x8 Mobile Office (20x8 Box),24x8 Mobile Office (20x8 Box),"Small Mobile Office - Open Space
(up to 192 SF) - MO248 or similar",Offices,Mobile Offices,Mobile Offices
MO248,Retail & Wholesale Trade,2024,3,22,249,508,8.84,4.33,24x8 Mobile Office (20x8 Box),24x8 Mobile Office (20x8 Box),"Small Mobile Office - Open Space
(up to 192 SF) - MO248 or similar",Offices,Mobile Offices,Mobile Offices
MO248,Home Builders & Developers,2025,3,53,191,1104,27.75,4.80,24x8 Mobile Office (20x8 Box),24x8 Mobile Office (20x8 Box),"Small Mobile Office - Open Space
(up to 192 SF) - MO248 or similar",Offices,Mobile Offices,Mobile Offices
MO248,Home Builders & Developers,2026,2,21,88,471,23.86,4.46,24x8 Mobile Office (20x8 Box),24x8 Mobile Office (20x8 Box),"Small Mobile Office - Open Space
(up to 192 SF) - MO248 or similar",Offices,Mobile Offices,Mobile Offices
MO248,Engineering & Architecture,2025,2,3,294,164,1.02,1.83,24x8 Mobile Office (20x8 Box),24x8 Mobile Office (20x8 Box),"Small Mobile Office - Open Space
(up to 192 SF) - MO248 or similar",Offices,Mobile Offices,Mobile Offices
MO248,Highway & Heavy Construction,2024,4,9,202,280,4.46,3.21,24x8 Mobile Office (20x8 Box),24x8 Mobile Office (20x8 Box),"Small Mobile Office - Open Space
(up to 192 SF) - MO248 or similar",Offices,Mobile Offices,Mobile Offices
MO248,Public Administration,2024,4,8,202,108,3.96,7.41,24x8 Mobile Office (20x8 Box),24x8 Mobile Office (20x8 Box),"Small Mobile Office - Open Space
(up to 192 SF) - MO248 or similar",Offices,Mobile Offices,Mobile Offices
MO248,,2025,4,2,233,40,0.86,5.00,24x8 Mobile Office (20x8 Box),24x8 Mobile Office (20x8 Box),"Small Mobile Office - Open Space
(up to 192 SF) - MO248 or similar",Offices,Mobile Offices,Mobile Offices
MO248,Home Builders & Developers,2024,1,42,285,1228,14.74,3.42,24x8 Mobile Office (20x8 Box),24x8 Mobile Office (20x8 Box),"Small Mobile Office - Open Space
(up to 192 SF) - MO248 or similar",Offices,Mobile Offices,Mobile Offices
MO248,Home Builders & Developers,2024,3,35,249,1231,14.06,2.84,24x8 Mobile Office (20x8 Box),24x8 Mobile Office (20x8 Box),"Small Mobile Office - Open Space
(up to 192 SF) - MO248 or similar",Offices,Mobile Offices,Mobile Offices
MO248,Mining & Utilities,2025,1,9,205,641,4.39,1.40,24x8 Mobile Office (20x8 Box),24x8 Mobile Office (20x8 Box),"Small Mobile Office - Open Space
(up to 192 SF) - MO248 or similar",Offices,Mobile Offices,Mobile Offices
MO248,Subcontractors,2024,4,19,202,743,9.41,2.56,24x8 Mobile Office (20x8 Box),24x8 Mobile Office (20x8 Box),"Small Mobile Office - Open Space
(up to 192 SF) - MO248 or similar",Offices,Mobile Offices,Mobile Offices
MO248,Engineering & Architecture,2024,3,8,249,202,3.21,3.96,24x8 Mobile Office (20x8 Box),24x8 Mobile Office (20x8 Box),"Small Mobile Office - Open Space
(up to 192 SF) - MO248 or similar",Offices,Mobile Offices,Mobile Offices
MO248,Mining & Utilities,2024,4,9,202,433,4.46,2.08,24x8 Mobile Office (20x8 Box),24x8 Mobile Office (20x8 Box),"Small Mobile Office - Open Space
(up to 192 SF) - MO248 or similar",Offices,Mobile Offices,Mobile Offices
MO248,Other,2025,4,5,233,82,2.15,6.10,24x8 Mobile Office (20x8 Box),24x8 Mobile Office (20x8 Box),"Small Mobile Office - Open Space
(up to 192 SF) - MO248 or similar",Offices,Mobile Offices,Mobile Offices
MO248,Home Builders & Developers,2024,2,51,313,1349,16.29,3.78,24x8 Mobile Office (20x8 Box),24x8 Mobile Office (20x8 Box),"Small Mobile Office - Open Space
(up to 192 SF) - MO248 or similar",Offices,Mobile Offices,Mobile Offices
MO248,Retail & Wholesale Trade,2026,1,15,234,492,6.41,3.05,24x8 Mobile Office (20x8 Box),24x8 Mobile Office (20x8 Box),"Small Mobile Office - Open Space
(up to 192 SF) - MO248 or similar",Offices,Mobile Offices,Mobile Offices
MO248,Manufacturing,2024,4,6,202,375,2.97,1.60,24x8 Mobile Office (20x8 Box),24x8 Mobile Office (20x8 Box),"Small Mobile Office - Open Space
(up to 192 SF) - MO248 or similar",Offices,Mobile Offices,Mobile Offices
MO248,Other,2025,3,1,191,98,0.52,1.02,24x8 Mobile Office (20x8 Box),24x8 Mobile Office (20x8 Box),"Small Mobile Office - Open Space
(up to 192 SF) - MO248 or similar",Offices,Mobile Offices,Mobile Offices
MO248,Subcontractors,2026,1,35,234,887,14.96,3.95,24x8 Mobile Office (20x8 Box),24x8 Mobile Office (20x8 Box),"Small Mobile Office - Open Space
(up to 192 SF) - MO248 or similar",Offices,Mobile Offices,Mobile Offices
MO248,Subcontractors,2025,4,33,233,824,14.16,4.00,24x8 Mobile Office (20x8 Box),24x8 Mobile Office (20x8 Box),"Small Mobile Office - Open Space
(up to 192 SF) - MO248 or similar",Offices,Mobile Offices,Mobile Offices
MO248,"Educational, Membership & Religious Organizations",2024,4,23,202,160,11.39,14.38,24x8 Mobile Office (20x8 Box),24x8 Mobile Office (20x8 Box),"Small Mobile Office - Open Space
(up to 192 SF) - MO248 or similar",Offices,Mobile Offices,Mobile Offices
MO248,Highway & Heavy Construction,2025,4,10,233,254,4.29,3.94,24x8 Mobile Office (20x8 Box),24x8 Mobile Office (20x8 Box),"Small Mobile Office - Open Space
(up to 192 SF) - MO248 or similar",Offices,Mobile Offices,Mobile Offices
MO248,Subcontractors,2025,1,16,205,925,7.80,1.73,24x8 Mobile Office (20x8 Box),24x8 Mobile Office (20x8 Box),"Small Mobile Office - Open Space
(up to 192 SF) - MO248 or similar",Offices,Mobile Offices,Mobile Offices
MO248,"Arts, Media, Hotels & Entertainment",2025,2,44,294,854,14.97,5.15,24x8 Mobile Office (20x8 Box),24x8 Mobile Office (20x8 Box),"Small Mobile Office - Open Space
(up to 192 SF) - MO248 or similar",Offices,Mobile Offices,Mobile Offices
MO248,Engineering & Architecture,2025,1,8,205,217,3.90,3.69,24x8 Mobile Office (20x8 Box),24x8 Mobile Office (20x8 Box),"Small Mobile Office - Open Space
(up to 192 SF) - MO248 or similar",Offices,Mobile Offices,Mobile Offices
MO248,Retail & Wholesale Trade,2025,3,9,191,438,4.71,2.05,24x8 Mobile Office (20x8 Box),24x8 Mobile Office (20x8 Box),"Small Mobile Office - Open Space
(up to 192 SF) - MO248 or similar",Offices,Mobile Offices,Mobile Offices
MO248,Manufacturing,2024,3,13,249,552,5.22,2.36,24x8 Mobile Office (20x8 Box),24x8 Mobile Office (20x8 Box),"Small Mobile Office - Open Space
(up to 192 SF) - MO248 or similar",Offices,Mobile Offices,Mobile Offices
MO248,Engineering & Architecture,2025,4,3,233,129,1.29,2.33,24x8 Mobile Office (20x8 Box),24x8 Mobile Office (20x8 Box),"Small Mobile Office - Open Space
(up to 192 SF) - MO248 or similar",Offices,Mobile Offices,Mobile Offices
MO248,"Arts, Media, Hotels & Entertainment",2024,4,14,202,312,6.93,4.49,24x8 Mobile Office (20x8 Box),24x8 Mobile Office (20x8 Box),"Small Mobile Office - Open Space
(up to 192 SF) - MO248 or similar",Offices,Mobile Offices,Mobile Offices
MO248,"Arts, Media, Hotels & Entertainment",2026,2,6,88,313,6.82,1.92,24x8 Mobile Office (20x8 Box),24x8 Mobile Office (20x8 Box),"Small Mobile Office - Open Space
(up to 192 SF) - MO248 or similar",Offices,Mobile Offices,Mobile Offices
MO248,"Arts, Media, Hotels & Entertainment",2025,4,7,233,258,3.00,2.71,24x8 Mobile Office (20x8 Box),24x8 Mobile Office (20x8 Box),"Small Mobile Office - Open Space
(up to 192 SF) - MO248 or similar",Offices,Mobile Offices,Mobile Offices
MO248,Public Administration,2025,3,1,191,105,0.52,0.95,24x8 Mobile Office (20x8 Box),24x8 Mobile Office (20x8 Box),"Small Mobile Office - Open Space
(up to 192 SF) - MO248 or similar",Offices,Mobile Offices,Mobile Offices
MO248,"Arts, Media, Hotels & Entertainment",2026,1,24,234,655,10.26,3.66,24x8 Mobile Office (20x8 Box),24x8 Mobile Office (20x8 Box),"Small Mobile Office - Open Space
(up to 192 SF) - MO248 or similar",Offices,Mobile Offices,Mobile Offices
MO248,"Arts, Media, Hotels & Entertainment",2024,3,14,249,1158,5.62,1.21,24x8 Mobile Office (20x8 Box),24x8 Mobile Office (20x8 Box),"Small Mobile Office - Open Space
(up to 192 SF) - MO248 or similar",Offices,Mobile Offices,Mobile Offices
MO248,Retail & Wholesale Trade,2024,4,11,202,389,5.45,2.83,24x8 Mobile Office (20x8 Box),24x8 Mobile Office (20x8 Box),"Small Mobile Office - Open Space
(up to 192 SF) - MO248 or similar",Offices,Mobile Offices,Mobile Offices
MO248,Mining & Utilities,2026,1,10,234,615,4.27,1.63,24x8 Mobile Office (20x8 Box),24x8 Mobile Office (20x8 Box),"Small Mobile Office - Open Space
(up to 192 SF) - MO248 or similar",Offices,Mobile Offices,Mobile Offices
MO248,Non-Residential & GCs,2025,1,27,205,1032,13.17,2.62,24x8 Mobile Office (20x8 Box),24x8 Mobile Office (20x8 Box),"Small Mobile Office - Open Space
(up to 192 SF) - MO248 or similar",Offices,Mobile Offices,Mobile Offices
MO248,"Educational, Membership & Religious Organizations",2025,3,4,191,124,2.09,3.23,24x8 Mobile Office (20x8 Box),24x8 Mobile Office (20x8 Box),"Small Mobile Office - Open Space
(up to 192 SF) - MO248 or similar",Offices,Mobile Offices,Mobile Offices
MO248,Engineering & Architecture,2026,1,3,234,151,1.28,1.99,24x8 Mobile Office (20x8 Box),24x8 Mobile Office (20x8 Box),"Small Mobile Office - Open Space
(up to 192 SF) - MO248 or similar",Offices,Mobile Offices,Mobile Offices
MO248,Highway & Heavy Construction,2026,1,5,234,300,2.14,1.67,24x8 Mobile Office (20x8 Box),24x8 Mobile Office (20x8 Box),"Small Mobile Office - Open Space
(up to 192 SF) - MO248 or similar",Offices,Mobile Offices,Mobile Offices
MO248,Non-Residential & GCs,2025,2,36,294,1225,12.24,2.94,24x8 Mobile Office (20x8 Box),24x8 Mobile Office (20x8 Box),"Small Mobile Office - Open Space
(up to 192 SF) - MO248 or similar",Offices,Mobile Offices,Mobile Offices
MO248,Non-Residential & GCs,2024,4,29,202,979,14.36,2.96,24x8 Mobile Office (20x8 Box),24x8 Mobile Office (20x8 Box),"Small Mobile Office - Open Space
(up to 192 SF) - MO248 or similar",Offices,Mobile Offices,Mobile Offices
MO248,Subcontractors,2025,3,28,191,943,14.66,2.97,24x8 Mobile Office (20x8 Box),24x8 Mobile Office (20x8 Box),"Small Mobile Office - Open Space
(up to 192 SF) - MO248 or similar",Offices,Mobile Offices,Mobile Offices
MO248,Non-Residential & GCs,2024,2,51,313,1460,16.29,3.49,24x8 Mobile Office (20x8 Box),24x8 Mobile Office (20x8 Box),"Small Mobile Office - Open Space
(up to 192 SF) - MO248 or similar",Offices,Mobile Offices,Mobile Offices
MO248,Professional Services,2025,1,34,205,1459,16.59,2.33,24x8 Mobile Office (20x8 Box),24x8 Mobile Office (20x8 Box),"Small Mobile Office - Open Space
(up to 192 SF) - MO248 or similar",Offices,Mobile Offices,Mobile Offices
MO248,Manufacturing,2025,2,6,294,497,2.04,1.21,24x8 Mobile Office (20x8 Box),24x8 Mobile Office (20x8 Box),"Small Mobile Office - Open Space
(up to 192 SF) - MO248 or similar",Offices,Mobile Offices,Mobile Offices
MO248,Engineering & Architecture,2024,4,2,202,134,0.99,1.49,24x8 Mobile Office (20x8 Box),24x8 Mobile Office (20x8 Box),"Small Mobile Office - Open Space
(up to 192 SF) - MO248 or similar",Offices,Mobile Offices,Mobile Offices
MO248,Public Administration,2024,3,2,249,115,0.80,1.74,24x8 Mobile Office (20x8 Box),24x8 Mobile Office (20x8 Box),"Small Mobile Office - Open Space
(up to 192 SF) - MO248 or similar",Offices,Mobile Offices,Mobile Offices
MO248,Mining & Utilities,2026,2,3,88,145,3.41,2.07,24x8 Mobile Office (20x8 Box),24x8 Mobile Office (20x8 Box),"Small Mobile Office - Open Space
(up to 192 SF) - MO248 or similar",Offices,Mobile Offices,Mobile Offices
MO248,,2024,2,2,313,98,0.64,2.04,24x8 Mobile Office (20x8 Box),24x8 Mobile Office (20x8 Box),"Small Mobile Office - Open Space
(up to 192 SF) - MO248 or similar",Offices,Mobile Offices,Mobile Offices
MO248,"Arts, Media, Hotels & Entertainment",2024,2,54,313,1014,17.25,5.33,24x8 Mobile Office (20x8 Box),24x8 Mobile Office (20x8 Box),"Small Mobile Office - Open Space
(up to 192 SF) - MO248 or similar",Offices,Mobile Offices,Mobile Offices
MO248,Manufacturing,2024,1,15,285,537,5.26,2.79,24x8 Mobile Office (20x8 Box),24x8 Mobile Office (20x8 Box),"Small Mobile Office - Open Space
(up to 192 SF) - MO248 or similar",Offices,Mobile Offices,Mobile Offices
MO248,Home Builders & Developers,2025,2,66,294,1237,22.45,5.34,24x8 Mobile Office (20x8 Box),24x8 Mobile Office (20x8 Box),"Small Mobile Office - Open Space
(up to 192 SF) - MO248 or similar",Offices,Mobile Offices,Mobile Offices
MO248,Mining & Utilities,2024,3,28,249,631,11.25,4.44,24x8 Mobile Office (20x8 Box),24x8 Mobile Office (20x8 Box),"Small Mobile Office - Open Space
(up to 192 SF) - MO248 or similar",Offices,Mobile Offices,Mobile Offices
MO248,Professional Services,2026,1,27,234,1635,11.54,1.65,24x8 Mobile Office (20x8 Box),24x8 Mobile Office (20x8 Box),"Small Mobile Office - Open Space
(up to 192 SF) - MO248 or similar",Offices,Mobile Offices,Mobile Offices
MO248,Retail & Wholesale Trade,2024,1,12,285,614,4.21,1.95,24x8 Mobile Office (20x8 Box),24x8 Mobile Office (20x8 Box),"Small Mobile Office - Open Space
(up to 192 SF) - MO248 or similar",Offices,Mobile Offices,Mobile Offices
MO248,Other,2025,2,8,294,176,2.72,4.55,24x8 Mobile Office (20x8 Box),24x8 Mobile Office (20x8 Box),"Small Mobile Office - Open Space
(up to 192 SF) - MO248 or similar",Offices,Mobile Offices,Mobile Offices
MO248,Other,2024,2,6,313,188,1.92,3.19,24x8 Mobile Office (20x8 Box),24x8 Mobile Office (20x8 Box),"Small Mobile Office - Open Space
(up to 192 SF) - MO248 or similar",Offices,Mobile Offices,Mobile Offices
MO248,Non-Residential & GCs,2025,3,24,191,1030,12.57,2.33,24x8 Mobile Office (20x8 Box),24x8 Mobile Office (20x8 Box),"Small Mobile Office - Open Space
(up to 192 SF) - MO248 or similar",Offices,Mobile Offices,Mobile Offices
MO248,Home Builders & Developers,2025,1,39,205,1185,19.02,3.29,24x8 Mobile Office (20x8 Box),24x8 Mobile Office (20x8 Box),"Small Mobile Office - Open Space
(up to 192 SF) - MO248 or similar",Offices,Mobile Offices,Mobile Offices
MO248,Professional Services,2024,3,29,249,1511,11.65,1.92,24x8 Mobile Office (20x8 Box),24x8 Mobile Office (20x8 Box),"Small Mobile Office - Open Space
(up to 192 SF) - MO248 or similar",Offices,Mobile Offices,Mobile Offices
MO248,Subcontractors,2024,3,29,249,980,11.65,2.96,24x8 Mobile Office (20x8 Box),24x8 Mobile Office (20x8 Box),"Small Mobile Office - Open Space
(up to 192 SF) - MO248 or similar",Offices,Mobile Offices,Mobile Offices
MO248,Manufacturing,2025,3,6,191,477,3.14,1.26,24x8 Mobile Office (20x8 Box),24x8 Mobile Office (20x8 Box),"Small Mobile Office - Open Space
(up to 192 SF) - MO248 or similar",Offices,Mobile Offices,Mobile Offices
MO248,Mining & Utilities,2025,4,6,233,341,2.58,1.76,24x8 Mobile Office (20x8 Box),24x8 Mobile Office (20x8 Box),"Small Mobile Office - Open Space
(up to 192 SF) - MO248 or similar",Offices,Mobile Offices,Mobile Offices
MO248,Subcontractors,2024,2,25,313,1051,7.99,2.38,24x8 Mobile Office (20x8 Box),24x8 Mobile Office (20x8 Box),"Small Mobile Office - Open Space
(up to 192 SF) - MO248 or similar",Offices,Mobile Offices,Mobile Offices
MO248,Non-Residential & GCs,2026,2,14,88,450,15.91,3.11,24x8 Mobile Office (20x8 Box),24x8 Mobile Office (20x8 Box),"Small Mobile Office - Open Space
(up to 192 SF) - MO248 or similar",Offices,Mobile Offices,Mobile Offices
MO248,Retail & Wholesale Trade,2024,2,13,313,554,4.15,2.35,24x8 Mobile Office (20x8 Box),24x8 Mobile Office (20x8 Box),"Small Mobile Office - Open Space
(up to 192 SF) - MO248 or similar",Offices,Mobile Offices,Mobile Offices
MO248,Retail & Wholesale Trade,2025,4,10,233,422,4.29,2.37,24x8 Mobile Office (20x8 Box),24x8 Mobile Office (20x8 Box),"Small Mobile Office - Open Space
(up to 192 SF) - MO248 or similar",Offices,Mobile Offices,Mobile Offices
MO248,Health Care,2025,1,2,205,36,0.98,5.56,24x8 Mobile Office (20x8 Box),24x8 Mobile Office (20x8 Box),"Small Mobile Office - Open Space
(up to 192 SF) - MO248 or similar",Offices,Mobile Offices,Mobile Offices
20W,Retail & Wholesale Trade,2025,4,70,780,422,8.97,16.59,20' OPEN BAY OFFICE,Ground Level Office - 20' x 8',Small Ground Level Office (160 SF),Offices,Ground Level Offices,Standard Ground Level Offices
20W,"Arts, Media, Hotels & Entertainment",2026,1,146,1213,655,12.04,22.29,20' OPEN BAY OFFICE,Ground Level Office - 20' x 8',Small Ground Level Office (160 SF),Offices,Ground Level Offices,Standard Ground Level Offices
20W,Mining & Utilities,2025,3,33,1207,438,2.73,7.53,20' OPEN BAY OFFICE,Ground Level Office - 20' x 8',Small Ground Level Office (160 SF),Offices,Ground Level Offices,Standard Ground Level Offices
20W,Highway & Heavy Construction,2024,3,45,1552,315,2.90,14.29,20' OPEN BAY OFFICE,Ground Level Office - 20' x 8',Small Ground Level Office (160 SF),Offices,Ground Level Offices,Standard Ground Level Offices
20W,"Arts, Media, Hotels & Entertainment",2025,1,223,1347,829,16.56,26.90,20' OPEN BAY OFFICE,Ground Level Office - 20' x 8',Small Ground Level Office (160 SF),Offices,Ground Level Offices,Standard Ground Level Offices
20W,Non-Residential & GCs,2024,3,165,1552,1153,10.63,14.31,20' OPEN BAY OFFICE,Ground Level Office - 20' x 8',Small Ground Level Office (160 SF),Offices,Ground Level Offices,Standard Ground Level Offices
20W,Non-Residential & GCs,2024,2,213,1681,1460,12.67,14.59,20' OPEN BAY OFFICE,Ground Level Office - 20' x 8',Small Ground Level Office (160 SF),Offices,Ground Level Offices,Standard Ground Level Offices
20W,Subcontractors,2024,4,103,977,743,10.54,13.86,20' OPEN BAY OFFICE,Ground Level Office - 20' x 8',Small Ground Level Office (160 SF),Offices,Ground Level Offices,Standard Ground Level Offices
20W,"Educational, Membership & Religious Organizations",2025,3,27,1207,124,2.24,21.77,20' OPEN BAY OFFICE,Ground Level Office - 20' x 8',Small Ground Level Office (160 SF),Offices,Ground Level Offices,Standard Ground Level Offices
20W,Other,2025,1,20,1347,94,1.48,21.28,20' OPEN BAY OFFICE,Ground Level Office - 20' x 8',Small Ground Level Office (160 SF),Offices,Ground Level Offices,Standard Ground Level Offices
20W,,2025,3,10,1207,52,0.83,19.23,20' OPEN BAY OFFICE,Ground Level Office - 20' x 8',Small Ground Level Office (160 SF),Offices,Ground Level Offices,Standard Ground Level Offices
20W,Highway & Heavy Construction,2026,2,7,415,153,1.69,4.58,20' OPEN BAY OFFICE,Ground Level Office - 20' x 8',Small Ground Level Office (160 SF),Offices,Ground Level Offices,Standard Ground Level Offices
20W,Subcontractors,2026,1,119,1213,887,9.81,13.42,20' OPEN BAY OFFICE,Ground Level Office - 20' x 8',Small Ground Level Office (160 SF),Offices,Ground Level Offices,Standard Ground Level Offices
20W,Manufacturing,2025,1,60,1347,630,4.45,9.52,20' OPEN BAY OFFICE,Ground Level Office - 20' x 8',Small Ground Level Office (160 SF),Offices,Ground Level Offices,Standard Ground Level Offices
20W,Manufacturing,2024,2,72,1681,507,4.28,14.20,20' OPEN BAY OFFICE,Ground Level Office - 20' x 8',Small Ground Level Office (160 SF),Offices,Ground Level Offices,Standard Ground Level Offices
20W,Retail & Wholesale Trade,2024,4,67,977,389,6.86,17.22,20' OPEN BAY OFFICE,Ground Level Office - 20' x 8',Small Ground Level Office (160 SF),Offices,Ground Level Offices,Standard Ground Level Offices
20W,Manufacturing,2025,2,47,1182,497,3.98,9.46,20' OPEN BAY OFFICE,Ground Level Office - 20' x 8',Small Ground Level Office (160 SF),Offices,Ground Level Offices,Standard Ground Level Offices
20W,Non-Residential & GCs,2025,3,93,1207,1030,7.71,9.03,20' OPEN BAY OFFICE,Ground Level Office - 20' x 8',Small Ground Level Office (160 SF),Offices,Ground Level Offices,Standard Ground Level Offices
20W,Highway & Heavy Construction,2025,4,31,780,254,3.97,12.20,20' OPEN BAY OFFICE,Ground Level Office - 20' x 8',Small Ground Level Office (160 SF),Offices,Ground Level Offices,Standard Ground Level Offices
20W,,2025,1,3,1347,53,0.22,5.66,20' OPEN BAY OFFICE,Ground Level Office - 20' x 8',Small Ground Level Office (160 SF),Offices,Ground Level Offices,Standard Ground Level Offices
20W,Public Administration,2025,4,9,780,104,1.15,8.65,20' OPEN BAY OFFICE,Ground Level Office - 20' x 8',Small Ground Level Office (160 SF),Offices,Ground Level Offices,Standard Ground Level Offices
20W,Professional Services,2024,4,255,977,1077,26.10,23.68,20' OPEN BAY OFFICE,Ground Level Office - 20' x 8',Small Ground Level Office (160 SF),Offices,Ground Level Offices,Standard Ground Level Offices
20W,Non-Residential & GCs,2024,1,142,1372,1210,10.35,11.74,20' OPEN BAY OFFICE,Ground Level Office - 20' x 8',Small Ground Level Office (160 SF),Offices,Ground Level Offices,Standard Ground Level Offices
20W,Retail & Wholesale Trade,2024,1,102,1372,614,7.43,16.61,20' OPEN BAY OFFICE,Ground Level Office - 20' x 8',Small Ground Level Office (160 SF),Offices,Ground Level Offices,Standard Ground Level Offices
20W,Subcontractors,2026,2,44,415,353,10.60,12.46,20' OPEN BAY OFFICE,Ground Level Office - 20' x 8',Small Ground Level Office (160 SF),Offices,Ground Level Offices,Standard Ground Level Offices
20W,Non-Residential & GCs,2025,2,111,1182,1225,9.39,9.06,20' OPEN BAY OFFICE,Ground Level Office - 20' x 8',Small Ground Level Office (160 SF),Offices,Ground Level Offices,Standard Ground Level Offices
20W,Retail & Wholesale Trade,2024,2,123,1681,554,7.32,22.20,20' OPEN BAY OFFICE,Ground Level Office - 20' x 8',Small Ground Level Office (160 SF),Offices,Ground Level Offices,Standard Ground Level Offices
20W,Mining & Utilities,2026,1,56,1213,615,4.62,9.11,20' OPEN BAY OFFICE,Ground Level Office - 20' x 8',Small Ground Level Office (160 SF),Offices,Ground Level Offices,Standard Ground Level Offices
20W,Engineering & Architecture,2024,4,15,977,134,1.54,11.19,20' OPEN BAY OFFICE,Ground Level Office - 20' x 8',Small Ground Level Office (160 SF),Offices,Ground Level Offices,Standard Ground Level Offices
20W,Health Care,2024,3,8,1552,46,0.52,17.39,20' OPEN BAY OFFICE,Ground Level Office - 20' x 8',Small Ground Level Office (160 SF),Offices,Ground Level Offices,Standard Ground Level Offices
20W,Health Care,2025,1,7,1347,36,0.52,19.44,20' OPEN BAY OFFICE,Ground Level Office - 20' x 8',Small Ground Level Office (160 SF),Offices,Ground Level Offices,Standard Ground Level Offices
20W,Manufacturing,2025,4,32,780,339,4.10,9.44,20' OPEN BAY OFFICE,Ground Level Office - 20' x 8',Small Ground Level Office (160 SF),Offices,Ground Level Offices,Standard Ground Level Offices
20W,Home Builders & Developers,2024,2,174,1681,1349,10.35,12.90,20' OPEN BAY OFFICE,Ground Level Office - 20' x 8',Small Ground Level Office (160 SF),Offices,Ground Level Offices,Standard Ground Level Offices
20W,Home Builders & Developers,2025,3,153,1207,1104,12.68,13.86,20' OPEN BAY OFFICE,Ground Level Office - 20' x 8',Small Ground Level Office (160 SF),Offices,Ground Level Offices,Standard Ground Level Offices
20W,Public Administration,2024,3,14,1552,115,0.90,12.17,20' OPEN BAY OFFICE,Ground Level Office - 20' x 8',Small Ground Level Office (160 SF),Offices,Ground Level Offices,Standard Ground Level Offices
20W,Highway & Heavy Construction,2025,3,49,1207,282,4.06,17.38,20' OPEN BAY OFFICE,Ground Level Office - 20' x 8',Small Ground Level Office (160 SF),Offices,Ground Level Offices,Standard Ground Level Offices
20W,Non-Residential & GCs,2026,2,47,415,450,11.33,10.44,20' OPEN BAY OFFICE,Ground Level Office - 20' x 8',Small Ground Level Office (160 SF),Offices,Ground Level Offices,Standard Ground Level Offices
20W,Mining & Utilities,2025,4,31,780,341,3.97,9.09,20' OPEN BAY OFFICE,Ground Level Office - 20' x 8',Small Ground Level Office (160 SF),Offices,Ground Level Offices,Standard Ground Level Offices
20W,,2024,3,6,1552,62,0.39,9.68,20' OPEN BAY OFFICE,Ground Level Office - 20' x 8',Small Ground Level Office (160 SF),Offices,Ground Level Offices,Standard Ground Level Offices
20W,Public Administration,2025,1,5,1347,88,0.37,5.68,20' OPEN BAY OFFICE,Ground Level Office - 20' x 8',Small Ground Level Office (160 SF),Offices,Ground Level Offices,Standard Ground Level Offices
20W,"Arts, Media, Hotels & Entertainment",2024,1,193,1372,898,14.07,21.49,20' OPEN BAY OFFICE,Ground Level Office - 20' x 8',Small Ground Level Office (160 SF),Offices,Ground Level Offices,Standard Ground Level Offices
20W,Home Builders & Developers,2026,1,137,1213,1104,11.29,12.41,20' OPEN BAY OFFICE,Ground Level Office - 20' x 8',Small Ground Level Office (160 SF),Offices,Ground Level Offices,Standard Ground Level Offices
20W,"Educational, Membership & Religious Organizations",2024,2,34,1681,248,2.02,13.71,20' OPEN BAY OFFICE,Ground Level Office - 20' x 8',Small Ground Level Office (160 SF),Offices,Ground Level Offices,Standard Ground Level Offices
20W,Retail & Wholesale Trade,2025,2,95,1182,462,8.04,20.56,20' OPEN BAY OFFICE,Ground Level Office - 20' x 8',Small Ground Level Office (160 SF),Offices,Ground Level Offices,Standard Ground Level Offices
20W,Mining & Utilities,2024,1,60,1372,732,4.37,8.20,20' OPEN BAY OFFICE,Ground Level Office - 20' x 8',Small Ground Level Office (160 SF),Offices,Ground Level Offices,Standard Ground Level Offices
20W,Other,2024,3,13,1552,151,0.84,8.61,20' OPEN BAY OFFICE,Ground Level Office - 20' x 8',Small Ground Level Office (160 SF),Offices,Ground Level Offices,Standard Ground Level Offices
20W,Health Care,2025,3,4,1207,44,0.33,9.09,20' OPEN BAY OFFICE,Ground Level Office - 20' x 8',Small Ground Level Office (160 SF),Offices,Ground Level Offices,Standard Ground Level Offices
20W,Professional Services,2024,2,391,1681,1628,23.26,24.02,20' OPEN BAY OFFICE,Ground Level Office - 20' x 8',Small Ground Level Office (160 SF),Offices,Ground Level Offices,Standard Ground Level Offices
20W,"Arts, Media, Hotels & Entertainment",2024,3,404,1552,1158,26.03,34.89,20' OPEN BAY OFFICE,Ground Level Office - 20' x 8',Small Ground Level Office (160 SF),Offices,Ground Level Offices,Standard Ground Level Offices
20W,Home Builders & Developers,2025,4,115,780,1022,14.74,11.25,20' OPEN BAY OFFICE,Ground Level Office - 20' x 8',Small Ground Level Office (160 SF),Offices,Ground Level Offices,Standard Ground Level Offices
20W,"Educational, Membership & Religious Organizations",2024,1,63,1372,265,4.59,23.77,20' OPEN BAY OFFICE,Ground Level Office - 20' x 8',Small Ground Level Office (160 SF),Offices,Ground Level Offices,Standard Ground Level Offices
20W,Manufacturing,2024,3,87,1552,552,5.61,15.76,20' OPEN BAY OFFICE,Ground Level Office - 20' x 8',Small Ground Level Office (160 SF),Offices,Ground Level Offices,Standard Ground Level Offices
20W,Manufacturing,2024,1,56,1372,537,4.08,10.43,20' OPEN BAY OFFICE,Ground Level Office - 20' x 8',Small Ground Level Office (160 SF),Offices,Ground Level Offices,Standard Ground Level Offices
20W,Other,2026,1,20,1213,73,1.65,27.40,20' OPEN BAY OFFICE,Ground Level Office - 20' x 8',Small Ground Level Office (160 SF),Offices,Ground Level Offices,Standard Ground Level Offices
20W,Mining & Utilities,2024,3,55,1552,631,3.54,8.72,20' OPEN BAY OFFICE,Ground Level Office - 20' x 8',Small Ground Level Office (160 SF),Offices,Ground Level Offices,Standard Ground Level Offices
20W,Engineering & Architecture,2025,2,20,1182,164,1.69,12.20,20' OPEN BAY OFFICE,Ground Level Office - 20' x 8',Small Ground Level Office (160 SF),Offices,Ground Level Offices,Standard Ground Level Offices
20W,Subcontractors,2024,3,145,1552,980,9.34,14.80,20' OPEN BAY OFFICE,Ground Level Office - 20' x 8',Small Ground Level Office (160 SF),Offices,Ground Level Offices,Standard Ground Level Offices
20W,"Educational, Membership & Religious Organizations",2026,2,21,415,127,5.06,16.54,20' OPEN BAY OFFICE,Ground Level Office - 20' x 8',Small Ground Level Office (160 SF),Offices,Ground Level Offices,Standard Ground Level Offices
20W,Home Builders & Developers,2025,1,143,1347,1185,10.62,12.07,20' OPEN BAY OFFICE,Ground Level Office - 20' x 8',Small Ground Level Office (160 SF),Offices,Ground Level Offices,Standard Ground Level Offices
20W,Non-Residential & GCs,2025,1,107,1347,1032,7.94,10.37,20' OPEN BAY OFFICE,Ground Level Office - 20' x 8',Small Ground Level Office (160 SF),Offices,Ground Level Offices,Standard Ground Level Offices
20W,Highway & Heavy Construction,2024,1,56,1372,363,4.08,15.43,20' OPEN BAY OFFICE,Ground Level Office - 20' x 8',Small Ground Level Office (160 SF),Offices,Ground Level Offices,Standard Ground Level Offices
20W,Engineering & Architecture,2024,2,31,1681,196,1.84,15.82,20' OPEN BAY OFFICE,Ground Level Office - 20' x 8',Small Ground Level Office (160 SF),Offices,Ground Level Offices,Standard Ground Level Offices
20W,Highway & Heavy Construction,2024,4,34,977,280,3.48,12.14,20' OPEN BAY OFFICE,Ground Level Office - 20' x 8',Small Ground Level Office (160 SF),Offices,Ground Level Offices,Standard Ground Level Offices
20W,"Educational, Membership & Religious Organizations",2025,2,40,1182,210,3.38,19.05,20' OPEN BAY OFFICE,Ground Level Office - 20' x 8',Small Ground Level Office (160 SF),Offices,Ground Level Offices,Standard Ground Level Offices
20W,,2024,1,12,1372,59,0.87,20.34,20' OPEN BAY OFFICE,Ground Level Office - 20' x 8',Small Ground Level Office (160 SF),Offices,Ground Level Offices,Standard Ground Level Offices
20W,Engineering & Architecture,2026,1,18,1213,151,1.48,11.92,20' OPEN BAY OFFICE,Ground Level Office - 20' x 8',Small Ground Level Office (160 SF),Offices,Ground Level Offices,Standard Ground Level Offices
20W,Home Builders & Developers,2024,4,129,977,1006,13.20,12.82,20' OPEN BAY OFFICE,Ground Level Office - 20' x 8',Small Ground Level Office (160 SF),Offices,Ground Level Offices,Standard Ground Level Offices
20W,Public Administration,2024,2,28,1681,127,1.67,22.05,20' OPEN BAY OFFICE,Ground Level Office - 20' x 8',Small Ground Level Office (160 SF),Offices,Ground Level Offices,Standard Ground Level Offices
20W,Manufacturing,2026,1,84,1213,583,6.93,14.41,20' OPEN BAY OFFICE,Ground Level Office - 20' x 8',Small Ground Level Office (160 SF),Offices,Ground Level Offices,Standard Ground Level Offices
20W,Mining & Utilities,2025,2,24,1182,358,2.03,6.70,20' OPEN BAY OFFICE,Ground Level Office - 20' x 8',Small Ground Level Office (160 SF),Offices,Ground Level Offices,Standard Ground Level Offices
20W,Highway & Heavy Construction,2025,2,29,1182,285,2.45,10.18,20' OPEN BAY OFFICE,Ground Level Office - 20' x 8',Small Ground Level Office (160 SF),Offices,Ground Level Offices,Standard Ground Level Offices
20W,Mining & Utilities,2025,1,54,1347,641,4.01,8.42,20' OPEN BAY OFFICE,Ground Level Office - 20' x 8',Small Ground Level Office (160 SF),Offices,Ground Level Offices,Standard Ground Level Offices
20W,Other,2025,3,18,1207,98,1.49,18.37,20' OPEN BAY OFFICE,Ground Level Office - 20' x 8',Small Ground Level Office (160 SF),Offices,Ground Level Offices,Standard Ground Level Offices
20W,Health Care,2026,1,12,1213,35,0.99,34.29,20' OPEN BAY OFFICE,Ground Level Office - 20' x 8',Small Ground Level Office (160 SF),Offices,Ground Level Offices,Standard Ground Level Offices
20W,,2026,2,2,415,17,0.48,11.76,20' OPEN BAY OFFICE,Ground Level Office - 20' x 8',Small Ground Level Office (160 SF),Offices,Ground Level Offices,Standard Ground Level Offices
20W,"Arts, Media, Hotels & Entertainment",2024,4,105,977,312,10.75,33.65,20' OPEN BAY OFFICE,Ground Level Office - 20' x 8',Small Ground Level Office (160 SF),Offices,Ground Level Offices,Standard Ground Level Offices
20W,Professional Services,2025,1,381,1347,1459,28.29,26.11,20' OPEN BAY OFFICE,Ground Level Office - 20' x 8',Small Ground Level Office (160 SF),Offices,Ground Level Offices,Standard Ground Level Offices
20W,Non-Residential & GCs,2026,1,85,1213,1084,7.01,7.84,20' OPEN BAY OFFICE,Ground Level Office - 20' x 8',Small Ground Level Office (160 SF),Offices,Ground Level Offices,Standard Ground Level Offices
20W,Public Administration,2025,3,25,1207,105,2.07,23.81,20' OPEN BAY OFFICE,Ground Level Office - 20' x 8',Small Ground Level Office (160 SF),Offices,Ground Level Offices,Standard Ground Level Offices
20W,Manufacturing,2026,2,24,415,184,5.78,13.04,20' OPEN BAY OFFICE,Ground Level Office - 20' x 8',Small Ground Level Office (160 SF),Offices,Ground Level Offices,Standard Ground Level Offices
20W,Public Administration,2026,2,14,415,56,3.37,25.00,20' OPEN BAY OFFICE,Ground Level Office - 20' x 8',Small Ground Level Office (160 SF),Offices,Ground Level Offices,Standard Ground Level Offices
20W,,2024,2,18,1681,98,1.07,18.37,20' OPEN BAY OFFICE,Ground Level Office - 20' x 8',Small Ground Level Office (160 SF),Offices,Ground Level Offices,Standard Ground Level Offices
20W,,2025,4,5,780,40,0.64,12.50,20' OPEN BAY OFFICE,Ground Level Office - 20' x 8',Small Ground Level Office (160 SF),Offices,Ground Level Offices,Standard Ground Level Offices
20W,Professional Services,2026,1,355,1213,1635,29.27,21.71,20' OPEN BAY OFFICE,Ground Level Office - 20' x 8',Small Ground Level Office (160 SF),Offices,Ground Level Offices,Standard Ground Level Offices
20W,Retail & Wholesale Trade,2024,3,89,1552,508,5.73,17.52,20' OPEN BAY OFFICE,Ground Level Office - 20' x 8',Small Ground Level Office (160 SF),Offices,Ground Level Offices,Standard Ground Level Offices
20W,"Arts, Media, Hotels & Entertainment",2024,2,267,1681,1014,15.88,26.33,20' OPEN BAY OFFICE,Ground Level Office - 20' x 8',Small Ground Level Office (160 SF),Offices,Ground Level Offices,Standard Ground Level Offices
20W,"Educational, Membership & Religious Organizations",2025,4,33,780,176,4.23,18.75,20' OPEN BAY OFFICE,Ground Level Office - 20' x 8',Small Ground Level Office (160 SF),Offices,Ground Level Offices,Standard Ground Level Offices
20W,Highway & Heavy Construction,2024,2,62,1681,360,3.69,17.22,20' OPEN BAY OFFICE,Ground Level Office - 20' x 8',Small Ground Level Office (160 SF),Offices,Ground Level Offices,Standard Ground Level Offices
20W,Mining & Utilities,2024,4,48,977,433,4.91,11.09,20' OPEN BAY OFFICE,Ground Level Office - 20' x 8',Small Ground Level Office (160 SF),Offices,Ground Level Offices,Standard Ground Level Offices
20W,"Arts, Media, Hotels & Entertainment",2025,4,38,780,258,4.87,14.73,20' OPEN BAY OFFICE,Ground Level Office - 20' x 8',Small Ground Level Office (160 SF),Offices,Ground Level Offices,Standard Ground Level Offices
20W,Public Administration,2024,4,20,977,108,2.05,18.52,20' OPEN BAY OFFICE,Ground Level Office - 20' x 8',Small Ground Level Office (160 SF),Offices,Ground Level Offices,Standard Ground Level Offices
20W,Engineering & Architecture,2025,1,23,1347,217,1.71,10.60,20' OPEN BAY OFFICE,Ground Level Office - 20' x 8',Small Ground Level Office (160 SF),Offices,Ground Level Offices,Standard Ground Level Offices
20W,Engineering & Architecture,2026,2,22,415,116,5.30,18.97,20' OPEN BAY OFFICE,Ground Level Office - 20' x 8',Small Ground Level Office (160 SF),Offices,Ground Level Offices,Standard Ground Level Offices
20W,Other,2024,4,9,977,62,0.92,14.52,20' OPEN BAY OFFICE,Ground Level Office - 20' x 8',Small Ground Level Office (160 SF),Offices,Ground Level Offices,Standard Ground Level Offices
20W,Manufacturing,2025,3,60,1207,477,4.97,12.58,20' OPEN BAY OFFICE,Ground Level Office - 20' x 8',Small Ground Level Office (160 SF),Offices,Ground Level Offices,Standard Ground Level Offices
20W,Home Builders & Developers,2024,3,163,1552,1231,10.50,13.24,20' OPEN BAY OFFICE,Ground Level Office - 20' x 8',Small Ground Level Office (160 SF),Offices,Ground Level Offices,Standard Ground Level Offices
20W,Highway & Heavy Construction,2026,1,36,1213,300,2.97,12.00,20' OPEN BAY OFFICE,Ground Level Office - 20' x 8',Small Ground Level Office (160 SF),Offices,Ground Level Offices,Standard Ground Level Offices
20W,Engineering & Architecture,2025,3,23,1207,155,1.91,14.84,20' OPEN BAY OFFICE,Ground Level Office - 20' x 8',Small Ground Level Office (160 SF),Offices,Ground Level Offices,Standard Ground Level Offices
20W,"Educational, Membership & Religious Organizations",2025,1,29,1347,178,2.15,16.29,20' OPEN BAY OFFICE,Ground Level Office - 20' x 8',Small Ground Level Office (160 SF),Offices,Ground Level Offices,Standard Ground Level Offices
20W,Retail & Wholesale Trade,2026,2,26,415,215,6.27,12.09,20' OPEN BAY OFFICE,Ground Level Office - 20' x 8',Small Ground Level Office (160 SF),Offices,Ground Level Offices,Standard Ground Level Offices
20W,Health Care,2024,1,5,1372,24,0.36,20.83,20' OPEN BAY OFFICE,Ground Level Office - 20' x 8',Small Ground Level Office (160 SF),Offices,Ground Level Offices,Standard Ground Level Offices
20W,Health Care,2025,2,9,1182,49,0.76,18.37,20' OPEN BAY OFFICE,Ground Level Office - 20' x 8',Small Ground Level Office (160 SF),Offices,Ground Level Offices,Standard Ground Level Offices
20W,"Arts, Media, Hotels & Entertainment",2025,2,194,1182,854,16.41,22.72,20' OPEN BAY OFFICE,Ground Level Office - 20' x 8',Small Ground Level Office (160 SF),Offices,Ground Level Offices,Standard Ground Level Offices
20W,"Arts, Media, Hotels & Entertainment",2025,3,288,1207,823,23.86,34.99,20' OPEN BAY OFFICE,Ground Level Office - 20' x 8',Small Ground Level Office (160 SF),Offices,Ground Level Offices,Standard Ground Level Offices
20W,Professional Services,2026,2,111,415,574,26.75,19.34,20' OPEN BAY OFFICE,Ground Level Office - 20' x 8',Small Ground Level Office (160 SF),Offices,Ground Level Offices,Standard Ground Level Offices
20W,Home Builders & Developers,2026,2,52,415,471,12.53,11.04,20' OPEN BAY OFFICE,Ground Level Office - 20' x 8',Small Ground Level Office (160 SF),Offices,Ground Level Offices,Standard Ground Level Offices
20W,Mining & Utilities,2026,2,10,415,145,2.41,6.90,20' OPEN BAY OFFICE,Ground Level Office - 20' x 8',Small Ground Level Office (160 SF),Offices,Ground Level Offices,Standard Ground Level Offices
20W,Public Administration,2024,1,10,1372,96,0.73,10.42,20' OPEN BAY OFFICE,Ground Level Office - 20' x 8',Small Ground Level Office (160 SF),Offices,Ground Level Offices,Standard Ground Level Offices
20W,,2025,2,2,1182,51,0.17,3.92,20' OPEN BAY OFFICE,Ground Level Office - 20' x 8',Small Ground Level Office (160 SF),Offices,Ground Level Offices,Standard Ground Level Offices
20W,Subcontractors,2025,2,109,1182,925,9.22,11.78,20' OPEN BAY OFFICE,Ground Level Office - 20' x 8',Small Ground Level Office (160 SF),Offices,Ground Level Offices,Standard Ground Level Offices
20W,Professional Services,2025,3,216,1207,1275,17.90,16.94,20' OPEN BAY OFFICE,Ground Level Office - 20' x 8',Small Ground Level Office (160 SF),Offices,Ground Level Offices,Standard Ground Level Offices
20W,Other,2024,1,32,1372,247,2.33,12.96,20' OPEN BAY OFFICE,Ground Level Office - 20' x 8',Small Ground Level Office (160 SF),Offices,Ground Level Offices,Standard Ground Level Offices
20W,Professional Services,2024,1,271,1372,1538,19.75,17.62,20' OPEN BAY OFFICE,Ground Level Office - 20' x 8',Small Ground Level Office (160 SF),Offices,Ground Level Offices,Standard Ground Level Offices
20W,Retail & Wholesale Trade,2026,1,99,1213,492,8.16,20.12,20' OPEN BAY OFFICE,Ground Level Office - 20' x 8',Small Ground Level Office (160 SF),Offices,Ground Level Offices,Standard Ground Level Offices
20W,Non-Residential & GCs,2024,4,117,977,979,11.98,11.95,20' OPEN BAY OFFICE,Ground Level Office - 20' x 8',Small Ground Level Office (160 SF),Offices,Ground Level Offices,Standard Ground Level Offices
20W,Health Care,2024,2,10,1681,58,0.59,17.24,20' OPEN BAY OFFICE,Ground Level Office - 20' x 8',Small Ground Level Office (160 SF),Offices,Ground Level Offices,Standard Ground Level Offices
20W,,2026,1,3,1213,54,0.25,5.56,20' OPEN BAY OFFICE,Ground Level Office - 20' x 8',Small Ground Level Office (160 SF),Offices,Ground Level Offices,Standard Ground Level Offices
20W,"Arts, Media, Hotels & Entertainment",2026,2,24,415,313,5.78,7.67,20' OPEN BAY OFFICE,Ground Level Office - 20' x 8',Small Ground Level Office (160 SF),Offices,Ground Level Offices,Standard Ground Level Offices
20W,,2024,4,4,977,41,0.41,9.76,20' OPEN BAY OFFICE,Ground Level Office - 20' x 8',Small Ground Level Office (160 SF),Offices,Ground Level Offices,Standard Ground Level Offices
20W,Health Care,2025,4,1,780,23,0.13,4.35,20' OPEN BAY OFFICE,Ground Level Office - 20' x 8',Small Ground Level Office (160 SF),Offices,Ground Level Offices,Standard Ground Level Offices
20W,Manufacturing,2024,4,45,977,375,4.61,12.00,20' OPEN BAY OFFICE,Ground Level Office - 20' x 8',Small Ground Level Office (160 SF),Offices,Ground Level Offices,Standard Ground Level Offices
20W,Professional Services,2025,2,290,1182,1340,24.53,21.64,20' OPEN BAY OFFICE,Ground Level Office - 20' x 8',Small Ground Level Office (160 SF),Offices,Ground Level Offices,Standard Ground Level Offices
20W,Subcontractors,2024,2,177,1681,1051,10.53,16.84,20' OPEN BAY OFFICE,Ground Level Office - 20' x 8',Small Ground Level Office (160 SF),Offices,Ground Level Offices,Standard Ground Level Offices
20W,Subcontractors,2025,3,150,1207,943,12.43,15.91,20' OPEN BAY OFFICE,Ground Level Office - 20' x 8',Small Ground Level Office (160 SF),Offices,Ground Level Offices,Standard Ground Level Offices
20W,Highway & Heavy Construction,2025,1,35,1347,286,2.60,12.24,20' OPEN BAY OFFICE,Ground Level Office - 20' x 8',Small Ground Level Office (160 SF),Offices,Ground Level Offices,Standard Ground Level Offices
20W,Professional Services,2024,3,299,1552,1511,19.27,19.79,20' OPEN BAY OFFICE,Ground Level Office - 20' x 8',Small Ground Level Office (160 SF),Offices,Ground Level Offices,Standard Ground Level Offices
20W,Other,2026,2,8,415,35,1.93,22.86,20' OPEN BAY OFFICE,Ground Level Office - 20' x 8',Small Ground Level Office (160 SF),Offices,Ground Level Offices,Standard Ground Level Offices
20W,"Educational, Membership & Religious Organizations",2026,1,25,1213,183,2.06,13.66,20' OPEN BAY OFFICE,Ground Level Office - 20' x 8',Small Ground Level Office (160 SF),Offices,Ground Level Offices,Standard Ground Level Offices
20W,Other,2025,4,15,780,82,1.92,18.29,20' OPEN BAY OFFICE,Ground Level Office - 20' x 8',Small Ground Level Office (160 SF),Offices,Ground Level Offices,Standard Ground Level Offices
20W,Engineering & Architecture,2024,3,30,1552,202,1.93,14.85,20' OPEN BAY OFFICE,Ground Level Office - 20' x 8',Small Ground Level Office (160 SF),Offices,Ground Level Offices,Standard Ground Level Offices
20W,Home Builders & Developers,2024,1,182,1372,1228,13.27,14.82,20' OPEN BAY OFFICE,Ground Level Office - 20' x 8',Small Ground Level Office (160 SF),Offices,Ground Level Offices,Standard Ground Level Offices
20W,Subcontractors,2025,1,146,1347,925,10.84,15.78,20' OPEN BAY OFFICE,Ground Level Office - 20' x 8',Small Ground Level Office (160 SF),Offices,Ground Level Offices,Standard Ground Level Offices
20W,Professional Services,2025,4,152,780,954,19.49,15.93,20' OPEN BAY OFFICE,Ground Level Office - 20' x 8',Small Ground Level Office (160 SF),Offices,Ground Level Offices,Standard Ground Level Offices
20W,Home Builders & Developers,2025,2,144,1182,1237,12.18,11.64,20' OPEN BAY OFFICE,Ground Level Office - 20' x 8',Small Ground Level Office (160 SF),Offices,Ground Level Offices,Standard Ground Level Offices
20W,Subcontractors,2025,4,138,780,824,17.69,16.75,20' OPEN BAY OFFICE,Ground Level Office - 20' x 8',Small Ground Level Office (160 SF),Offices,Ground Level Offices,Standard Ground Level Offices
20W,Subcontractors,2024,1,163,1372,1039,11.88,15.69,20' OPEN BAY OFFICE,Ground Level Office - 20' x 8',Small Ground Level Office (160 SF),Offices,Ground Level Offices,Standard Ground Level Offices
20W,"Educational, Membership & Religious Organizations",2024,3,29,1552,178,1.87,16.29,20' OPEN BAY OFFICE,Ground Level Office - 20' x 8',Small Ground Level Office (160 SF),Offices,Ground Level Offices,Standard Ground Level Offices
20W,Non-Residential & GCs,2025,4,93,780,947,11.92,9.82,20' OPEN BAY OFFICE,Ground Level Office - 20' x 8',Small Ground Level Office (160 SF),Offices,Ground Level Offices,Standard Ground Level Offices
20W,Public Administration,2026,1,18,1213,123,1.48,14.63,20' OPEN BAY OFFICE,Ground Level Office - 20' x 8',Small Ground Level Office (160 SF),Offices,Ground Level Offices,Standard Ground Level Offices
20W,Engineering & Architecture,2025,4,17,780,129,2.18,13.18,20' OPEN BAY OFFICE,Ground Level Office - 20' x 8',Small Ground Level Office (160 SF),Offices,Ground Level Offices,Standard Ground Level Offices
20W,Engineering & Architecture,2024,1,25,1372,185,1.82,13.51,20' OPEN BAY OFFICE,Ground Level Office - 20' x 8',Small Ground Level Office (160 SF),Offices,Ground Level Offices,Standard Ground Level Offices
20W,"Educational, Membership & Religious Organizations",2024,4,17,977,160,1.74,10.63,20' OPEN BAY OFFICE,Ground Level Office - 20' x 8',Small Ground Level Office (160 SF),Offices,Ground Level Offices,Standard Ground Level Offices
20W,Other,2025,2,45,1182,176,3.81,25.57,20' OPEN BAY OFFICE,Ground Level Office - 20' x 8',Small Ground Level Office (160 SF),Offices,Ground Level Offices,Standard Ground Level Offices
20W,Retail & Wholesale Trade,2025,3,58,1207,438,4.81,13.24,20' OPEN BAY OFFICE,Ground Level Office - 20' x 8',Small Ground Level Office (160 SF),Offices,Ground Level Offices,Standard Ground Level Offices
20W,Other,2024,2,36,1681,188,2.14,19.15,20' OPEN BAY OFFICE,Ground Level Office - 20' x 8',Small Ground Level Office (160 SF),Offices,Ground Level Offices,Standard Ground Level Offices
20W,Retail & Wholesale Trade,2025,1,111,1347,514,8.24,21.60,20' OPEN BAY OFFICE,Ground Level Office - 20' x 8',Small Ground Level Office (160 SF),Offices,Ground Level Offices,Standard Ground Level Offices
20W,Public Administration,2025,2,23,1182,137,1.95,16.79,20' OPEN BAY OFFICE,Ground Level Office - 20' x 8',Small Ground Level Office (160 SF),Offices,Ground Level Offices,Standard Ground Level Offices
20W,Mining & Utilities,2024,2,45,1681,588,2.68,7.65,20' OPEN BAY OFFICE,Ground Level Office - 20' x 8',Small Ground Level Office (160 SF),Offices,Ground Level Offices,Standard Ground Level Offices
20W,Health Care,2024,4,9,977,25,0.92,36.00,20' OPEN BAY OFFICE,Ground Level Office - 20' x 8',Small Ground Level Office (160 SF),Offices,Ground Level Offices,Standard Ground Level Offices
20W,Health Care,2026,2,3,415,18,0.72,16.67,20' OPEN BAY OFFICE,Ground Level Office - 20' x 8',Small Ground Level Office (160 SF),Offices,Ground Level Offices,Standard Ground Level Offices
MO5012,Public Administration,2025,3,1,148,105,0.68,0.95,50x12 Mobile Office or Similar,50x12 Mobile Office or Similar,Medium Mobile Office - 2 offices + Med. Open Area (up to 672 SF) - MO5012 or similar,Offices,Mobile Offices,Mobile Offices
MO5012,Mining & Utilities,2025,3,9,148,438,6.08,2.05,50x12 Mobile Office or Similar,50x12 Mobile Office or Similar,Medium Mobile Office - 2 offices + Med. Open Area (up to 672 SF) - MO5012 or similar,Offices,Mobile Offices,Mobile Offices
MO5012,Retail & Wholesale Trade,2025,1,8,153,514,5.23,1.56,50x12 Mobile Office or Similar,50x12 Mobile Office or Similar,Medium Mobile Office - 2 offices + Med. Open Area (up to 672 SF) - MO5012 or similar,Offices,Mobile Offices,Mobile Offices
MO5012,Professional Services,2025,2,30,214,1340,14.02,2.24,50x12 Mobile Office or Similar,50x12 Mobile Office or Similar,Medium Mobile Office - 2 offices + Med. Open Area (up to 672 SF) - MO5012 or similar,Offices,Mobile Offices,Mobile Offices
MO5012,Retail & Wholesale Trade,2025,3,8,148,438,5.41,1.83,50x12 Mobile Office or Similar,50x12 Mobile Office or Similar,Medium Mobile Office - 2 offices + Med. Open Area (up to 672 SF) - MO5012 or similar,Offices,Mobile Offices,Mobile Offices
MO5012,Mining & Utilities,2024,4,10,141,433,7.09,2.31,50x12 Mobile Office or Similar,50x12 Mobile Office or Similar,Medium Mobile Office - 2 offices + Med. Open Area (up to 672 SF) - MO5012 or similar,Offices,Mobile Offices,Mobile Offices
MO5012,Engineering & Architecture,2025,4,1,117,129,0.85,0.78,50x12 Mobile Office or Similar,50x12 Mobile Office or Similar,Medium Mobile Office - 2 offices + Med. Open Area (up to 672 SF) - MO5012 or similar,Offices,Mobile Offices,Mobile Offices
MO5012,Non-Residential & GCs,2025,2,35,214,1225,16.36,2.86,50x12 Mobile Office or Similar,50x12 Mobile Office or Similar,Medium Mobile Office - 2 offices + Med. Open Area (up to 672 SF) - MO5012 or similar,Offices,Mobile Offices,Mobile Offices
MO5012,Professional Services,2025,4,24,117,954,20.51,2.52,50x12 Mobile Office or Similar,50x12 Mobile Office or Similar,Medium Mobile Office - 2 offices + Med. Open Area (up to 672 SF) - MO5012 or similar,Offices,Mobile Offices,Mobile Offices
MO5012,Mining & Utilities,2026,1,8,163,615,4.91,1.30,50x12 Mobile Office or Similar,50x12 Mobile Office or Similar,Medium Mobile Office - 2 offices + Med. Open Area (up to 672 SF) - MO5012 or similar,Offices,Mobile Offices,Mobile Offices
MO5012,Public Administration,2024,3,4,159,115,2.52,3.48,50x12 Mobile Office or Similar,50x12 Mobile Office or Similar,Medium Mobile Office - 2 offices + Med. Open Area (up to 672 SF) - MO5012 or similar,Offices,Mobile Offices,Mobile Offices
MO5012,Highway & Heavy Construction,2025,2,7,214,285,3.27,2.46,50x12 Mobile Office or Similar,50x12 Mobile Office or Similar,Medium Mobile Office - 2 offices + Med. Open Area (up to 672 SF) - MO5012 or similar,Offices,Mobile Offices,Mobile Offices
MO5012,Engineering & Architecture,2026,1,1,163,151,0.61,0.66,50x12 Mobile Office or Similar,50x12 Mobile Office or Similar,Medium Mobile Office - 2 offices + Med. Open Area (up to 672 SF) - MO5012 or similar,Offices,Mobile Offices,Mobile Offices
MO5012,Public Administration,2024,4,1,141,108,0.71,0.93,50x12 Mobile Office or Similar,50x12 Mobile Office or Similar,Medium Mobile Office - 2 offices + Med. Open Area (up to 672 SF) - MO5012 or similar,Offices,Mobile Offices,Mobile Offices
MO5012,Retail & Wholesale Trade,2024,2,11,183,554,6.01,1.99,50x12 Mobile Office or Similar,50x12 Mobile Office or Similar,Medium Mobile Office - 2 offices + Med. Open Area (up to 672 SF) - MO5012 or similar,Offices,Mobile Offices,Mobile Offices
MO5012,Home Builders & Developers,2026,2,12,81,471,14.81,2.55,50x12 Mobile Office or Similar,50x12 Mobile Office or Similar,Medium Mobile Office - 2 offices + Med. Open Area (up to 672 SF) - MO5012 or similar,Offices,Mobile Offices,Mobile Offices
MO5012,Subcontractors,2025,4,16,117,824,13.68,1.94,50x12 Mobile Office or Similar,50x12 Mobile Office or Similar,Medium Mobile Office - 2 offices + Med. Open Area (up to 672 SF) - MO5012 or similar,Offices,Mobile Offices,Mobile Offices
MO5012,Non-Residential & GCs,2024,4,26,141,979,18.44,2.66,50x12 Mobile Office or Similar,50x12 Mobile Office or Similar,Medium Mobile Office - 2 offices + Med. Open Area (up to 672 SF) - MO5012 or similar,Offices,Mobile Offices,Mobile Offices
MO5012,Retail & Wholesale Trade,2026,1,7,163,492,4.29,1.42,50x12 Mobile Office or Similar,50x12 Mobile Office or Similar,Medium Mobile Office - 2 offices + Med. Open Area (up to 672 SF) - MO5012 or similar,Offices,Mobile Offices,Mobile Offices
MO5012,"Educational, Membership & Religious Organizations",2026,1,5,163,183,3.07,2.73,50x12 Mobile Office or Similar,50x12 Mobile Office or Similar,Medium Mobile Office - 2 offices + Med. Open Area (up to 672 SF) - MO5012 or similar,Offices,Mobile Offices,Mobile Offices
MO5012,Subcontractors,2025,1,10,153,925,6.54,1.08,50x12 Mobile Office or Similar,50x12 Mobile Office or Similar,Medium Mobile Office - 2 offices + Med. Open Area (up to 672 SF) - MO5012 or similar,Offices,Mobile Offices,Mobile Offices
MO5012,Non-Residential & GCs,2024,3,26,159,1153,16.35,2.26,50x12 Mobile Office or Similar,50x12 Mobile Office or Similar,Medium Mobile Office - 2 offices + Med. Open Area (up to 672 SF) - MO5012 or similar,Offices,Mobile Offices,Mobile Offices
MO5012,Non-Residential & GCs,2025,1,17,153,1032,11.11,1.65,50x12 Mobile Office or Similar,50x12 Mobile Office or Similar,Medium Mobile Office - 2 offices + Med. Open Area (up to 672 SF) - MO5012 or similar,Offices,Mobile Offices,Mobile Offices
MO5012,Professional Services,2024,2,29,183,1628,15.85,1.78,50x12 Mobile Office or Similar,50x12 Mobile Office or Similar,Medium Mobile Office - 2 offices + Med. Open Area (up to 672 SF) - MO5012 or similar,Offices,Mobile Offices,Mobile Offices
MO5012,Subcontractors,2026,1,22,163,887,13.50,2.48,50x12 Mobile Office or Similar,50x12 Mobile Office or Similar,Medium Mobile Office - 2 offices + Med. Open Area (up to 672 SF) - MO5012 or similar,Offices,Mobile Offices,Mobile Offices
MO5012,Home Builders & Developers,2024,3,40,159,1231,25.16,3.25,50x12 Mobile Office or Similar,50x12 Mobile Office or Similar,Medium Mobile Office - 2 offices + Med. Open Area (up to 672 SF) - MO5012 or similar,Offices,Mobile Offices,Mobile Offices
MO5012,Subcontractors,2024,1,12,173,1039,6.94,1.16,50x12 Mobile Office or Similar,50x12 Mobile Office or Similar,Medium Mobile Office - 2 offices + Med. Open Area (up to 672 SF) - MO5012 or similar,Offices,Mobile Offices,Mobile Offices
MO5012,Public Administration,2024,2,5,183,127,2.73,3.94,50x12 Mobile Office or Similar,50x12 Mobile Office or Similar,Medium Mobile Office - 2 offices + Med. Open Area (up to 672 SF) - MO5012 or similar,Offices,Mobile Offices,Mobile Offices
MO5012,"Educational, Membership & Religious Organizations",2024,3,2,159,178,1.26,1.12,50x12 Mobile Office or Similar,50x12 Mobile Office or Similar,Medium Mobile Office - 2 offices + Med. Open Area (up to 672 SF) - MO5012 or similar,Offices,Mobile Offices,Mobile Offices
MO5012,Other,2024,3,1,159,151,0.63,0.66,50x12 Mobile Office or Similar,50x12 Mobile Office or Similar,Medium Mobile Office - 2 offices + Med. Open Area (up to 672 SF) - MO5012 or similar,Offices,Mobile Offices,Mobile Offices
MO5012,Non-Residential & GCs,2024,1,17,173,1210,9.83,1.41,50x12 Mobile Office or Similar,50x12 Mobile Office or Similar,Medium Mobile Office - 2 offices + Med. Open Area (up to 672 SF) - MO5012 or similar,Offices,Mobile Offices,Mobile Offices
MO5012,Non-Residential & GCs,2025,3,28,148,1030,18.92,2.72,50x12 Mobile Office or Similar,50x12 Mobile Office or Similar,Medium Mobile Office - 2 offices + Med. Open Area (up to 672 SF) - MO5012 or similar,Offices,Mobile Offices,Mobile Offices
MO5012,Professional Services,2025,1,19,153,1459,12.42,1.30,50x12 Mobile Office or Similar,50x12 Mobile Office or Similar,Medium Mobile Office - 2 offices + Med. Open Area (up to 672 SF) - MO5012 or similar,Offices,Mobile Offices,Mobile Offices
MO5012,Highway & Heavy Construction,2025,3,5,148,282,3.38,1.77,50x12 Mobile Office or Similar,50x12 Mobile Office or Similar,Medium Mobile Office - 2 offices + Med. Open Area (up to 672 SF) - MO5012 or similar,Offices,Mobile Offices,Mobile Offices
MO5012,Manufacturing,2024,2,6,183,507,3.28,1.18,50x12 Mobile Office or Similar,50x12 Mobile Office or Similar,Medium Mobile Office - 2 offices + Med. Open Area (up to 672 SF) - MO5012 or similar,Offices,Mobile Offices,Mobile Offices
MO5012,Engineering & Architecture,2024,3,12,159,202,7.55,5.94,50x12 Mobile Office or Similar,50x12 Mobile Office or Similar,Medium Mobile Office - 2 offices + Med. Open Area (up to 672 SF) - MO5012 or similar,Offices,Mobile Offices,Mobile Offices
MO5012,Home Builders & Developers,2026,1,38,163,1104,23.31,3.44,50x12 Mobile Office or Similar,50x12 Mobile Office or Similar,Medium Mobile Office - 2 offices + Med. Open Area (up to 672 SF) - MO5012 or similar,Offices,Mobile Offices,Mobile Offices
MO5012,Subcontractors,2025,2,20,214,925,9.35,2.16,50x12 Mobile Office or Similar,50x12 Mobile Office or Similar,Medium Mobile Office - 2 offices + Med. Open Area (up to 672 SF) - MO5012 or similar,Offices,Mobile Offices,Mobile Offices
MO5012,Professional Services,2024,1,30,173,1538,17.34,1.95,50x12 Mobile Office or Similar,50x12 Mobile Office or Similar,Medium Mobile Office - 2 offices + Med. Open Area (up to 672 SF) - MO5012 or similar,Offices,Mobile Offices,Mobile Offices
MO5012,Professional Services,2024,4,22,141,1077,15.60,2.04,50x12 Mobile Office or Similar,50x12 Mobile Office or Similar,Medium Mobile Office - 2 offices + Med. Open Area (up to 672 SF) - MO5012 or similar,Offices,Mobile Offices,Mobile Offices
MO5012,"Educational, Membership & Religious Organizations",2025,4,6,117,176,5.13,3.41,50x12 Mobile Office or Similar,50x12 Mobile Office or Similar,Medium Mobile Office - 2 offices + Med. Open Area (up to 672 SF) - MO5012 or similar,Offices,Mobile Offices,Mobile Offices
MO5012,Highway & Heavy Construction,2025,4,2,117,254,1.71,0.79,50x12 Mobile Office or Similar,50x12 Mobile Office or Similar,Medium Mobile Office - 2 offices + Med. Open Area (up to 672 SF) - MO5012 or similar,Offices,Mobile Offices,Mobile Offices
MO5012,Public Administration,2026,1,2,163,123,1.23,1.63,50x12 Mobile Office or Similar,50x12 Mobile Office or Similar,Medium Mobile Office - 2 offices + Med. Open Area (up to 672 SF) - MO5012 or similar,Offices,Mobile Offices,Mobile Offices
MO5012,,2026,2,1,81,17,1.23,5.88,50x12 Mobile Office or Similar,50x12 Mobile Office or Similar,Medium Mobile Office - 2 offices + Med. Open Area (up to 672 SF) - MO5012 or similar,Offices,Mobile Offices,Mobile Offices
MO5012,,2024,3,1,159,62,0.63,1.61,50x12 Mobile Office or Similar,50x12 Mobile Office or Similar,Medium Mobile Office - 2 offices + Med. Open Area (up to 672 SF) - MO5012 or similar,Offices,Mobile Offices,Mobile Offices
MO5012,Subcontractors,2024,2,13,183,1051,7.10,1.24,50x12 Mobile Office or Similar,50x12 Mobile Office or Similar,Medium Mobile Office - 2 offices + Med. Open Area (up to 672 SF) - MO5012 or similar,Offices,Mobile Offices,Mobile Offices
MO5012,Professional Services,2025,3,16,148,1275,10.81,1.25,50x12 Mobile Office or Similar,50x12 Mobile Office or Similar,Medium Mobile Office - 2 offices + Med. Open Area (up to 672 SF) - MO5012 or similar,Offices,Mobile Offices,Mobile Offices
MO5012,Highway & Heavy Construction,2024,3,8,159,315,5.03,2.54,50x12 Mobile Office or Similar,50x12 Mobile Office or Similar,Medium Mobile Office - 2 offices + Med. Open Area (up to 672 SF) - MO5012 or similar,Offices,Mobile Offices,Mobile Offices
MO5012,"Arts, Media, Hotels & Entertainment",2024,4,2,141,312,1.42,0.64,50x12 Mobile Office or Similar,50x12 Mobile Office or Similar,Medium Mobile Office - 2 offices + Med. Open Area (up to 672 SF) - MO5012 or similar,Offices,Mobile Offices,Mobile Offices
MO5012,"Educational, Membership & Religious Organizations",2025,2,4,214,210,1.87,1.90,50x12 Mobile Office or Similar,50x12 Mobile Office or Similar,Medium Mobile Office - 2 offices + Med. Open Area (up to 672 SF) - MO5012 or similar,Offices,Mobile Offices,Mobile Offices
MO5012,Mining & Utilities,2024,2,4,183,588,2.19,0.68,50x12 Mobile Office or Similar,50x12 Mobile Office or Similar,Medium Mobile Office - 2 offices + Med. Open Area (up to 672 SF) - MO5012 or similar,Offices,Mobile Offices,Mobile Offices
MO5012,Retail & Wholesale Trade,2025,4,10,117,422,8.55,2.37,50x12 Mobile Office or Similar,50x12 Mobile Office or Similar,Medium Mobile Office - 2 offices + Med. Open Area (up to 672 SF) - MO5012 or similar,Offices,Mobile Offices,Mobile Offices
MO5012,Health Care,2024,2,2,183,58,1.09,3.45,50x12 Mobile Office or Similar,50x12 Mobile Office or Similar,Medium Mobile Office - 2 offices + Med. Open Area (up to 672 SF) - MO5012 or similar,Offices,Mobile Offices,Mobile Offices
MO5012,Health Care,2024,3,3,159,46,1.89,6.52,50x12 Mobile Office or Similar,50x12 Mobile Office or Similar,Medium Mobile Office - 2 offices + Med. Open Area (up to 672 SF) - MO5012 or similar,Offices,Mobile Offices,Mobile Offices
MO5012,Other,2024,1,2,173,247,1.16,0.81,50x12 Mobile Office or Similar,50x12 Mobile Office or Similar,Medium Mobile Office - 2 offices + Med. Open Area (up to 672 SF) - MO5012 or similar,Offices,Mobile Offices,Mobile Offices
MO5012,Engineering & Architecture,2025,3,1,148,155,0.68,0.65,50x12 Mobile Office or Similar,50x12 Mobile Office or Similar,Medium Mobile Office - 2 offices + Med. Open Area (up to 672 SF) - MO5012 or similar,Offices,Mobile Offices,Mobile Offices
MO5012,Home Builders & Developers,2024,2,35,183,1349,19.13,2.59,50x12 Mobile Office or Similar,50x12 Mobile Office or Similar,Medium Mobile Office - 2 offices + Med. Open Area (up to 672 SF) - MO5012 or similar,Offices,Mobile Offices,Mobile Offices
MO5012,Home Builders & Developers,2025,1,46,153,1185,30.07,3.88,50x12 Mobile Office or Similar,50x12 Mobile Office or Similar,Medium Mobile Office - 2 offices + Med. Open Area (up to 672 SF) - MO5012 or similar,Offices,Mobile Offices,Mobile Offices
MO5012,Manufacturing,2026,1,12,163,583,7.36,2.06,50x12 Mobile Office or Similar,50x12 Mobile Office or Similar,Medium Mobile Office - 2 offices + Med. Open Area (up to 672 SF) - MO5012 or similar,Offices,Mobile Offices,Mobile Offices
MO5012,Mining & Utilities,2024,1,11,173,732,6.36,1.50,50x12 Mobile Office or Similar,50x12 Mobile Office or Similar,Medium Mobile Office - 2 offices + Med. Open Area (up to 672 SF) - MO5012 or similar,Offices,Mobile Offices,Mobile Offices
MO5012,Manufacturing,2024,3,8,159,552,5.03,1.45,50x12 Mobile Office or Similar,50x12 Mobile Office or Similar,Medium Mobile Office - 2 offices + Med. Open Area (up to 672 SF) - MO5012 or similar,Offices,Mobile Offices,Mobile Offices
MO5012,Manufacturing,2025,2,11,214,497,5.14,2.21,50x12 Mobile Office or Similar,50x12 Mobile Office or Similar,Medium Mobile Office - 2 offices + Med. Open Area (up to 672 SF) - MO5012 or similar,Offices,Mobile Offices,Mobile Offices
MO5012,,2025,2,4,214,51,1.87,7.84,50x12 Mobile Office or Similar,50x12 Mobile Office or Similar,Medium Mobile Office - 2 offices + Med. Open Area (up to 672 SF) - MO5012 or similar,Offices,Mobile Offices,Mobile Offices
MO5012,Engineering & Architecture,2025,2,4,214,164,1.87,2.44,50x12 Mobile Office or Similar,50x12 Mobile Office or Similar,Medium Mobile Office - 2 offices + Med. Open Area (up to 672 SF) - MO5012 or similar,Offices,Mobile Offices,Mobile Offices
MO5012,Mining & Utilities,2024,3,5,159,631,3.14,0.79,50x12 Mobile Office or Similar,50x12 Mobile Office or Similar,Medium Mobile Office - 2 offices + Med. Open Area (up to 672 SF) - MO5012 or similar,Offices,Mobile Offices,Mobile Offices
MO5012,"Educational, Membership & Religious Organizations",2024,4,3,141,160,2.13,1.88,50x12 Mobile Office or Similar,50x12 Mobile Office or Similar,Medium Mobile Office - 2 offices + Med. Open Area (up to 672 SF) - MO5012 or similar,Offices,Mobile Offices,Mobile Offices
MO5012,Engineering & Architecture,2024,4,2,141,134,1.42,1.49,50x12 Mobile Office or Similar,50x12 Mobile Office or Similar,Medium Mobile Office - 2 offices + Med. Open Area (up to 672 SF) - MO5012 or similar,Offices,Mobile Offices,Mobile Offices
MO5012,Other,2024,4,1,141,62,0.71,1.61,50x12 Mobile Office or Similar,50x12 Mobile Office or Similar,Medium Mobile Office - 2 offices + Med. Open Area (up to 672 SF) - MO5012 or similar,Offices,Mobile Offices,Mobile Offices
MO5012,Home Builders & Developers,2024,1,29,173,1228,16.76,2.36,50x12 Mobile Office or Similar,50x12 Mobile Office or Similar,Medium Mobile Office - 2 offices + Med. Open Area (up to 672 SF) - MO5012 or similar,Offices,Mobile Offices,Mobile Offices
MO5012,"Arts, Media, Hotels & Entertainment",2025,3,25,148,823,16.89,3.04,50x12 Mobile Office or Similar,50x12 Mobile Office or Similar,Medium Mobile Office - 2 offices + Med. Open Area (up to 672 SF) - MO5012 or similar,Offices,Mobile Offices,Mobile Offices
MO5012,Highway & Heavy Construction,2026,1,7,163,300,4.29,2.33,50x12 Mobile Office or Similar,50x12 Mobile Office or Similar,Medium Mobile Office - 2 offices + Med. Open Area (up to 672 SF) - MO5012 or similar,Offices,Mobile Offices,Mobile Offices
MO5012,Highway & Heavy Construction,2024,1,14,173,363,8.09,3.86,50x12 Mobile Office or Similar,50x12 Mobile Office or Similar,Medium Mobile Office - 2 offices + Med. Open Area (up to 672 SF) - MO5012 or similar,Offices,Mobile Offices,Mobile Offices
MO5012,Public Administration,2025,2,10,214,137,4.67,7.30,50x12 Mobile Office or Similar,50x12 Mobile Office or Similar,Medium Mobile Office - 2 offices + Med. Open Area (up to 672 SF) - MO5012 or similar,Offices,Mobile Offices,Mobile Offices
MO5012,Highway & Heavy Construction,2026,2,4,81,153,4.94,2.61,50x12 Mobile Office or Similar,50x12 Mobile Office or Similar,Medium Mobile Office - 2 offices + Med. Open Area (up to 672 SF) - MO5012 or similar,Offices,Mobile Offices,Mobile Offices
MO5012,Public Administration,2026,2,2,81,56,2.47,3.57,50x12 Mobile Office or Similar,50x12 Mobile Office or Similar,Medium Mobile Office - 2 offices + Med. Open Area (up to 672 SF) - MO5012 or similar,Offices,Mobile Offices,Mobile Offices
MO5012,Highway & Heavy Construction,2024,4,2,141,280,1.42,0.71,50x12 Mobile Office or Similar,50x12 Mobile Office or Similar,Medium Mobile Office - 2 offices + Med. Open Area (up to 672 SF) - MO5012 or similar,Offices,Mobile Offices,Mobile Offices
MO5012,Other,2026,1,2,163,73,1.23,2.74,50x12 Mobile Office or Similar,50x12 Mobile Office or Similar,Medium Mobile Office - 2 offices + Med. Open Area (up to 672 SF) - MO5012 or similar,Offices,Mobile Offices,Mobile Offices
MO5012,Health Care,2026,1,1,163,35,0.61,2.86,50x12 Mobile Office or Similar,50x12 Mobile Office or Similar,Medium Mobile Office - 2 offices + Med. Open Area (up to 672 SF) - MO5012 or similar,Offices,Mobile Offices,Mobile Offices
MO5012,Subcontractors,2024,3,10,159,980,6.29,1.02,50x12 Mobile Office or Similar,50x12 Mobile Office or Similar,Medium Mobile Office - 2 offices + Med. Open Area (up to 672 SF) - MO5012 or similar,Offices,Mobile Offices,Mobile Offices
MO5012,Professional Services,2024,3,15,159,1511,9.43,0.99,50x12 Mobile Office or Similar,50x12 Mobile Office or Similar,Medium Mobile Office - 2 offices + Med. Open Area (up to 672 SF) - MO5012 or similar,Offices,Mobile Offices,Mobile Offices
MO5012,Subcontractors,2024,4,16,141,743,11.35,2.15,50x12 Mobile Office or Similar,50x12 Mobile Office or Similar,Medium Mobile Office - 2 offices + Med. Open Area (up to 672 SF) - MO5012 or similar,Offices,Mobile Offices,Mobile Offices
MO5012,Professional Services,2026,1,17,163,1635,10.43,1.04,50x12 Mobile Office or Similar,50x12 Mobile Office or Similar,Medium Mobile Office - 2 offices + Med. Open Area (up to 672 SF) - MO5012 or similar,Offices,Mobile Offices,Mobile Offices
MO5012,Manufacturing,2025,1,8,153,630,5.23,1.27,50x12 Mobile Office or Similar,50x12 Mobile Office or Similar,Medium Mobile Office - 2 offices + Med. Open Area (up to 672 SF) - MO5012 or similar,Offices,Mobile Offices,Mobile Offices
MO5012,Health Care,2025,1,3,153,36,1.96,8.33,50x12 Mobile Office or Similar,50x12 Mobile Office or Similar,Medium Mobile Office - 2 offices + Med. Open Area (up to 672 SF) - MO5012 or similar,Offices,Mobile Offices,Mobile Offices
MO5012,Other,2024,2,2,183,188,1.09,1.06,50x12 Mobile Office or Similar,50x12 Mobile Office or Similar,Medium Mobile Office - 2 offices + Med. Open Area (up to 672 SF) - MO5012 or similar,Offices,Mobile Offices,Mobile Offices
MO5012,Health Care,2025,3,1,148,44,0.68,2.27,50x12 Mobile Office or Similar,50x12 Mobile Office or Similar,Medium Mobile Office - 2 offices + Med. Open Area (up to 672 SF) - MO5012 or similar,Offices,Mobile Offices,Mobile Offices
MO5012,"Arts, Media, Hotels & Entertainment",2026,2,24,81,313,29.63,7.67,50x12 Mobile Office or Similar,50x12 Mobile Office or Similar,Medium Mobile Office - 2 offices + Med. Open Area (up to 672 SF) - MO5012 or similar,Offices,Mobile Offices,Mobile Offices
MO5012,"Arts, Media, Hotels & Entertainment",2025,2,26,214,854,12.15,3.04,50x12 Mobile Office or Similar,50x12 Mobile Office or Similar,Medium Mobile Office - 2 offices + Med. Open Area (up to 672 SF) - MO5012 or similar,Offices,Mobile Offices,Mobile Offices
MO5012,Home Builders & Developers,2025,3,23,148,1104,15.54,2.08,50x12 Mobile Office or Similar,50x12 Mobile Office or Similar,Medium Mobile Office - 2 offices + Med. Open Area (up to 672 SF) - MO5012 or similar,Offices,Mobile Offices,Mobile Offices
MO5012,Mining & Utilities,2026,2,6,81,145,7.41,4.14,50x12 Mobile Office or Similar,50x12 Mobile Office or Similar,Medium Mobile Office - 2 offices + Med. Open Area (up to 672 SF) - MO5012 or similar,Offices,Mobile Offices,Mobile Offices
MO5012,"Arts, Media, Hotels & Entertainment",2024,3,18,159,1158,11.32,1.55,50x12 Mobile Office or Similar,50x12 Mobile Office or Similar,Medium Mobile Office - 2 offices + Med. Open Area (up to 672 SF) - MO5012 or similar,Offices,Mobile Offices,Mobile Offices
MO5012,Manufacturing,2025,3,8,148,477,5.41,1.68,50x12 Mobile Office or Similar,50x12 Mobile Office or Similar,Medium Mobile Office - 2 offices + Med. Open Area (up to 672 SF) - MO5012 or similar,Offices,Mobile Offices,Mobile Offices
MO5012,Non-Residential & GCs,2024,2,35,183,1460,19.13,2.40,50x12 Mobile Office or Similar,50x12 Mobile Office or Similar,Medium Mobile Office - 2 offices + Med. Open Area (up to 672 SF) - MO5012 or similar,Offices,Mobile Offices,Mobile Offices
MO5012,Retail & Wholesale Trade,2024,3,6,159,508,3.77,1.18,50x12 Mobile Office or Similar,50x12 Mobile Office or Similar,Medium Mobile Office - 2 offices + Med. Open Area (up to 672 SF) - MO5012 or similar,Offices,Mobile Offices,Mobile Offices
MO5012,Manufacturing,2024,1,10,173,537,5.78,1.86,50x12 Mobile Office or Similar,50x12 Mobile Office or Similar,Medium Mobile Office - 2 offices + Med. Open Area (up to 672 SF) - MO5012 or similar,Offices,Mobile Offices,Mobile Offices
MO5012,"Arts, Media, Hotels & Entertainment",2025,4,3,117,258,2.56,1.16,50x12 Mobile Office or Similar,50x12 Mobile Office or Similar,Medium Mobile Office - 2 offices + Med. Open Area (up to 672 SF) - MO5012 or similar,Offices,Mobile Offices,Mobile Offices
MO5012,Engineering & Architecture,2024,2,4,183,196,2.19,2.04,50x12 Mobile Office or Similar,50x12 Mobile Office or Similar,Medium Mobile Office - 2 offices + Med. Open Area (up to 672 SF) - MO5012 or similar,Offices,Mobile Offices,Mobile Offices
MO5012,Home Builders & Developers,2024,4,36,141,1006,25.53,3.58,50x12 Mobile Office or Similar,50x12 Mobile Office or Similar,Medium Mobile Office - 2 offices + Med. Open Area (up to 672 SF) - MO5012 or similar,Offices,Mobile Offices,Mobile Offices
MO5012,Public Administration,2025,1,4,153,88,2.61,4.55,50x12 Mobile Office or Similar,50x12 Mobile Office or Similar,Medium Mobile Office - 2 offices + Med. Open Area (up to 672 SF) - MO5012 or similar,Offices,Mobile Offices,Mobile Offices
MO5012,Subcontractors,2026,2,8,81,353,9.88,2.27,50x12 Mobile Office or Similar,50x12 Mobile Office or Similar,Medium Mobile Office - 2 offices + Med. Open Area (up to 672 SF) - MO5012 or similar,Offices,Mobile Offices,Mobile Offices
MO5012,Retail & Wholesale Trade,2024,1,17,173,614,9.83,2.77,50x12 Mobile Office or Similar,50x12 Mobile Office or Similar,Medium Mobile Office - 2 offices + Med. Open Area (up to 672 SF) - MO5012 or similar,Offices,Mobile Offices,Mobile Offices
MO5012,Other,2025,1,2,153,94,1.31,2.13,50x12 Mobile Office or Similar,50x12 Mobile Office or Similar,Medium Mobile Office - 2 offices + Med. Open Area (up to 672 SF) - MO5012 or similar,Offices,Mobile Offices,Mobile Offices
MO5012,"Educational, Membership & Religious Organizations",2025,1,2,153,178,1.31,1.12,50x12 Mobile Office or Similar,50x12 Mobile Office or Similar,Medium Mobile Office - 2 offices + Med. Open Area (up to 672 SF) - MO5012 or similar,Offices,Mobile Offices,Mobile Offices
MO5012,Retail & Wholesale Trade,2025,2,6,214,462,2.80,1.30,50x12 Mobile Office or Similar,50x12 Mobile Office or Similar,Medium Mobile Office - 2 offices + Med. Open Area (up to 672 SF) - MO5012 or similar,Offices,Mobile Offices,Mobile Offices
MO5012,Manufacturing,2026,2,2,81,184,2.47,1.09,50x12 Mobile Office or Similar,50x12 Mobile Office or Similar,Medium Mobile Office - 2 offices + Med. Open Area (up to 672 SF) - MO5012 or similar,Offices,Mobile Offices,Mobile Offices
MO5012,Public Administration,2025,4,1,117,104,0.85,0.96,50x12 Mobile Office or Similar,50x12 Mobile Office or Similar,Medium Mobile Office - 2 offices + Med. Open Area (up to 672 SF) - MO5012 or similar,Offices,Mobile Offices,Mobile Offices
MO5012,Home Builders & Developers,2025,2,48,214,1237,22.43,3.88,50x12 Mobile Office or Similar,50x12 Mobile Office or Similar,Medium Mobile Office - 2 offices + Med. Open Area (up to 672 SF) - MO5012 or similar,Offices,Mobile Offices,Mobile Offices
MO5012,Manufacturing,2025,4,4,117,339,3.42,1.18,50x12 Mobile Office or Similar,50x12 Mobile Office or Similar,Medium Mobile Office - 2 offices + Med. Open Area (up to 672 SF) - MO5012 or similar,Offices,Mobile Offices,Mobile Offices
MO5012,Highway & Heavy Construction,2025,1,8,153,286,5.23,2.80,50x12 Mobile Office or Similar,50x12 Mobile Office or Similar,Medium Mobile Office - 2 offices + Med. Open Area (up to 672 SF) - MO5012 or similar,Offices,Mobile Offices,Mobile Offices
MO5012,Mining & Utilities,2025,4,8,117,341,6.84,2.35,50x12 Mobile Office or Similar,50x12 Mobile Office or Similar,Medium Mobile Office - 2 offices + Med. Open Area (up to 672 SF) - MO5012 or similar,Offices,Mobile Offices,Mobile Offices
MO5012,"Educational, Membership & Religious Organizations",2025,3,2,148,124,1.35,1.61,50x12 Mobile Office or Similar,50x12 Mobile Office or Similar,Medium Mobile Office - 2 offices + Med. Open Area (up to 672 SF) - MO5012 or similar,Offices,Mobile Offices,Mobile Offices
MO5012,Engineering & Architecture,2024,1,2,173,185,1.16,1.08,50x12 Mobile Office or Similar,50x12 Mobile Office or Similar,Medium Mobile Office - 2 offices + Med. Open Area (up to 672 SF) - MO5012 or similar,Offices,Mobile Offices,Mobile Offices
MO5012,Retail & Wholesale Trade,2026,2,2,81,215,2.47,0.93,50x12 Mobile Office or Similar,50x12 Mobile Office or Similar,Medium Mobile Office - 2 offices + Med. Open Area (up to 672 SF) - MO5012 or similar,Offices,Mobile Offices,Mobile Offices
MO5012,"Arts, Media, Hotels & Entertainment",2024,2,23,183,1014,12.57,2.27,50x12 Mobile Office or Similar,50x12 Mobile Office or Similar,Medium Mobile Office - 2 offices + Med. Open Area (up to 672 SF) - MO5012 or similar,Offices,Mobile Offices,Mobile Offices
MO5012,Retail & Wholesale Trade,2024,4,11,141,389,7.80,2.83,50x12 Mobile Office or Similar,50x12 Mobile Office or Similar,Medium Mobile Office - 2 offices + Med. Open Area (up to 672 SF) - MO5012 or similar,Offices,Mobile Offices,Mobile Offices
MO5012,Engineering & Architecture,2025,1,7,153,217,4.58,3.23,50x12 Mobile Office or Similar,50x12 Mobile Office or Similar,Medium Mobile Office - 2 offices + Med. Open Area (up to 672 SF) - MO5012 or similar,Offices,Mobile Offices,Mobile Offices
MO5012,"Arts, Media, Hotels & Entertainment",2026,1,8,163,655,4.91,1.22,50x12 Mobile Office or Similar,50x12 Mobile Office or Similar,Medium Mobile Office - 2 offices + Med. Open Area (up to 672 SF) - MO5012 or similar,Offices,Mobile Offices,Mobile Offices
MO5012,Non-Residential & GCs,2026,2,12,81,450,14.81,2.67,50x12 Mobile Office or Similar,50x12 Mobile Office or Similar,Medium Mobile Office - 2 offices + Med. Open Area (up to 672 SF) - MO5012 or similar,Offices,Mobile Offices,Mobile Offices
MO5012,Other,2025,2,3,214,176,1.40,1.70,50x12 Mobile Office or Similar,50x12 Mobile Office or Similar,Medium Mobile Office - 2 offices + Med. Open Area (up to 672 SF) - MO5012 or similar,Offices,Mobile Offices,Mobile Offices
MO5012,Manufacturing,2024,4,9,141,375,6.38,2.40,50x12 Mobile Office or Similar,50x12 Mobile Office or Similar,Medium Mobile Office - 2 offices + Med. Open Area (up to 672 SF) - MO5012 or similar,Offices,Mobile Offices,Mobile Offices
MO5012,Mining & Utilities,2025,2,6,214,358,2.80,1.68,50x12 Mobile Office or Similar,50x12 Mobile Office or Similar,Medium Mobile Office - 2 offices + Med. Open Area (up to 672 SF) - MO5012 or similar,Offices,Mobile Offices,Mobile Offices
MO5012,"Educational, Membership & Religious Organizations",2024,1,9,173,265,5.20,3.40,50x12 Mobile Office or Similar,50x12 Mobile Office or Similar,Medium Mobile Office - 2 offices + Med. Open Area (up to 672 SF) - MO5012 or similar,Offices,Mobile Offices,Mobile Offices
MO5012,Highway & Heavy Construction,2024,2,9,183,360,4.92,2.50,50x12 Mobile Office or Similar,50x12 Mobile Office or Similar,Medium Mobile Office - 2 offices + Med. Open Area (up to 672 SF) - MO5012 or similar,Offices,Mobile Offices,Mobile Offices
MO5012,"Arts, Media, Hotels & Entertainment",2024,1,15,173,898,8.67,1.67,50x12 Mobile Office or Similar,50x12 Mobile Office or Similar,Medium Mobile Office - 2 offices + Med. Open Area (up to 672 SF) - MO5012 or similar,Offices,Mobile Offices,Mobile Offices
MO5012,Mining & Utilities,2025,1,6,153,641,3.92,0.94,50x12 Mobile Office or Similar,50x12 Mobile Office or Similar,Medium Mobile Office - 2 offices + Med. Open Area (up to 672 SF) - MO5012 or similar,Offices,Mobile Offices,Mobile Offices
MO5012,Health Care,2026,2,2,81,18,2.47,11.11,50x12 Mobile Office or Similar,50x12 Mobile Office or Similar,Medium Mobile Office - 2 offices + Med. Open Area (up to 672 SF) - MO5012 or similar,Offices,Mobile Offices,Mobile Offices
MO5012,Subcontractors,2025,3,21,148,943,14.19,2.23,50x12 Mobile Office or Similar,50x12 Mobile Office or Similar,Medium Mobile Office - 2 offices + Med. Open Area (up to 672 SF) - MO5012 or similar,Offices,Mobile Offices,Mobile Offices
MO5012,Non-Residential & GCs,2025,4,25,117,947,21.37,2.64,50x12 Mobile Office or Similar,50x12 Mobile Office or Similar,Medium Mobile Office - 2 offices + Med. Open Area (up to 672 SF) - MO5012 or similar,Offices,Mobile Offices,Mobile Offices
MO5012,"Arts, Media, Hotels & Entertainment",2025,1,13,153,829,8.50,1.57,50x12 Mobile Office or Similar,50x12 Mobile Office or Similar,Medium Mobile Office - 2 offices + Med. Open Area (up to 672 SF) - MO5012 or similar,Offices,Mobile Offices,Mobile Offices
MO5012,Non-Residential & GCs,2026,1,33,163,1084,20.25,3.04,50x12 Mobile Office or Similar,50x12 Mobile Office or Similar,Medium Mobile Office - 2 offices + Med. Open Area (up to 672 SF) - MO5012 or similar,Offices,Mobile Offices,Mobile Offices
MO5012,Professional Services,2026,2,6,81,574,7.41,1.05,50x12 Mobile Office or Similar,50x12 Mobile Office or Similar,Medium Mobile Office - 2 offices + Med. Open Area (up to 672 SF) - MO5012 or similar,Offices,Mobile Offices,Mobile Offices
MO5012,Home Builders & Developers,2025,4,17,117,1022,14.53,1.66,50x12 Mobile Office or Similar,50x12 Mobile Office or Similar,Medium Mobile Office - 2 offices + Med. Open Area (up to 672 SF) - MO5012 or similar,Offices,Mobile Offices,Mobile Offices
MO5012,"Educational, Membership & Religious Organizations",2024,2,5,183,248,2.73,2.02,50x12 Mobile Office or Similar,50x12 Mobile Office or Similar,Medium Mobile Office - 2 offices + Med. Open Area (up to 672 SF) - MO5012 or similar,Offices,Mobile Offices,Mobile Offices
MO5012,Public Administration,2024,1,5,173,96,2.89,5.21,50x12 Mobile Office or Similar,50x12 Mobile Office or Similar,Medium Mobile Office - 2 offices + Med. Open Area (up to 672 SF) - MO5012 or similar,Offices,Mobile Offices,Mobile Offices
40U,Public Administration,2026,2,1,88,56,1.14,1.79,40' COMBO W/15' OFFICE,Ground Level Office Combo / ftorage Combo - 40' u 8',Large Ground Level Office Combo (320 sq. ft.),Offices,Ground Level Offices,Ground Level Office / Storage Combo Units
40U,Manufacturing,2025,1,14,245,630,5.71,2.22,40' COMBO W/15' OFFICE,Ground Level Office Combo / ftorage Combo - 40' u 8',Large Ground Level Office Combo (320 sq. ft.),Offices,Ground Level Offices,Ground Level Office / Storage Combo Units
40U,Subcontractors,2025,3,71,190,943,37.37,7.53,40' COMBO W/15' OFFICE,Ground Level Office Combo / ftorage Combo - 40' u 8',Large Ground Level Office Combo (320 sq. ft.),Offices,Ground Level Offices,Ground Level Office / Storage Combo Units
40U,Subcontractors,2026,2,24,88,353,27.27,6.80,40' COMBO W/15' OFFICE,Ground Level Office Combo / ftorage Combo - 40' u 8',Large Ground Level Office Combo (320 sq. ft.),Offices,Ground Level Offices,Ground Level Office / Storage Combo Units
40U,"Educational, Membership & Religious Organizations",2024,1,4,333,265,1.20,1.51,40' COMBO W/15' OFFICE,Ground Level Office Combo / ftorage Combo - 40' u 8',Large Ground Level Office Combo (320 sq. ft.),Offices,Ground Level Offices,Ground Level Office / Storage Combo Units
40U,Engineering & Architecture,2025,2,6,204,164,2.94,3.66,40' COMBO W/15' OFFICE,Ground Level Office Combo / ftorage Combo - 40' u 8',Large Ground Level Office Combo (320 sq. ft.),Offices,Ground Level Offices,Ground Level Office / Storage Combo Units
40U,Other,2024,4,1,205,62,0.49,1.61,40' COMBO W/15' OFFICE,Ground Level Office Combo / ftorage Combo - 40' u 8',Large Ground Level Office Combo (320 sq. ft.),Offices,Ground Level Offices,Ground Level Office / Storage Combo Units
40U,Mining & Utilities,2025,1,8,245,641,3.27,1.25,40' COMBO W/15' OFFICE,Ground Level Office Combo / ftorage Combo - 40' u 8',Large Ground Level Office Combo (320 sq. ft.),Offices,Ground Level Offices,Ground Level Office / Storage Combo Units
40U,Non-Residential & GCs,2024,3,26,315,1153,8.25,2.26,40' COMBO W/15' OFFICE,Ground Level Office Combo / ftorage Combo - 40' u 8',Large Ground Level Office Combo (320 sq. ft.),Offices,Ground Level Offices,Ground Level Office / Storage Combo Units
40U,Mining & Utilities,2025,4,4,204,341,1.96,1.17,40' COMBO W/15' OFFICE,Ground Level Office Combo / ftorage Combo - 40' u 8',Large Ground Level Office Combo (320 sq. ft.),Offices,Ground Level Offices,Ground Level Office / Storage Combo Units
40U,,2024,2,1,366,98,0.27,1.02,40' COMBO W/15' OFFICE,Ground Level Office Combo / ftorage Combo - 40' u 8',Large Ground Level Office Combo (320 sq. ft.),Offices,Ground Level Offices,Ground Level Office / Storage Combo Units
40U,Health Care,2025,3,1,190,44,0.53,2.27,40' COMBO W/15' OFFICE,Ground Level Office Combo / ftorage Combo - 40' u 8',Large Ground Level Office Combo (320 sq. ft.),Offices,Ground Level Offices,Ground Level Office / Storage Combo Units
40U,Home Builders & Developers,2024,4,20,205,1006,9.76,1.99,40' COMBO W/15' OFFICE,Ground Level Office Combo / ftorage Combo - 40' u 8',Large Ground Level Office Combo (320 sq. ft.),Offices,Ground Level Offices,Ground Level Office / Storage Combo Units
40U,Mining & Utilities,2025,2,5,204,358,2.45,1.40,40' COMBO W/15' OFFICE,Ground Level Office Combo / ftorage Combo - 40' u 8',Large Ground Level Office Combo (320 sq. ft.),Offices,Ground Level Offices,Ground Level Office / Storage Combo Units
40U,Engineering & Architecture,2024,3,10,315,202,3.17,4.95,40' COMBO W/15' OFFICE,Ground Level Office Combo / ftorage Combo - 40' u 8',Large Ground Level Office Combo (320 sq. ft.),Offices,Ground Level Offices,Ground Level Office / Storage Combo Units
40U,Engineering & Architecture,2025,4,4,204,129,1.96,3.10,40' COMBO W/15' OFFICE,Ground Level Office Combo / ftorage Combo - 40' u 8',Large Ground Level Office Combo (320 sq. ft.),Offices,Ground Level Offices,Ground Level Office / Storage Combo Units
40U,Health Care,2025,1,5,245,36,2.04,13.89,40' COMBO W/15' OFFICE,Ground Level Office Combo / ftorage Combo - 40' u 8',Large Ground Level Office Combo (320 sq. ft.),Offices,Ground Level Offices,Ground Level Office / Storage Combo Units
40U,"Arts, Media, Hotels & Entertainment",2024,1,9,333,898,2.70,1.00,40' COMBO W/15' OFFICE,Ground Level Office Combo / ftorage Combo - 40' u 8',Large Ground Level Office Combo (320 sq. ft.),Offices,Ground Level Offices,Ground Level Office / Storage Combo Units
40U,Retail & Wholesale Trade,2024,4,12,205,389,5.85,3.08,40' COMBO W/15' OFFICE,Ground Level Office Combo / ftorage Combo - 40' u 8',Large Ground Level Office Combo (320 sq. ft.),Offices,Ground Level Offices,Ground Level Office / Storage Combo Units
40U,Non-Residential & GCs,2026,1,16,185,1084,8.65,1.48,40' COMBO W/15' OFFICE,Ground Level Office Combo / ftorage Combo - 40' u 8',Large Ground Level Office Combo (320 sq. ft.),Offices,Ground Level Offices,Ground Level Office / Storage Combo Units
40U,Engineering & Architecture,2026,2,2,88,116,2.27,1.72,40' COMBO W/15' OFFICE,Ground Level Office Combo / ftorage Combo - 40' u 8',Large Ground Level Office Combo (320 sq. ft.),Offices,Ground Level Offices,Ground Level Office / Storage Combo Units
40U,Manufacturing,2024,3,10,315,552,3.17,1.81,40' COMBO W/15' OFFICE,Ground Level Office Combo / ftorage Combo - 40' u 8',Large Ground Level Office Combo (320 sq. ft.),Offices,Ground Level Offices,Ground Level Office / Storage Combo Units
40U,Mining & Utilities,2024,4,8,205,433,3.90,1.85,40' COMBO W/15' OFFICE,Ground Level Office Combo / ftorage Combo - 40' u 8',Large Ground Level Office Combo (320 sq. ft.),Offices,Ground Level Offices,Ground Level Office / Storage Combo Units
40U,Manufacturing,2026,1,6,185,583,3.24,1.03,40' COMBO W/15' OFFICE,Ground Level Office Combo / ftorage Combo - 40' u 8',Large Ground Level Office Combo (320 sq. ft.),Offices,Ground Level Offices,Ground Level Office / Storage Combo Units
40U,"Educational, Membership & Religious Organizations",2024,4,4,205,160,1.95,2.50,40' COMBO W/15' OFFICE,Ground Level Office Combo / ftorage Combo - 40' u 8',Large Ground Level Office Combo (320 sq. ft.),Offices,Ground Level Offices,Ground Level Office / Storage Combo Units
40U,Manufacturing,2025,4,5,204,339,2.45,1.47,40' COMBO W/15' OFFICE,Ground Level Office Combo / ftorage Combo - 40' u 8',Large Ground Level Office Combo (320 sq. ft.),Offices,Ground Level Offices,Ground Level Office / Storage Combo Units
40U,Public Administration,2024,1,1,333,96,0.30,1.04,40' COMBO W/15' OFFICE,Ground Level Office Combo / ftorage Combo - 40' u 8',Large Ground Level Office Combo (320 sq. ft.),Offices,Ground Level Offices,Ground Level Office / Storage Combo Units
40U,Other,2025,1,1,245,94,0.41,1.06,40' COMBO W/15' OFFICE,Ground Level Office Combo / ftorage Combo - 40' u 8',Large Ground Level Office Combo (320 sq. ft.),Offices,Ground Level Offices,Ground Level Office / Storage Combo Units
40U,"Educational, Membership & Religious Organizations",2025,4,1,204,176,0.49,0.57,40' COMBO W/15' OFFICE,Ground Level Office Combo / ftorage Combo - 40' u 8',Large Ground Level Office Combo (320 sq. ft.),Offices,Ground Level Offices,Ground Level Office / Storage Combo Units
40U,Subcontractors,2024,4,74,205,743,36.10,9.96,40' COMBO W/15' OFFICE,Ground Level Office Combo / ftorage Combo - 40' u 8',Large Ground Level Office Combo (320 sq. ft.),Offices,Ground Level Offices,Ground Level Office / Storage Combo Units
40U,Other,2025,3,4,190,98,2.11,4.08,40' COMBO W/15' OFFICE,Ground Level Office Combo / ftorage Combo - 40' u 8',Large Ground Level Office Combo (320 sq. ft.),Offices,Ground Level Offices,Ground Level Office / Storage Combo Units
40U,Highway & Heavy Construction,2024,1,13,333,363,3.90,3.58,40' COMBO W/15' OFFICE,Ground Level Office Combo / ftorage Combo - 40' u 8',Large Ground Level Office Combo (320 sq. ft.),Offices,Ground Level Offices,Ground Level Office / Storage Combo Units
40U,Highway & Heavy Construction,2026,1,10,185,300,5.41,3.33,40' COMBO W/15' OFFICE,Ground Level Office Combo / ftorage Combo - 40' u 8',Large Ground Level Office Combo (320 sq. ft.),Offices,Ground Level Offices,Ground Level Office / Storage Combo Units
40U,Highway & Heavy Construction,2025,3,9,190,282,4.74,3.19,40' COMBO W/15' OFFICE,Ground Level Office Combo / ftorage Combo - 40' u 8',Large Ground Level Office Combo (320 sq. ft.),Offices,Ground Level Offices,Ground Level Office / Storage Combo Units
40U,Other,2024,2,6,366,188,1.64,3.19,40' COMBO W/15' OFFICE,Ground Level Office Combo / ftorage Combo - 40' u 8',Large Ground Level Office Combo (320 sq. ft.),Offices,Ground Level Offices,Ground Level Office / Storage Combo Units
40U,"Educational, Membership & Religious Organizations",2025,3,1,190,124,0.53,0.81,40' COMBO W/15' OFFICE,Ground Level Office Combo / ftorage Combo - 40' u 8',Large Ground Level Office Combo (320 sq. ft.),Offices,Ground Level Offices,Ground Level Office / Storage Combo Units
40U,Subcontractors,2026,1,60,185,887,32.43,6.76,40' COMBO W/15' OFFICE,Ground Level Office Combo / ftorage Combo - 40' u 8',Large Ground Level Office Combo (320 sq. ft.),Offices,Ground Level Offices,Ground Level Office / Storage Combo Units
40U,Professional Services,2024,3,54,315,1511,17.14,3.57,40' COMBO W/15' OFFICE,Ground Level Office Combo / ftorage Combo - 40' u 8',Large Ground Level Office Combo (320 sq. ft.),Offices,Ground Level Offices,Ground Level Office / Storage Combo Units
40U,Home Builders & Developers,2024,2,47,366,1349,12.84,3.48,40' COMBO W/15' OFFICE,Ground Level Office Combo / ftorage Combo - 40' u 8',Large Ground Level Office Combo (320 sq. ft.),Offices,Ground Level Offices,Ground Level Office / Storage Combo Units
40U,Professional Services,2026,1,37,185,1635,20.00,2.26,40' COMBO W/15' OFFICE,Ground Level Office Combo / ftorage Combo - 40' u 8',Large Ground Level Office Combo (320 sq. ft.),Offices,Ground Level Offices,Ground Level Office / Storage Combo Units
40U,Home Builders & Developers,2025,3,18,190,1104,9.47,1.63,40' COMBO W/15' OFFICE,Ground Level Office Combo / ftorage Combo - 40' u 8',Large Ground Level Office Combo (320 sq. ft.),Offices,Ground Level Offices,Ground Level Office / Storage Combo Units
40U,Manufacturing,2025,2,8,204,497,3.92,1.61,40' COMBO W/15' OFFICE,Ground Level Office Combo / ftorage Combo - 40' u 8',Large Ground Level Office Combo (320 sq. ft.),Offices,Ground Level Offices,Ground Level Office / Storage Combo Units
40U,Mining & Utilities,2024,1,15,333,732,4.50,2.05,40' COMBO W/15' OFFICE,Ground Level Office Combo / ftorage Combo - 40' u 8',Large Ground Level Office Combo (320 sq. ft.),Offices,Ground Level Offices,Ground Level Office / Storage Combo Units
40U,Professional Services,2026,2,18,88,574,20.45,3.14,40' COMBO W/15' OFFICE,Ground Level Office Combo / ftorage Combo - 40' u 8',Large Ground Level Office Combo (320 sq. ft.),Offices,Ground Level Offices,Ground Level Office / Storage Combo Units
40U,"Arts, Media, Hotels & Entertainment",2026,1,5,185,655,2.70,0.76,40' COMBO W/15' OFFICE,Ground Level Office Combo / ftorage Combo - 40' u 8',Large Ground Level Office Combo (320 sq. ft.),Offices,Ground Level Offices,Ground Level Office / Storage Combo Units
40U,Engineering & Architecture,2025,1,3,245,217,1.22,1.38,40' COMBO W/15' OFFICE,Ground Level Office Combo / ftorage Combo - 40' u 8',Large Ground Level Office Combo (320 sq. ft.),Offices,Ground Level Offices,Ground Level Office / Storage Combo Units
40U,Other,2025,4,1,204,82,0.49,1.22,40' COMBO W/15' OFFICE,Ground Level Office Combo / ftorage Combo - 40' u 8',Large Ground Level Office Combo (320 sq. ft.),Offices,Ground Level Offices,Ground Level Office / Storage Combo Units
40U,Professional Services,2024,2,62,366,1628,16.94,3.81,40' COMBO W/15' OFFICE,Ground Level Office Combo / ftorage Combo - 40' u 8',Large Ground Level Office Combo (320 sq. ft.),Offices,Ground Level Offices,Ground Level Office / Storage Combo Units
40U,Other,2025,2,3,204,176,1.47,1.70,40' COMBO W/15' OFFICE,Ground Level Office Combo / ftorage Combo - 40' u 8',Large Ground Level Office Combo (320 sq. ft.),Offices,Ground Level Offices,Ground Level Office / Storage Combo Units
40U,Highway & Heavy Construction,2024,2,20,366,360,5.46,5.56,40' COMBO W/15' OFFICE,Ground Level Office Combo / ftorage Combo - 40' u 8',Large Ground Level Office Combo (320 sq. ft.),Offices,Ground Level Offices,Ground Level Office / Storage Combo Units
40U,Non-Residential & GCs,2025,2,26,204,1225,12.75,2.12,40' COMBO W/15' OFFICE,Ground Level Office Combo / ftorage Combo - 40' u 8',Large Ground Level Office Combo (320 sq. ft.),Offices,Ground Level Offices,Ground Level Office / Storage Combo Units
40U,Highway & Heavy Construction,2024,4,7,205,280,3.41,2.50,40' COMBO W/15' OFFICE,Ground Level Office Combo / ftorage Combo - 40' u 8',Large Ground Level Office Combo (320 sq. ft.),Offices,Ground Level Offices,Ground Level Office / Storage Combo Units
40U,"Arts, Media, Hotels & Entertainment",2025,3,6,190,823,3.16,0.73,40' COMBO W/15' OFFICE,Ground Level Office Combo / ftorage Combo - 40' u 8',Large Ground Level Office Combo (320 sq. ft.),Offices,Ground Level Offices,Ground Level Office / Storage Combo Units
40U,"Arts, Media, Hotels & Entertainment",2024,3,7,315,1158,2.22,0.60,40' COMBO W/15' OFFICE,Ground Level Office Combo / ftorage Combo - 40' u 8',Large Ground Level Office Combo (320 sq. ft.),Offices,Ground Level Offices,Ground Level Office / Storage Combo Units
40U,Engineering & Architecture,2025,3,2,190,155,1.05,1.29,40' COMBO W/15' OFFICE,Ground Level Office Combo / ftorage Combo - 40' u 8',Large Ground Level Office Combo (320 sq. ft.),Offices,Ground Level Offices,Ground Level Office / Storage Combo Units
40U,Mining & Utilities,2026,2,3,88,145,3.41,2.07,40' COMBO W/15' OFFICE,Ground Level Office Combo / ftorage Combo - 40' u 8',Large Ground Level Office Combo (320 sq. ft.),Offices,Ground Level Offices,Ground Level Office / Storage Combo Units
40U,Subcontractors,2024,1,96,333,1039,28.83,9.24,40' COMBO W/15' OFFICE,Ground Level Office Combo / ftorage Combo - 40' u 8',Large Ground Level Office Combo (320 sq. ft.),Offices,Ground Level Offices,Ground Level Office / Storage Combo Units
40U,Subcontractors,2025,2,68,204,925,33.33,7.35,40' COMBO W/15' OFFICE,Ground Level Office Combo / ftorage Combo - 40' u 8',Large Ground Level Office Combo (320 sq. ft.),Offices,Ground Level Offices,Ground Level Office / Storage Combo Units
40U,Retail & Wholesale Trade,2025,4,12,204,422,5.88,2.84,40' COMBO W/15' OFFICE,Ground Level Office Combo / ftorage Combo - 40' u 8',Large Ground Level Office Combo (320 sq. ft.),Offices,Ground Level Offices,Ground Level Office / Storage Combo Units
40U,Professional Services,2025,3,26,190,1275,13.68,2.04,40' COMBO W/15' OFFICE,Ground Level Office Combo / ftorage Combo - 40' u 8',Large Ground Level Office Combo (320 sq. ft.),Offices,Ground Level Offices,Ground Level Office / Storage Combo Units
40U,Highway & Heavy Construction,2026,2,4,88,153,4.55,2.61,40' COMBO W/15' OFFICE,Ground Level Office Combo / ftorage Combo - 40' u 8',Large Ground Level Office Combo (320 sq. ft.),Offices,Ground Level Offices,Ground Level Office / Storage Combo Units
40U,Health Care,2025,2,2,204,49,0.98,4.08,40' COMBO W/15' OFFICE,Ground Level Office Combo / ftorage Combo - 40' u 8',Large Ground Level Office Combo (320 sq. ft.),Offices,Ground Level Offices,Ground Level Office / Storage Combo Units
40U,"Educational, Membership & Religious Organizations",2026,1,1,185,183,0.54,0.55,40' COMBO W/15' OFFICE,Ground Level Office Combo / ftorage Combo - 40' u 8',Large Ground Level Office Combo (320 sq. ft.),Offices,Ground Level Offices,Ground Level Office / Storage Combo Units
40U,"Educational, Membership & Religious Organizations",2025,2,1,204,210,0.49,0.48,40' COMBO W/15' OFFICE,Ground Level Office Combo / ftorage Combo - 40' u 8',Large Ground Level Office Combo (320 sq. ft.),Offices,Ground Level Offices,Ground Level Office / Storage Combo Units
40U,Home Builders & Developers,2026,2,14,88,471,15.91,2.97,40' COMBO W/15' OFFICE,Ground Level Office Combo / ftorage Combo - 40' u 8',Large Ground Level Office Combo (320 sq. ft.),Offices,Ground Level Offices,Ground Level Office / Storage Combo Units
40U,Highway & Heavy Construction,2024,3,12,315,315,3.81,3.81,40' COMBO W/15' OFFICE,Ground Level Office Combo / ftorage Combo - 40' u 8',Large Ground Level Office Combo (320 sq. ft.),Offices,Ground Level Offices,Ground Level Office / Storage Combo Units
40U,Home Builders & Developers,2025,4,28,204,1022,13.73,2.74,40' COMBO W/15' OFFICE,Ground Level Office Combo / ftorage Combo - 40' u 8',Large Ground Level Office Combo (320 sq. ft.),Offices,Ground Level Offices,Ground Level Office / Storage Combo Units
40U,Engineering & Architecture,2024,2,12,366,196,3.28,6.12,40' COMBO W/15' OFFICE,Ground Level Office Combo / ftorage Combo - 40' u 8',Large Ground Level Office Combo (320 sq. ft.),Offices,Ground Level Offices,Ground Level Office / Storage Combo Units
40U,Subcontractors,2024,3,100,315,980,31.75,10.20,40' COMBO W/15' OFFICE,Ground Level Office Combo / ftorage Combo - 40' u 8',Large Ground Level Office Combo (320 sq. ft.),Offices,Ground Level Offices,Ground Level Office / Storage Combo Units
40U,Non-Residential & GCs,2024,2,37,366,1460,10.11,2.53,40' COMBO W/15' OFFICE,Ground Level Office Combo / ftorage Combo - 40' u 8',Large Ground Level Office Combo (320 sq. ft.),Offices,Ground Level Offices,Ground Level Office / Storage Combo Units
40U,Manufacturing,2024,4,6,205,375,2.93,1.60,40' COMBO W/15' OFFICE,Ground Level Office Combo / ftorage Combo - 40' u 8',Large Ground Level Office Combo (320 sq. ft.),Offices,Ground Level Offices,Ground Level Office / Storage Combo Units
40U,"Arts, Media, Hotels & Entertainment",2024,2,7,366,1014,1.91,0.69,40' COMBO W/15' OFFICE,Ground Level Office Combo / ftorage Combo - 40' u 8',Large Ground Level Office Combo (320 sq. ft.),Offices,Ground Level Offices,Ground Level Office / Storage Combo Units
40U,Health Care,2024,4,2,205,25,0.98,8.00,40' COMBO W/15' OFFICE,Ground Level Office Combo / ftorage Combo - 40' u 8',Large Ground Level Office Combo (320 sq. ft.),Offices,Ground Level Offices,Ground Level Office / Storage Combo Units
40U,,2025,1,2,245,53,0.82,3.77,40' COMBO W/15' OFFICE,Ground Level Office Combo / ftorage Combo - 40' u 8',Large Ground Level Office Combo (320 sq. ft.),Offices,Ground Level Offices,Ground Level Office / Storage Combo Units
40U,Professional Services,2025,4,40,204,954,19.61,4.19,40' COMBO W/15' OFFICE,Ground Level Office Combo / ftorage Combo - 40' u 8',Large Ground Level Office Combo (320 sq. ft.),Offices,Ground Level Offices,Ground Level Office / Storage Combo Units
40U,Subcontractors,2025,1,69,245,925,28.16,7.46,40' COMBO W/15' OFFICE,Ground Level Office Combo / ftorage Combo - 40' u 8',Large Ground Level Office Combo (320 sq. ft.),Offices,Ground Level Offices,Ground Level Office / Storage Combo Units
40U,Professional Services,2025,2,33,204,1340,16.18,2.46,40' COMBO W/15' OFFICE,Ground Level Office Combo / ftorage Combo - 40' u 8',Large Ground Level Office Combo (320 sq. ft.),Offices,Ground Level Offices,Ground Level Office / Storage Combo Units
40U,Engineering & Architecture,2024,4,8,205,134,3.90,5.97,40' COMBO W/15' OFFICE,Ground Level Office Combo / ftorage Combo - 40' u 8',Large Ground Level Office Combo (320 sq. ft.),Offices,Ground Level Offices,Ground Level Office / Storage Combo Units
40U,Home Builders & Developers,2026,1,28,185,1104,15.14,2.54,40' COMBO W/15' OFFICE,Ground Level Office Combo / ftorage Combo - 40' u 8',Large Ground Level Office Combo (320 sq. ft.),Offices,Ground Level Offices,Ground Level Office / Storage Combo Units
40U,"Arts, Media, Hotels & Entertainment",2025,2,6,204,854,2.94,0.70,40' COMBO W/15' OFFICE,Ground Level Office Combo / ftorage Combo - 40' u 8',Large Ground Level Office Combo (320 sq. ft.),Offices,Ground Level Offices,Ground Level Office / Storage Combo Units
40U,Retail & Wholesale Trade,2025,2,14,204,462,6.86,3.03,40' COMBO W/15' OFFICE,Ground Level Office Combo / ftorage Combo - 40' u 8',Large Ground Level Office Combo (320 sq. ft.),Offices,Ground Level Offices,Ground Level Office / Storage Combo Units
40U,,2025,4,2,204,40,0.98,5.00,40' COMBO W/15' OFFICE,Ground Level Office Combo / ftorage Combo - 40' u 8',Large Ground Level Office Combo (320 sq. ft.),Offices,Ground Level Offices,Ground Level Office / Storage Combo Units
40U,Home Builders & Developers,2025,1,30,245,1185,12.24,2.53,40' COMBO W/15' OFFICE,Ground Level Office Combo / ftorage Combo - 40' u 8',Large Ground Level Office Combo (320 sq. ft.),Offices,Ground Level Offices,Ground Level Office / Storage Combo Units
40U,Manufacturing,2024,1,15,333,537,4.50,2.79,40' COMBO W/15' OFFICE,Ground Level Office Combo / ftorage Combo - 40' u 8',Large Ground Level Office Combo (320 sq. ft.),Offices,Ground Level Offices,Ground Level Office / Storage Combo Units
40U,Non-Residential & GCs,2025,1,35,245,1032,14.29,3.39,40' COMBO W/15' OFFICE,Ground Level Office Combo / ftorage Combo - 40' u 8',Large Ground Level Office Combo (320 sq. ft.),Offices,Ground Level Offices,Ground Level Office / Storage Combo Units
40U,Mining & Utilities,2025,3,4,190,438,2.11,0.91,40' COMBO W/15' OFFICE,Ground Level Office Combo / ftorage Combo - 40' u 8',Large Ground Level Office Combo (320 sq. ft.),Offices,Ground Level Offices,Ground Level Office / Storage Combo Units
40U,Highway & Heavy Construction,2025,4,14,204,254,6.86,5.51,40' COMBO W/15' OFFICE,Ground Level Office Combo / ftorage Combo - 40' u 8',Large Ground Level Office Combo (320 sq. ft.),Offices,Ground Level Offices,Ground Level Office / Storage Combo Units
40U,Other,2024,3,3,315,151,0.95,1.99,40' COMBO W/15' OFFICE,Ground Level Office Combo / ftorage Combo - 40' u 8',Large Ground Level Office Combo (320 sq. ft.),Offices,Ground Level Offices,Ground Level Office / Storage Combo Units
40U,,2026,2,1,88,17,1.14,5.88,40' COMBO W/15' OFFICE,Ground Level Office Combo / ftorage Combo - 40' u 8',Large Ground Level Office Combo (320 sq. ft.),Offices,Ground Level Offices,Ground Level Office / Storage Combo Units
40U,"Educational, Membership & Religious Organizations",2024,3,1,315,178,0.32,0.56,40' COMBO W/15' OFFICE,Ground Level Office Combo / ftorage Combo - 40' u 8',Large Ground Level Office Combo (320 sq. ft.),Offices,Ground Level Offices,Ground Level Office / Storage Combo Units
40U,Public Administration,2025,4,1,204,104,0.49,0.96,40' COMBO W/15' OFFICE,Ground Level Office Combo / ftorage Combo - 40' u 8',Large Ground Level Office Combo (320 sq. ft.),Offices,Ground Level Offices,Ground Level Office / Storage Combo Units
40U,Public Administration,2025,1,1,245,88,0.41,1.14,40' COMBO W/15' OFFICE,Ground Level Office Combo / ftorage Combo - 40' u 8',Large Ground Level Office Combo (320 sq. ft.),Offices,Ground Level Offices,Ground Level Office / Storage Combo Units
40U,Engineering & Architecture,2024,1,11,333,185,3.30,5.95,40' COMBO W/15' OFFICE,Ground Level Office Combo / ftorage Combo - 40' u 8',Large Ground Level Office Combo (320 sq. ft.),Offices,Ground Level Offices,Ground Level Office / Storage Combo Units
40U,Retail & Wholesale Trade,2024,3,27,315,508,8.57,5.32,40' COMBO W/15' OFFICE,Ground Level Office Combo / ftorage Combo - 40' u 8',Large Ground Level Office Combo (320 sq. ft.),Offices,Ground Level Offices,Ground Level Office / Storage Combo Units
40U,Retail & Wholesale Trade,2025,3,18,190,438,9.47,4.11,40' COMBO W/15' OFFICE,Ground Level Office Combo / ftorage Combo - 40' u 8',Large Ground Level Office Combo (320 sq. ft.),Offices,Ground Level Offices,Ground Level Office / Storage Combo Units
40U,"Arts, Media, Hotels & Entertainment",2025,4,4,204,258,1.96,1.55,40' COMBO W/15' OFFICE,Ground Level Office Combo / ftorage Combo - 40' u 8',Large Ground Level Office Combo (320 sq. ft.),Offices,Ground Level Offices,Ground Level Office / Storage Combo Units
40U,"Arts, Media, Hotels & Entertainment",2025,1,9,245,829,3.67,1.09,40' COMBO W/15' OFFICE,Ground Level Office Combo / ftorage Combo - 40' u 8',Large Ground Level Office Combo (320 sq. ft.),Offices,Ground Level Offices,Ground Level Office / Storage Combo Units
40U,"Educational, Membership & Religious Organizations",2024,2,4,366,248,1.09,1.61,40' COMBO W/15' OFFICE,Ground Level Office Combo / ftorage Combo - 40' u 8',Large Ground Level Office Combo (320 sq. ft.),Offices,Ground Level Offices,Ground Level Office / Storage Combo Units
40U,Manufacturing,2025,3,7,190,477,3.68,1.47,40' COMBO W/15' OFFICE,Ground Level Office Combo / ftorage Combo - 40' u 8',Large Ground Level Office Combo (320 sq. ft.),Offices,Ground Level Offices,Ground Level Office / Storage Combo Units
40U,Home Builders & Developers,2024,1,50,333,1228,15.02,4.07,40' COMBO W/15' OFFICE,Ground Level Office Combo / ftorage Combo - 40' u 8',Large Ground Level Office Combo (320 sq. ft.),Offices,Ground Level Offices,Ground Level Office / Storage Combo Units
40U,Mining & Utilities,2024,2,9,366,588,2.46,1.53,40' COMBO W/15' OFFICE,Ground Level Office Combo / ftorage Combo - 40' u 8',Large Ground Level Office Combo (320 sq. ft.),Offices,Ground Level Offices,Ground Level Office / Storage Combo Units
40U,Professional Services,2025,1,34,245,1459,13.88,2.33,40' COMBO W/15' OFFICE,Ground Level Office Combo / ftorage Combo - 40' u 8',Large Ground Level Office Combo (320 sq. ft.),Offices,Ground Level Offices,Ground Level Office / Storage Combo Units
40U,Subcontractors,2025,4,63,204,824,30.88,7.65,40' COMBO W/15' OFFICE,Ground Level Office Combo / ftorage Combo - 40' u 8',Large Ground Level Office Combo (320 sq. ft.),Offices,Ground Level Offices,Ground Level Office / Storage Combo Units
40U,Professional Services,2024,1,45,333,1538,13.51,2.93,40' COMBO W/15' OFFICE,Ground Level Office Combo / ftorage Combo - 40' u 8',Large Ground Level Office Combo (320 sq. ft.),Offices,Ground Level Offices,Ground Level Office / Storage Combo Units
40U,Home Builders & Developers,2025,2,27,204,1237,13.24,2.18,40' COMBO W/15' OFFICE,Ground Level Office Combo / ftorage Combo - 40' u 8',Large Ground Level Office Combo (320 sq. ft.),Offices,Ground Level Offices,Ground Level Office / Storage Combo Units
40U,Retail & Wholesale Trade,2024,2,15,366,554,4.10,2.71,40' COMBO W/15' OFFICE,Ground Level Office Combo / ftorage Combo - 40' u 8',Large Ground Level Office Combo (320 sq. ft.),Offices,Ground Level Offices,Ground Level Office / Storage Combo Units
40U,Health Care,2024,2,3,366,58,0.82,5.17,40' COMBO W/15' OFFICE,Ground Level Office Combo / ftorage Combo - 40' u 8',Large Ground Level Office Combo (320 sq. ft.),Offices,Ground Level Offices,Ground Level Office / Storage Combo Units
40U,,2024,3,1,315,62,0.32,1.61,40' COMBO W/15' OFFICE,Ground Level Office Combo / ftorage Combo - 40' u 8',Large Ground Level Office Combo (320 sq. ft.),Offices,Ground Level Offices,Ground Level Office / Storage Combo Units
40U,Health Care,2026,2,1,88,18,1.14,5.56,40' COMBO W/15' OFFICE,Ground Level Office Combo / ftorage Combo - 40' u 8',Large Ground Level Office Combo (320 sq. ft.),Offices,Ground Level Offices,Ground Level Office / Storage Combo Units
40U,Non-Residential & GCs,2024,1,41,333,1210,12.31,3.39,40' COMBO W/15' OFFICE,Ground Level Office Combo / ftorage Combo - 40' u 8',Large Ground Level Office Combo (320 sq. ft.),Offices,Ground Level Offices,Ground Level Office / Storage Combo Units
40U,Home Builders & Developers,2024,3,54,315,1231,17.14,4.39,40' COMBO W/15' OFFICE,Ground Level Office Combo / ftorage Combo - 40' u 8',Large Ground Level Office Combo (320 sq. ft.),Offices,Ground Level Offices,Ground Level Office / Storage Combo Units
40U,Non-Residential & GCs,2026,2,8,88,450,9.09,1.78,40' COMBO W/15' OFFICE,Ground Level Office Combo / ftorage Combo - 40' u 8',Large Ground Level Office Combo (320 sq. ft.),Offices,Ground Level Offices,Ground Level Office / Storage Combo Units
40U,Engineering & Architecture,2026,1,6,185,151,3.24,3.97,40' COMBO W/15' OFFICE,Ground Level Office Combo / ftorage Combo - 40' u 8',Large Ground Level Office Combo (320 sq. ft.),Offices,Ground Level Offices,Ground Level Office / Storage Combo Units
40U,,2026,1,1,185,54,0.54,1.85,40' COMBO W/15' OFFICE,Ground Level Office Combo / ftorage Combo - 40' u 8',Large Ground Level Office Combo (320 sq. ft.),Offices,Ground Level Offices,Ground Level Office / Storage Combo Units
40U,Non-Residential & GCs,2024,4,34,205,979,16.59,3.47,40' COMBO W/15' OFFICE,Ground Level Office Combo / ftorage Combo - 40' u 8',Large Ground Level Office Combo (320 sq. ft.),Offices,Ground Level Offices,Ground Level Office / Storage Combo Units
40U,Non-Residential & GCs,2025,4,24,204,947,11.76,2.53,40' COMBO W/15' OFFICE,Ground Level Office Combo / ftorage Combo - 40' u 8',Large Ground Level Office Combo (320 sq. ft.),Offices,Ground Level Offices,Ground Level Office / Storage Combo Units
40U,Non-Residential & GCs,2025,3,23,190,1030,12.11,2.23,40' COMBO W/15' OFFICE,Ground Level Office Combo / ftorage Combo - 40' u 8',Large Ground Level Office Combo (320 sq. ft.),Offices,Ground Level Offices,Ground Level Office / Storage Combo Units
40U,Health Care,2024,3,5,315,46,1.59,10.87,40' COMBO W/15' OFFICE,Ground Level Office Combo / ftorage Combo - 40' u 8',Large Ground Level Office Combo (320 sq. ft.),Offices,Ground Level Offices,Ground Level Office / Storage Combo Units
40U,Retail & Wholesale Trade,2025,1,18,245,514,7.35,3.50,40' COMBO W/15' OFFICE,Ground Level Office Combo / ftorage Combo - 40' u 8',Large Ground Level Office Combo (320 sq. ft.),Offices,Ground Level Offices,Ground Level Office / Storage Combo Units
40U,Retail & Wholesale Trade,2026,2,8,88,215,9.09,3.72,40' COMBO W/15' OFFICE,Ground Level Office Combo / ftorage Combo - 40' u 8',Large Ground Level Office Combo (320 sq. ft.),Offices,Ground Level Offices,Ground Level Office / Storage Combo Units
40U,Highway & Heavy Construction,2025,1,13,245,286,5.31,4.55,40' COMBO W/15' OFFICE,Ground Level Office Combo / ftorage Combo - 40' u 8',Large Ground Level Office Combo (320 sq. ft.),Offices,Ground Level Offices,Ground Level Office / Storage Combo Units
40U,"Educational, Membership & Religious Organizations",2025,1,3,245,178,1.22,1.69,40' COMBO W/15' OFFICE,Ground Level Office Combo / ftorage Combo - 40' u 8',Large Ground Level Office Combo (320 sq. ft.),Offices,Ground Level Offices,Ground Level Office / Storage Combo Units
40U,Highway & Heavy Construction,2025,2,5,204,285,2.45,1.75,40' COMBO W/15' OFFICE,Ground Level Office Combo / ftorage Combo - 40' u 8',Large Ground Level Office Combo (320 sq. ft.),Offices,Ground Level Offices,Ground Level Office / Storage Combo Units
40U,Public Administration,2026,1,2,185,123,1.08,1.63,40' COMBO W/15' OFFICE,Ground Level Office Combo / ftorage Combo - 40' u 8',Large Ground Level Office Combo (320 sq. ft.),Offices,Ground Level Offices,Ground Level Office / Storage Combo Units
40U,Health Care,2025,4,1,204,23,0.49,4.35,40' COMBO W/15' OFFICE,Ground Level Office Combo / ftorage Combo - 40' u 8',Large Ground Level Office Combo (320 sq. ft.),Offices,Ground Level Offices,Ground Level Office / Storage Combo Units
40U,Subcontractors,2024,2,124,366,1051,33.88,11.80,40' COMBO W/15' OFFICE,Ground Level Office Combo / ftorage Combo - 40' u 8',Large Ground Level Office Combo (320 sq. ft.),Offices,Ground Level Offices,Ground Level Office / Storage Combo Units
40U,Retail & Wholesale Trade,2026,1,11,185,492,5.95,2.24,40' COMBO W/15' OFFICE,Ground Level Office Combo / ftorage Combo - 40' u 8',Large Ground Level Office Combo (320 sq. ft.),Offices,Ground Level Offices,Ground Level Office / Storage Combo Units
40U,Retail & Wholesale Trade,2024,1,28,333,614,8.41,4.56,40' COMBO W/15' OFFICE,Ground Level Office Combo / ftorage Combo - 40' u 8',Large Ground Level Office Combo (320 sq. ft.),Offices,Ground Level Offices,Ground Level Office / Storage Combo Units
40U,Manufacturing,2024,2,19,366,507,5.19,3.75,40' COMBO W/15' OFFICE,Ground Level Office Combo / ftorage Combo - 40' u 8',Large Ground Level Office Combo (320 sq. ft.),Offices,Ground Level Offices,Ground Level Office / Storage Combo Units
40U,Professional Services,2024,4,26,205,1077,12.68,2.41,40' COMBO W/15' OFFICE,Ground Level Office Combo / ftorage Combo - 40' u 8',Large Ground Level Office Combo (320 sq. ft.),Offices,Ground Level Offices,Ground Level Office / Storage Combo Units
40U,Other,2024,1,5,333,247,1.50,2.02,40' COMBO W/15' OFFICE,Ground Level Office Combo / ftorage Combo - 40' u 8',Large Ground Level Office Combo (320 sq. ft.),Offices,Ground Level Offices,Ground Level Office / Storage Combo Units
40U,"Arts, Media, Hotels & Entertainment",2024,4,3,205,312,1.46,0.96,40' COMBO W/15' OFFICE,Ground Level Office Combo / ftorage Combo - 40' u 8',Large Ground Level Office Combo (320 sq. ft.),Offices,Ground Level Offices,Ground Level Office / Storage Combo Units
40U,Manufacturing,2026,2,4,88,184,4.55,2.17,40' COMBO W/15' OFFICE,Ground Level Office Combo / ftorage Combo - 40' u 8',Large Ground Level Office Combo (320 sq. ft.),Offices,Ground Level Offices,Ground Level Office / Storage Combo Units
40U,Health Care,2026,1,2,185,35,1.08,5.71,40' COMBO W/15' OFFICE,Ground Level Office Combo / ftorage Combo - 40' u 8',Large Ground Level Office Combo (320 sq. ft.),Offices,Ground Level Offices,Ground Level Office / Storage Combo Units
40U,Mining & Utilities,2024,3,5,315,631,1.59,0.79,40' COMBO W/15' OFFICE,Ground Level Office Combo / ftorage Combo - 40' u 8',Large Ground Level Office Combo (320 sq. ft.),Offices,Ground Level Offices,Ground Level Office / Storage Combo Units
MO5014,Professional Services,2024,4,1,2,1077,50.00,0.09,50x14 Mobile Office or Similar,50x14 Mobile Office or Similar,Large Mobile Office - 2 offices + Med. Open Area (up to 756 FT) - MO5014 or similar,Offices,Mobile Offices,Mobile Offices
MO5014,Home Builders & Developers,2025,3,2,6,1104,33.33,0.18,50x14 Mobile Office or Similar,50x14 Mobile Office or Similar,Large Mobile Office - 2 offices + Med. Open Area (up to 756 FT) - MO5014 or similar,Offices,Mobile Offices,Mobile Offices
MO5014,Retail & Wholesale Trade,2024,1,1,6,614,16.67,0.16,50x14 Mobile Office or Similar,50x14 Mobile Office or Similar,Large Mobile Office - 2 offices + Med. Open Area (up to 756 FT) - MO5014 or similar,Offices,Mobile Offices,Mobile Offices
MO5014,Home Builders & Developers,2026,1,1,2,1104,50.00,0.09,50x14 Mobile Office or Similar,50x14 Mobile Office or Similar,Large Mobile Office - 2 offices + Med. Open Area (up to 756 FT) - MO5014 or similar,Offices,Mobile Offices,Mobile Offices
MO5014,Non-Residential & GCs,2025,3,1,6,1030,16.67,0.10,50x14 Mobile Office or Similar,50x14 Mobile Office or Similar,Large Mobile Office - 2 offices + Med. Open Area (up to 756 FT) - MO5014 or similar,Offices,Mobile Offices,Mobile Offices
MO5014,Manufacturing,2024,3,2,8,552,25.00,0.36,50x14 Mobile Office or Similar,50x14 Mobile Office or Similar,Large Mobile Office - 2 offices + Med. Open Area (up to 756 FT) - MO5014 or similar,Offices,Mobile Offices,Mobile Offices
MO5014,Professional Services,2025,3,1,6,1275,16.67,0.08,50x14 Mobile Office or Similar,50x14 Mobile Office or Similar,Large Mobile Office - 2 offices + Med. Open Area (up to 756 FT) - MO5014 or similar,Offices,Mobile Offices,Mobile Offices
MO5014,"Arts, Media, Hotels & Entertainment",2024,3,1,8,1158,12.50,0.09,50x14 Mobile Office or Similar,50x14 Mobile Office or Similar,Large Mobile Office - 2 offices + Med. Open Area (up to 756 FT) - MO5014 or similar,Offices,Mobile Offices,Mobile Offices
MO5014,"Educational, Membership & Religious Organizations",2024,3,2,8,178,25.00,1.12,50x14 Mobile Office or Similar,50x14 Mobile Office or Similar,Large Mobile Office - 2 offices + Med. Open Area (up to 756 FT) - MO5014 or similar,Offices,Mobile Offices,Mobile Offices
MO5014,Home Builders & Developers,2025,1,1,3,1185,33.33,0.08,50x14 Mobile Office or Similar,50x14 Mobile Office or Similar,Large Mobile Office - 2 offices + Med. Open Area (up to 756 FT) - MO5014 or similar,Offices,Mobile Offices,Mobile Offices
MO5014,Mining & Utilities,2025,3,1,6,438,16.67,0.23,50x14 Mobile Office or Similar,50x14 Mobile Office or Similar,Large Mobile Office - 2 offices + Med. Open Area (up to 756 FT) - MO5014 or similar,Offices,Mobile Offices,Mobile Offices
MO5014,Home Builders & Developers,2025,4,1,1,1022,100.00,0.10,50x14 Mobile Office or Similar,50x14 Mobile Office or Similar,Large Mobile Office - 2 offices + Med. Open Area (up to 756 FT) - MO5014 or similar,Offices,Mobile Offices,Mobile Offices
MO5014,Non-Residential & GCs,2024,4,1,2,979,50.00,0.10,50x14 Mobile Office or Similar,50x14 Mobile Office or Similar,Large Mobile Office - 2 offices + Med. Open Area (up to 756 FT) - MO5014 or similar,Offices,Mobile Offices,Mobile Offices
MO5014,Subcontractors,2025,1,1,3,925,33.33,0.11,50x14 Mobile Office or Similar,50x14 Mobile Office or Similar,Large Mobile Office - 2 offices + Med. Open Area (up to 756 FT) - MO5014 or similar,Offices,Mobile Offices,Mobile Offices
MO5014,Non-Residential & GCs,2024,3,2,8,1153,25.00,0.17,50x14 Mobile Office or Similar,50x14 Mobile Office or Similar,Large Mobile Office - 2 offices + Med. Open Area (up to 756 FT) - MO5014 or similar,Offices,Mobile Offices,Mobile Offices
MO5014,Manufacturing,2025,2,1,3,497,33.33,0.20,50x14 Mobile Office or Similar,50x14 Mobile Office or Similar,Large Mobile Office - 2 offices + Med. Open Area (up to 756 FT) - MO5014 or similar,Offices,Mobile Offices,Mobile Offices
MO5014,Public Administration,2026,1,1,2,123,50.00,0.81,50x14 Mobile Office or Similar,50x14 Mobile Office or Similar,Large Mobile Office - 2 offices + Med. Open Area (up to 756 FT) - MO5014 or similar,Offices,Mobile Offices,Mobile Offices
MO5014,Mining & Utilities,2024,1,3,6,732,50.00,0.41,50x14 Mobile Office or Similar,50x14 Mobile Office or Similar,Large Mobile Office - 2 offices + Med. Open Area (up to 756 FT) - MO5014 or similar,Offices,Mobile Offices,Mobile Offices
MO5014,Professional Services,2025,2,1,3,1340,33.33,0.07,50x14 Mobile Office or Similar,50x14 Mobile Office or Similar,Large Mobile Office - 2 offices + Med. Open Area (up to 756 FT) - MO5014 or similar,Offices,Mobile Offices,Mobile Offices
MO5014,Retail & Wholesale Trade,2025,2,1,3,462,33.33,0.22,50x14 Mobile Office or Similar,50x14 Mobile Office or Similar,Large Mobile Office - 2 offices + Med. Open Area (up to 756 FT) - MO5014 or similar,Offices,Mobile Offices,Mobile Offices
MO5014,Manufacturing,2025,3,1,6,477,16.67,0.21,50x14 Mobile Office or Similar,50x14 Mobile Office or Similar,Large Mobile Office - 2 offices + Med. Open Area (up to 756 FT) - MO5014 or similar,Offices,Mobile Offices,Mobile Offices
MO5014,Non-Residential & GCs,2024,2,6,7,1460,85.71,0.41,50x14 Mobile Office or Similar,50x14 Mobile Office or Similar,Large Mobile Office - 2 offices + Med. Open Area (up to 756 FT) - MO5014 or similar,Offices,Mobile Offices,Mobile Offices
MO5014,Manufacturing,2024,1,1,6,537,16.67,0.19,50x14 Mobile Office or Similar,50x14 Mobile Office or Similar,Large Mobile Office - 2 offices + Med. Open Area (up to 756 FT) - MO5014 or similar,Offices,Mobile Offices,Mobile Offices
MO5014,Highway & Heavy Construction,2024,3,1,8,315,12.50,0.32,50x14 Mobile Office or Similar,50x14 Mobile Office or Similar,Large Mobile Office - 2 offices + Med. Open Area (up to 756 FT) - MO5014 or similar,Offices,Mobile Offices,Mobile Offices
MO5014,,2024,2,1,7,98,14.29,1.02,50x14 Mobile Office or Similar,50x14 Mobile Office or Similar,Large Mobile Office - 2 offices + Med. Open Area (up to 756 FT) - MO5014 or similar,Offices,Mobile Offices,Mobile Offices
MO5014,Mining & Utilities,2025,1,1,3,641,33.33,0.16,50x14 Mobile Office or Similar,50x14 Mobile Office or Similar,Large Mobile Office - 2 offices + Med. Open Area (up to 756 FT) - MO5014 or similar,Offices,Mobile Offices,Mobile Offices
MO5014,Non-Residential & GCs,2024,1,1,6,1210,16.67,0.08,50x14 Mobile Office or Similar,50x14 Mobile Office or Similar,Large Mobile Office - 2 offices + Med. Open Area (up to 756 FT) - MO5014 or similar,Offices,Mobile Offices,Mobile Offices
MO5010,,2026,1,2,237,54,0.84,3.70,50x10 Mobile Office or Similar,50x10 Mobile Office or Similar,Medium Mobile Office - 2 offices + Med. Open Area (up to 560 SF) - MO5010 or similar,Offices,Mobile Offices,Mobile Offices
MO5010,Home Builders & Developers,2025,1,34,216,1185,15.74,2.87,50x10 Mobile Office or Similar,50x10 Mobile Office or Similar,Medium Mobile Office - 2 offices + Med. Open Area (up to 560 SF) - MO5010 or similar,Offices,Mobile Offices,Mobile Offices
MO5010,Highway & Heavy Construction,2026,1,19,237,300,8.02,6.33,50x10 Mobile Office or Similar,50x10 Mobile Office or Similar,Medium Mobile Office - 2 offices + Med. Open Area (up to 560 SF) - MO5010 or similar,Offices,Mobile Offices,Mobile Offices
MO5010,Highway & Heavy Construction,2024,2,10,186,360,5.38,2.78,50x10 Mobile Office or Similar,50x10 Mobile Office or Similar,Medium Mobile Office - 2 offices + Med. Open Area (up to 560 SF) - MO5010 or similar,Offices,Mobile Offices,Mobile Offices
MO5010,Highway & Heavy Construction,2024,3,8,219,315,3.65,2.54,50x10 Mobile Office or Similar,50x10 Mobile Office or Similar,Medium Mobile Office - 2 offices + Med. Open Area (up to 560 SF) - MO5010 or similar,Offices,Mobile Offices,Mobile Offices
MO5010,Engineering & Architecture,2024,4,5,159,134,3.14,3.73,50x10 Mobile Office or Similar,50x10 Mobile Office or Similar,Medium Mobile Office - 2 offices + Med. Open Area (up to 560 SF) - MO5010 or similar,Offices,Mobile Offices,Mobile Offices
MO5010,Public Administration,2026,1,3,237,123,1.27,2.44,50x10 Mobile Office or Similar,50x10 Mobile Office or Similar,Medium Mobile Office - 2 offices + Med. Open Area (up to 560 SF) - MO5010 or similar,Offices,Mobile Offices,Mobile Offices
MO5010,Public Administration,2024,2,1,186,127,0.54,0.79,50x10 Mobile Office or Similar,50x10 Mobile Office or Similar,Medium Mobile Office - 2 offices + Med. Open Area (up to 560 SF) - MO5010 or similar,Offices,Mobile Offices,Mobile Offices
MO5010,Non-Residential & GCs,2024,3,28,219,1153,12.79,2.43,50x10 Mobile Office or Similar,50x10 Mobile Office or Similar,Medium Mobile Office - 2 offices + Med. Open Area (up to 560 SF) - MO5010 or similar,Offices,Mobile Offices,Mobile Offices
MO5010,Home Builders & Developers,2026,2,11,97,471,11.34,2.34,50x10 Mobile Office or Similar,50x10 Mobile Office or Similar,Medium Mobile Office - 2 offices + Med. Open Area (up to 560 SF) - MO5010 or similar,Offices,Mobile Offices,Mobile Offices
MO5010,Engineering & Architecture,2024,3,7,219,202,3.20,3.47,50x10 Mobile Office or Similar,50x10 Mobile Office or Similar,Medium Mobile Office - 2 offices + Med. Open Area (up to 560 SF) - MO5010 or similar,Offices,Mobile Offices,Mobile Offices
MO5010,Subcontractors,2025,1,29,216,925,13.43,3.14,50x10 Mobile Office or Similar,50x10 Mobile Office or Similar,Medium Mobile Office - 2 offices + Med. Open Area (up to 560 SF) - MO5010 or similar,Offices,Mobile Offices,Mobile Offices
MO5010,Non-Residential & GCs,2024,2,35,186,1460,18.82,2.40,50x10 Mobile Office or Similar,50x10 Mobile Office or Similar,Medium Mobile Office - 2 offices + Med. Open Area (up to 560 SF) - MO5010 or similar,Offices,Mobile Offices,Mobile Offices
MO5010,Mining & Utilities,2024,4,12,159,433,7.55,2.77,50x10 Mobile Office or Similar,50x10 Mobile Office or Similar,Medium Mobile Office - 2 offices + Med. Open Area (up to 560 SF) - MO5010 or similar,Offices,Mobile Offices,Mobile Offices
MO5010,,2024,2,1,186,98,0.54,1.02,50x10 Mobile Office or Similar,50x10 Mobile Office or Similar,Medium Mobile Office - 2 offices + Med. Open Area (up to 560 SF) - MO5010 or similar,Offices,Mobile Offices,Mobile Offices
MO5010,Professional Services,2024,1,21,178,1538,11.80,1.37,50x10 Mobile Office or Similar,50x10 Mobile Office or Similar,Medium Mobile Office - 2 offices + Med. Open Area (up to 560 SF) - MO5010 or similar,Offices,Mobile Offices,Mobile Offices
MO5010,"Arts, Media, Hotels & Entertainment",2026,1,22,237,655,9.28,3.36,50x10 Mobile Office or Similar,50x10 Mobile Office or Similar,Medium Mobile Office - 2 offices + Med. Open Area (up to 560 SF) - MO5010 or similar,Offices,Mobile Offices,Mobile Offices
MO5010,Non-Residential & GCs,2025,1,36,216,1032,16.67,3.49,50x10 Mobile Office or Similar,50x10 Mobile Office or Similar,Medium Mobile Office - 2 offices + Med. Open Area (up to 560 SF) - MO5010 or similar,Offices,Mobile Offices,Mobile Offices
MO5010,"Arts, Media, Hotels & Entertainment",2025,3,50,238,823,21.01,6.08,50x10 Mobile Office or Similar,50x10 Mobile Office or Similar,Medium Mobile Office - 2 offices + Med. Open Area (up to 560 SF) - MO5010 or similar,Offices,Mobile Offices,Mobile Offices
MO5010,Professional Services,2024,2,29,186,1628,15.59,1.78,50x10 Mobile Office or Similar,50x10 Mobile Office or Similar,Medium Mobile Office - 2 offices + Med. Open Area (up to 560 SF) - MO5010 or similar,Offices,Mobile Offices,Mobile Offices
MO5010,Subcontractors,2024,4,19,159,743,11.95,2.56,50x10 Mobile Office or Similar,50x10 Mobile Office or Similar,Medium Mobile Office - 2 offices + Med. Open Area (up to 560 SF) - MO5010 or similar,Offices,Mobile Offices,Mobile Offices
MO5010,Subcontractors,2024,1,22,178,1039,12.36,2.12,50x10 Mobile Office or Similar,50x10 Mobile Office or Similar,Medium Mobile Office - 2 offices + Med. Open Area (up to 560 SF) - MO5010 or similar,Offices,Mobile Offices,Mobile Offices
MO5010,Manufacturing,2024,1,3,178,537,1.69,0.56,50x10 Mobile Office or Similar,50x10 Mobile Office or Similar,Medium Mobile Office - 2 offices + Med. Open Area (up to 560 SF) - MO5010 or similar,Offices,Mobile Offices,Mobile Offices
MO5010,Subcontractors,2024,2,25,186,1051,13.44,2.38,50x10 Mobile Office or Similar,50x10 Mobile Office or Similar,Medium Mobile Office - 2 offices + Med. Open Area (up to 560 SF) - MO5010 or similar,Offices,Mobile Offices,Mobile Offices
MO5010,Home Builders & Developers,2024,1,33,178,1228,18.54,2.69,50x10 Mobile Office or Similar,50x10 Mobile Office or Similar,Medium Mobile Office - 2 offices + Med. Open Area (up to 560 SF) - MO5010 or similar,Offices,Mobile Offices,Mobile Offices
MO5010,Home Builders & Developers,2025,3,24,238,1104,10.08,2.17,50x10 Mobile Office or Similar,50x10 Mobile Office or Similar,Medium Mobile Office - 2 offices + Med. Open Area (up to 560 SF) - MO5010 or similar,Offices,Mobile Offices,Mobile Offices
MO5010,"Educational, Membership & Religious Organizations",2025,1,2,216,178,0.93,1.12,50x10 Mobile Office or Similar,50x10 Mobile Office or Similar,Medium Mobile Office - 2 offices + Med. Open Area (up to 560 SF) - MO5010 or similar,Offices,Mobile Offices,Mobile Offices
MO5010,Manufacturing,2026,2,2,97,184,2.06,1.09,50x10 Mobile Office or Similar,50x10 Mobile Office or Similar,Medium Mobile Office - 2 offices + Med. Open Area (up to 560 SF) - MO5010 or similar,Offices,Mobile Offices,Mobile Offices
MO5010,Subcontractors,2024,3,30,219,980,13.70,3.06,50x10 Mobile Office or Similar,50x10 Mobile Office or Similar,Medium Mobile Office - 2 offices + Med. Open Area (up to 560 SF) - MO5010 or similar,Offices,Mobile Offices,Mobile Offices
MO5010,"Arts, Media, Hotels & Entertainment",2024,3,47,219,1158,21.46,4.06,50x10 Mobile Office or Similar,50x10 Mobile Office or Similar,Medium Mobile Office - 2 offices + Med. Open Area (up to 560 SF) - MO5010 or similar,Offices,Mobile Offices,Mobile Offices
MO5010,"Arts, Media, Hotels & Entertainment",2025,1,43,216,829,19.91,5.19,50x10 Mobile Office or Similar,50x10 Mobile Office or Similar,Medium Mobile Office - 2 offices + Med. Open Area (up to 560 SF) - MO5010 or similar,Offices,Mobile Offices,Mobile Offices
MO5010,Mining & Utilities,2026,2,4,97,145,4.12,2.76,50x10 Mobile Office or Similar,50x10 Mobile Office or Similar,Medium Mobile Office - 2 offices + Med. Open Area (up to 560 SF) - MO5010 or similar,Offices,Mobile Offices,Mobile Offices
MO5010,Engineering & Architecture,2024,2,4,186,196,2.15,2.04,50x10 Mobile Office or Similar,50x10 Mobile Office or Similar,Medium Mobile Office - 2 offices + Med. Open Area (up to 560 SF) - MO5010 or similar,Offices,Mobile Offices,Mobile Offices
MO5010,Public Administration,2024,1,4,178,96,2.25,4.17,50x10 Mobile Office or Similar,50x10 Mobile Office or Similar,Medium Mobile Office - 2 offices + Med. Open Area (up to 560 SF) - MO5010 or similar,Offices,Mobile Offices,Mobile Offices
MO5010,"Educational, Membership & Religious Organizations",2026,1,2,237,183,0.84,1.09,50x10 Mobile Office or Similar,50x10 Mobile Office or Similar,Medium Mobile Office - 2 offices + Med. Open Area (up to 560 SF) - MO5010 or similar,Offices,Mobile Offices,Mobile Offices
MO5010,Other,2024,4,2,159,62,1.26,3.23,50x10 Mobile Office or Similar,50x10 Mobile Office or Similar,Medium Mobile Office - 2 offices + Med. Open Area (up to 560 SF) - MO5010 or similar,Offices,Mobile Offices,Mobile Offices
MO5010,Health Care,2024,1,1,178,24,0.56,4.17,50x10 Mobile Office or Similar,50x10 Mobile Office or Similar,Medium Mobile Office - 2 offices + Med. Open Area (up to 560 SF) - MO5010 or similar,Offices,Mobile Offices,Mobile Offices
MO5010,Engineering & Architecture,2025,4,9,141,129,6.38,6.98,50x10 Mobile Office or Similar,50x10 Mobile Office or Similar,Medium Mobile Office - 2 offices + Med. Open Area (up to 560 SF) - MO5010 or similar,Offices,Mobile Offices,Mobile Offices
MO5010,Non-Residential & GCs,2025,2,44,239,1225,18.41,3.59,50x10 Mobile Office or Similar,50x10 Mobile Office or Similar,Medium Mobile Office - 2 offices + Med. Open Area (up to 560 SF) - MO5010 or similar,Offices,Mobile Offices,Mobile Offices
MO5010,Mining & Utilities,2025,1,11,216,641,5.09,1.72,50x10 Mobile Office or Similar,50x10 Mobile Office or Similar,Medium Mobile Office - 2 offices + Med. Open Area (up to 560 SF) - MO5010 or similar,Offices,Mobile Offices,Mobile Offices
MO5010,Other,2024,1,4,178,247,2.25,1.62,50x10 Mobile Office or Similar,50x10 Mobile Office or Similar,Medium Mobile Office - 2 offices + Med. Open Area (up to 560 SF) - MO5010 or similar,Offices,Mobile Offices,Mobile Offices
MO5010,Non-Residential & GCs,2026,2,13,97,450,13.40,2.89,50x10 Mobile Office or Similar,50x10 Mobile Office or Similar,Medium Mobile Office - 2 offices + Med. Open Area (up to 560 SF) - MO5010 or similar,Offices,Mobile Offices,Mobile Offices
MO5010,Highway & Heavy Construction,2025,4,8,141,254,5.67,3.15,50x10 Mobile Office or Similar,50x10 Mobile Office or Similar,Medium Mobile Office - 2 offices + Med. Open Area (up to 560 SF) - MO5010 or similar,Offices,Mobile Offices,Mobile Offices
MO5010,"Educational, Membership & Religious Organizations",2024,4,4,159,160,2.52,2.50,50x10 Mobile Office or Similar,50x10 Mobile Office or Similar,Medium Mobile Office - 2 offices + Med. Open Area (up to 560 SF) - MO5010 or similar,Offices,Mobile Offices,Mobile Offices
MO5010,Engineering & Architecture,2025,3,5,238,155,2.10,3.23,50x10 Mobile Office or Similar,50x10 Mobile Office or Similar,Medium Mobile Office - 2 offices + Med. Open Area (up to 560 SF) - MO5010 or similar,Offices,Mobile Offices,Mobile Offices
MO5010,"Arts, Media, Hotels & Entertainment",2025,4,1,141,258,0.71,0.39,50x10 Mobile Office or Similar,50x10 Mobile Office or Similar,Medium Mobile Office - 2 offices + Med. Open Area (up to 560 SF) - MO5010 or similar,Offices,Mobile Offices,Mobile Offices
MO5010,,2025,3,1,238,52,0.42,1.92,50x10 Mobile Office or Similar,50x10 Mobile Office or Similar,Medium Mobile Office - 2 offices + Med. Open Area (up to 560 SF) - MO5010 or similar,Offices,Mobile Offices,Mobile Offices
MO5010,Subcontractors,2026,2,13,97,353,13.40,3.68,50x10 Mobile Office or Similar,50x10 Mobile Office or Similar,Medium Mobile Office - 2 offices + Med. Open Area (up to 560 SF) - MO5010 or similar,Offices,Mobile Offices,Mobile Offices
MO5010,Home Builders & Developers,2024,3,31,219,1231,14.16,2.52,50x10 Mobile Office or Similar,50x10 Mobile Office or Similar,Medium Mobile Office - 2 offices + Med. Open Area (up to 560 SF) - MO5010 or similar,Offices,Mobile Offices,Mobile Offices
MO5010,Manufacturing,2025,1,18,216,630,8.33,2.86,50x10 Mobile Office or Similar,50x10 Mobile Office or Similar,Medium Mobile Office - 2 offices + Med. Open Area (up to 560 SF) - MO5010 or similar,Offices,Mobile Offices,Mobile Offices
MO5010,Manufacturing,2025,2,10,239,497,4.18,2.01,50x10 Mobile Office or Similar,50x10 Mobile Office or Similar,Medium Mobile Office - 2 offices + Med. Open Area (up to 560 SF) - MO5010 or similar,Offices,Mobile Offices,Mobile Offices
MO5010,,2025,2,2,239,51,0.84,3.92,50x10 Mobile Office or Similar,50x10 Mobile Office or Similar,Medium Mobile Office - 2 offices + Med. Open Area (up to 560 SF) - MO5010 or similar,Offices,Mobile Offices,Mobile Offices
MO5010,Public Administration,2025,3,3,238,105,1.26,2.86,50x10 Mobile Office or Similar,50x10 Mobile Office or Similar,Medium Mobile Office - 2 offices + Med. Open Area (up to 560 SF) - MO5010 or similar,Offices,Mobile Offices,Mobile Offices
MO5010,Manufacturing,2024,3,7,219,552,3.20,1.27,50x10 Mobile Office or Similar,50x10 Mobile Office or Similar,Medium Mobile Office - 2 offices + Med. Open Area (up to 560 SF) - MO5010 or similar,Offices,Mobile Offices,Mobile Offices
MO5010,Retail & Wholesale Trade,2024,1,11,178,614,6.18,1.79,50x10 Mobile Office or Similar,50x10 Mobile Office or Similar,Medium Mobile Office - 2 offices + Med. Open Area (up to 560 SF) - MO5010 or similar,Offices,Mobile Offices,Mobile Offices
MO5010,Mining & Utilities,2024,2,6,186,588,3.23,1.02,50x10 Mobile Office or Similar,50x10 Mobile Office or Similar,Medium Mobile Office - 2 offices + Med. Open Area (up to 560 SF) - MO5010 or similar,Offices,Mobile Offices,Mobile Offices
MO5010,Health Care,2026,1,1,237,35,0.42,2.86,50x10 Mobile Office or Similar,50x10 Mobile Office or Similar,Medium Mobile Office - 2 offices + Med. Open Area (up to 560 SF) - MO5010 or similar,Offices,Mobile Offices,Mobile Offices
MO5010,Non-Residential & GCs,2026,1,35,237,1084,14.77,3.23,50x10 Mobile Office or Similar,50x10 Mobile Office or Similar,Medium Mobile Office - 2 offices + Med. Open Area (up to 560 SF) - MO5010 or similar,Offices,Mobile Offices,Mobile Offices
MO5010,Engineering & Architecture,2025,2,10,239,164,4.18,6.10,50x10 Mobile Office or Similar,50x10 Mobile Office or Similar,Medium Mobile Office - 2 offices + Med. Open Area (up to 560 SF) - MO5010 or similar,Offices,Mobile Offices,Mobile Offices
MO5010,Professional Services,2025,3,54,238,1275,22.69,4.24,50x10 Mobile Office or Similar,50x10 Mobile Office or Similar,Medium Mobile Office - 2 offices + Med. Open Area (up to 560 SF) - MO5010 or similar,Offices,Mobile Offices,Mobile Offices
MO5010,Subcontractors,2026,1,22,237,887,9.28,2.48,50x10 Mobile Office or Similar,50x10 Mobile Office or Similar,Medium Mobile Office - 2 offices + Med. Open Area (up to 560 SF) - MO5010 or similar,Offices,Mobile Offices,Mobile Offices
MO5010,Manufacturing,2025,4,6,141,339,4.26,1.77,50x10 Mobile Office or Similar,50x10 Mobile Office or Similar,Medium Mobile Office - 2 offices + Med. Open Area (up to 560 SF) - MO5010 or similar,Offices,Mobile Offices,Mobile Offices
MO5010,Home Builders & Developers,2026,1,37,237,1104,15.61,3.35,50x10 Mobile Office or Similar,50x10 Mobile Office or Similar,Medium Mobile Office - 2 offices + Med. Open Area (up to 560 SF) - MO5010 or similar,Offices,Mobile Offices,Mobile Offices
MO5010,Engineering & Architecture,2026,1,7,237,151,2.95,4.64,50x10 Mobile Office or Similar,50x10 Mobile Office or Similar,Medium Mobile Office - 2 offices + Med. Open Area (up to 560 SF) - MO5010 or similar,Offices,Mobile Offices,Mobile Offices
MO5010,Retail & Wholesale Trade,2024,3,5,219,508,2.28,0.98,50x10 Mobile Office or Similar,50x10 Mobile Office or Similar,Medium Mobile Office - 2 offices + Med. Open Area (up to 560 SF) - MO5010 or similar,Offices,Mobile Offices,Mobile Offices
MO5010,Highway & Heavy Construction,2025,3,10,238,282,4.20,3.55,50x10 Mobile Office or Similar,50x10 Mobile Office or Similar,Medium Mobile Office - 2 offices + Med. Open Area (up to 560 SF) - MO5010 or similar,Offices,Mobile Offices,Mobile Offices
MO5010,Professional Services,2025,1,12,216,1459,5.56,0.82,50x10 Mobile Office or Similar,50x10 Mobile Office or Similar,Medium Mobile Office - 2 offices + Med. Open Area (up to 560 SF) - MO5010 or similar,Offices,Mobile Offices,Mobile Offices
MO5010,"Educational, Membership & Religious Organizations",2025,3,3,238,124,1.26,2.42,50x10 Mobile Office or Similar,50x10 Mobile Office or Similar,Medium Mobile Office - 2 offices + Med. Open Area (up to 560 SF) - MO5010 or similar,Offices,Mobile Offices,Mobile Offices
MO5010,Public Administration,2025,4,4,141,104,2.84,3.85,50x10 Mobile Office or Similar,50x10 Mobile Office or Similar,Medium Mobile Office - 2 offices + Med. Open Area (up to 560 SF) - MO5010 or similar,Offices,Mobile Offices,Mobile Offices
MO5010,Public Administration,2024,3,1,219,115,0.46,0.87,50x10 Mobile Office or Similar,50x10 Mobile Office or Similar,Medium Mobile Office - 2 offices + Med. Open Area (up to 560 SF) - MO5010 or similar,Offices,Mobile Offices,Mobile Offices
MO5010,Professional Services,2025,4,16,141,954,11.35,1.68,50x10 Mobile Office or Similar,50x10 Mobile Office or Similar,Medium Mobile Office - 2 offices + Med. Open Area (up to 560 SF) - MO5010 or similar,Offices,Mobile Offices,Mobile Offices
MO5010,Highway & Heavy Construction,2025,2,14,239,285,5.86,4.91,50x10 Mobile Office or Similar,50x10 Mobile Office or Similar,Medium Mobile Office - 2 offices + Med. Open Area (up to 560 SF) - MO5010 or similar,Offices,Mobile Offices,Mobile Offices
MO5010,Home Builders & Developers,2025,4,35,141,1022,24.82,3.42,50x10 Mobile Office or Similar,50x10 Mobile Office or Similar,Medium Mobile Office - 2 offices + Med. Open Area (up to 560 SF) - MO5010 or similar,Offices,Mobile Offices,Mobile Offices
MO5010,Professional Services,2024,4,14,159,1077,8.81,1.30,50x10 Mobile Office or Similar,50x10 Mobile Office or Similar,Medium Mobile Office - 2 offices + Med. Open Area (up to 560 SF) - MO5010 or similar,Offices,Mobile Offices,Mobile Offices
MO5010,Retail & Wholesale Trade,2025,2,9,239,462,3.77,1.95,50x10 Mobile Office or Similar,50x10 Mobile Office or Similar,Medium Mobile Office - 2 offices + Med. Open Area (up to 560 SF) - MO5010 or similar,Offices,Mobile Offices,Mobile Offices
MO5010,Retail & Wholesale Trade,2025,3,6,238,438,2.52,1.37,50x10 Mobile Office or Similar,50x10 Mobile Office or Similar,Medium Mobile Office - 2 offices + Med. Open Area (up to 560 SF) - MO5010 or similar,Offices,Mobile Offices,Mobile Offices
MO5010,Other,2025,3,1,238,98,0.42,1.02,50x10 Mobile Office or Similar,50x10 Mobile Office or Similar,Medium Mobile Office - 2 offices + Med. Open Area (up to 560 SF) - MO5010 or similar,Offices,Mobile Offices,Mobile Offices
MO5010,Professional Services,2026,1,57,237,1635,24.05,3.49,50x10 Mobile Office or Similar,50x10 Mobile Office or Similar,Medium Mobile Office - 2 offices + Med. Open Area (up to 560 SF) - MO5010 or similar,Offices,Mobile Offices,Mobile Offices
MO5010,Non-Residential & GCs,2025,3,43,238,1030,18.07,4.17,50x10 Mobile Office or Similar,50x10 Mobile Office or Similar,Medium Mobile Office - 2 offices + Med. Open Area (up to 560 SF) - MO5010 or similar,Offices,Mobile Offices,Mobile Offices
MO5010,Retail & Wholesale Trade,2024,4,10,159,389,6.29,2.57,50x10 Mobile Office or Similar,50x10 Mobile Office or Similar,Medium Mobile Office - 2 offices + Med. Open Area (up to 560 SF) - MO5010 or similar,Offices,Mobile Offices,Mobile Offices
MO5010,Highway & Heavy Construction,2026,2,12,97,153,12.37,7.84,50x10 Mobile Office or Similar,50x10 Mobile Office or Similar,Medium Mobile Office - 2 offices + Med. Open Area (up to 560 SF) - MO5010 or similar,Offices,Mobile Offices,Mobile Offices
MO5010,"Arts, Media, Hotels & Entertainment",2026,2,20,97,313,20.62,6.39,50x10 Mobile Office or Similar,50x10 Mobile Office or Similar,Medium Mobile Office - 2 offices + Med. Open Area (up to 560 SF) - MO5010 or similar,Offices,Mobile Offices,Mobile Offices
MO5010,Public Administration,2025,1,4,216,88,1.85,4.55,50x10 Mobile Office or Similar,50x10 Mobile Office or Similar,Medium Mobile Office - 2 offices + Med. Open Area (up to 560 SF) - MO5010 or similar,Offices,Mobile Offices,Mobile Offices
MO5010,Other,2024,2,3,186,188,1.61,1.60,50x10 Mobile Office or Similar,50x10 Mobile Office or Similar,Medium Mobile Office - 2 offices + Med. Open Area (up to 560 SF) - MO5010 or similar,Offices,Mobile Offices,Mobile Offices
MO5010,Retail & Wholesale Trade,2025,4,5,141,422,3.55,1.18,50x10 Mobile Office or Similar,50x10 Mobile Office or Similar,Medium Mobile Office - 2 offices + Med. Open Area (up to 560 SF) - MO5010 or similar,Offices,Mobile Offices,Mobile Offices
MO5010,"Educational, Membership & Religious Organizations",2025,2,3,239,210,1.26,1.43,50x10 Mobile Office or Similar,50x10 Mobile Office or Similar,Medium Mobile Office - 2 offices + Med. Open Area (up to 560 SF) - MO5010 or similar,Offices,Mobile Offices,Mobile Offices
MO5010,Retail & Wholesale Trade,2026,1,11,237,492,4.64,2.24,50x10 Mobile Office or Similar,50x10 Mobile Office or Similar,Medium Mobile Office - 2 offices + Med. Open Area (up to 560 SF) - MO5010 or similar,Offices,Mobile Offices,Mobile Offices
MO5010,Other,2025,1,1,216,94,0.46,1.06,50x10 Mobile Office or Similar,50x10 Mobile Office or Similar,Medium Mobile Office - 2 offices + Med. Open Area (up to 560 SF) - MO5010 or similar,Offices,Mobile Offices,Mobile Offices
MO5010,"Educational, Membership & Religious Organizations",2026,2,1,97,127,1.03,0.79,50x10 Mobile Office or Similar,50x10 Mobile Office or Similar,Medium Mobile Office - 2 offices + Med. Open Area (up to 560 SF) - MO5010 or similar,Offices,Mobile Offices,Mobile Offices
MO5010,Mining & Utilities,2024,1,11,178,732,6.18,1.50,50x10 Mobile Office or Similar,50x10 Mobile Office or Similar,Medium Mobile Office - 2 offices + Med. Open Area (up to 560 SF) - MO5010 or similar,Offices,Mobile Offices,Mobile Offices
MO5010,"Arts, Media, Hotels & Entertainment",2025,2,35,239,854,14.64,4.10,50x10 Mobile Office or Similar,50x10 Mobile Office or Similar,Medium Mobile Office - 2 offices + Med. Open Area (up to 560 SF) - MO5010 or similar,Offices,Mobile Offices,Mobile Offices
MO5010,Retail & Wholesale Trade,2024,2,12,186,554,6.45,2.17,50x10 Mobile Office or Similar,50x10 Mobile Office or Similar,Medium Mobile Office - 2 offices + Med. Open Area (up to 560 SF) - MO5010 or similar,Offices,Mobile Offices,Mobile Offices
MO5010,Non-Residential & GCs,2024,1,21,178,1210,11.80,1.74,50x10 Mobile Office or Similar,50x10 Mobile Office or Similar,Medium Mobile Office - 2 offices + Med. Open Area (up to 560 SF) - MO5010 or similar,Offices,Mobile Offices,Mobile Offices
MO5010,"Arts, Media, Hotels & Entertainment",2024,4,3,159,312,1.89,0.96,50x10 Mobile Office or Similar,50x10 Mobile Office or Similar,Medium Mobile Office - 2 offices + Med. Open Area (up to 560 SF) - MO5010 or similar,Offices,Mobile Offices,Mobile Offices
MO5010,Professional Services,2025,2,38,239,1340,15.90,2.84,50x10 Mobile Office or Similar,50x10 Mobile Office or Similar,Medium Mobile Office - 2 offices + Med. Open Area (up to 560 SF) - MO5010 or similar,Offices,Mobile Offices,Mobile Offices
MO5010,Home Builders & Developers,2024,4,34,159,1006,21.38,3.38,50x10 Mobile Office or Similar,50x10 Mobile Office or Similar,Medium Mobile Office - 2 offices + Med. Open Area (up to 560 SF) - MO5010 or similar,Offices,Mobile Offices,Mobile Offices
MO5010,Subcontractors,2025,4,16,141,824,11.35,1.94,50x10 Mobile Office or Similar,50x10 Mobile Office or Similar,Medium Mobile Office - 2 offices + Med. Open Area (up to 560 SF) - MO5010 or similar,Offices,Mobile Offices,Mobile Offices
MO5010,Non-Residential & GCs,2025,4,27,141,947,19.15,2.85,50x10 Mobile Office or Similar,50x10 Mobile Office or Similar,Medium Mobile Office - 2 offices + Med. Open Area (up to 560 SF) - MO5010 or similar,Offices,Mobile Offices,Mobile Offices
MO5010,Mining & Utilities,2025,2,7,239,358,2.93,1.96,50x10 Mobile Office or Similar,50x10 Mobile Office or Similar,Medium Mobile Office - 2 offices + Med. Open Area (up to 560 SF) - MO5010 or similar,Offices,Mobile Offices,Mobile Offices
MO5010,Public Administration,2025,2,3,239,137,1.26,2.19,50x10 Mobile Office or Similar,50x10 Mobile Office or Similar,Medium Mobile Office - 2 offices + Med. Open Area (up to 560 SF) - MO5010 or similar,Offices,Mobile Offices,Mobile Offices
MO5010,Manufacturing,2025,3,5,238,477,2.10,1.05,50x10 Mobile Office or Similar,50x10 Mobile Office or Similar,Medium Mobile Office - 2 offices + Med. Open Area (up to 560 SF) - MO5010 or similar,Offices,Mobile Offices,Mobile Offices
MO5010,Health Care,2025,4,2,141,23,1.42,8.70,50x10 Mobile Office or Similar,50x10 Mobile Office or Similar,Medium Mobile Office - 2 offices + Med. Open Area (up to 560 SF) - MO5010 or similar,Offices,Mobile Offices,Mobile Offices
MO5010,Health Care,2024,4,1,159,25,0.63,4.00,50x10 Mobile Office or Similar,50x10 Mobile Office or Similar,Medium Mobile Office - 2 offices + Med. Open Area (up to 560 SF) - MO5010 or similar,Offices,Mobile Offices,Mobile Offices
MO5010,,2024,1,1,178,59,0.56,1.69,50x10 Mobile Office or Similar,50x10 Mobile Office or Similar,Medium Mobile Office - 2 offices + Med. Open Area (up to 560 SF) - MO5010 or similar,Offices,Mobile Offices,Mobile Offices
MO5010,Home Builders & Developers,2024,2,17,186,1349,9.14,1.26,50x10 Mobile Office or Similar,50x10 Mobile Office or Similar,Medium Mobile Office - 2 offices + Med. Open Area (up to 560 SF) - MO5010 or similar,Offices,Mobile Offices,Mobile Offices
MO5010,Subcontractors,2025,3,17,238,943,7.14,1.80,50x10 Mobile Office or Similar,50x10 Mobile Office or Similar,Medium Mobile Office - 2 offices + Med. Open Area (up to 560 SF) - MO5010 or similar,Offices,Mobile Offices,Mobile Offices
MO5010,Manufacturing,2026,1,14,237,583,5.91,2.40,50x10 Mobile Office or Similar,50x10 Mobile Office or Similar,Medium Mobile Office - 2 offices + Med. Open Area (up to 560 SF) - MO5010 or similar,Offices,Mobile Offices,Mobile Offices
MO5010,Subcontractors,2025,2,25,239,925,10.46,2.70,50x10 Mobile Office or Similar,50x10 Mobile Office or Similar,Medium Mobile Office - 2 offices + Med. Open Area (up to 560 SF) - MO5010 or similar,Offices,Mobile Offices,Mobile Offices
MO5010,Manufacturing,2024,4,14,159,375,8.81,3.73,50x10 Mobile Office or Similar,50x10 Mobile Office or Similar,Medium Mobile Office - 2 offices + Med. Open Area (up to 560 SF) - MO5010 or similar,Offices,Mobile Offices,Mobile Offices
MO5010,Manufacturing,2024,2,8,186,507,4.30,1.58,50x10 Mobile Office or Similar,50x10 Mobile Office or Similar,Medium Mobile Office - 2 offices + Med. Open Area (up to 560 SF) - MO5010 or similar,Offices,Mobile Offices,Mobile Offices
MO5010,Professional Services,2026,2,9,97,574,9.28,1.57,50x10 Mobile Office or Similar,50x10 Mobile Office or Similar,Medium Mobile Office - 2 offices + Med. Open Area (up to 560 SF) - MO5010 or similar,Offices,Mobile Offices,Mobile Offices
MO5010,Mining & Utilities,2025,4,11,141,341,7.80,3.23,50x10 Mobile Office or Similar,50x10 Mobile Office or Similar,Medium Mobile Office - 2 offices + Med. Open Area (up to 560 SF) - MO5010 or similar,Offices,Mobile Offices,Mobile Offices
MO5010,Retail & Wholesale Trade,2026,2,5,97,215,5.15,2.33,50x10 Mobile Office or Similar,50x10 Mobile Office or Similar,Medium Mobile Office - 2 offices + Med. Open Area (up to 560 SF) - MO5010 or similar,Offices,Mobile Offices,Mobile Offices
MO5010,Health Care,2025,2,1,239,49,0.42,2.04,50x10 Mobile Office or Similar,50x10 Mobile Office or Similar,Medium Mobile Office - 2 offices + Med. Open Area (up to 560 SF) - MO5010 or similar,Offices,Mobile Offices,Mobile Offices
MO5010,,2025,4,1,141,40,0.71,2.50,50x10 Mobile Office or Similar,50x10 Mobile Office or Similar,Medium Mobile Office - 2 offices + Med. Open Area (up to 560 SF) - MO5010 or similar,Offices,Mobile Offices,Mobile Offices
MO5010,"Educational, Membership & Religious Organizations",2024,1,1,178,265,0.56,0.38,50x10 Mobile Office or Similar,50x10 Mobile Office or Similar,Medium Mobile Office - 2 offices + Med. Open Area (up to 560 SF) - MO5010 or similar,Offices,Mobile Offices,Mobile Offices
MO5010,Highway & Heavy Construction,2024,1,10,178,363,5.62,2.75,50x10 Mobile Office or Similar,50x10 Mobile Office or Similar,Medium Mobile Office - 2 offices + Med. Open Area (up to 560 SF) - MO5010 or similar,Offices,Mobile Offices,Mobile Offices
MO5010,Public Administration,2024,4,8,159,108,5.03,7.41,50x10 Mobile Office or Similar,50x10 Mobile Office or Similar,Medium Mobile Office - 2 offices + Med. Open Area (up to 560 SF) - MO5010 or similar,Offices,Mobile Offices,Mobile Offices
MO5010,Engineering & Architecture,2025,1,8,216,217,3.70,3.69,50x10 Mobile Office or Similar,50x10 Mobile Office or Similar,Medium Mobile Office - 2 offices + Med. Open Area (up to 560 SF) - MO5010 or similar,Offices,Mobile Offices,Mobile Offices
MO5010,"Arts, Media, Hotels & Entertainment",2024,1,31,178,898,17.42,3.45,50x10 Mobile Office or Similar,50x10 Mobile Office or Similar,Medium Mobile Office - 2 offices + Med. Open Area (up to 560 SF) - MO5010 or similar,Offices,Mobile Offices,Mobile Offices
MO5010,Mining & Utilities,2025,3,16,238,438,6.72,3.65,50x10 Mobile Office or Similar,50x10 Mobile Office or Similar,Medium Mobile Office - 2 offices + Med. Open Area (up to 560 SF) - MO5010 or similar,Offices,Mobile Offices,Mobile Offices
MO5010,Non-Residential & GCs,2024,4,19,159,979,11.95,1.94,50x10 Mobile Office or Similar,50x10 Mobile Office or Similar,Medium Mobile Office - 2 offices + Med. Open Area (up to 560 SF) - MO5010 or similar,Offices,Mobile Offices,Mobile Offices
MO5010,Engineering & Architecture,2026,2,7,97,116,7.22,6.03,50x10 Mobile Office or Similar,50x10 Mobile Office or Similar,Medium Mobile Office - 2 offices + Med. Open Area (up to 560 SF) - MO5010 or similar,Offices,Mobile Offices,Mobile Offices
MO5010,Engineering & Architecture,2024,1,4,178,185,2.25,2.16,50x10 Mobile Office or Similar,50x10 Mobile Office or Similar,Medium Mobile Office - 2 offices + Med. Open Area (up to 560 SF) - MO5010 or similar,Offices,Mobile Offices,Mobile Offices
MO5010,Mining & Utilities,2026,1,5,237,615,2.11,0.81,50x10 Mobile Office or Similar,50x10 Mobile Office or Similar,Medium Mobile Office - 2 offices + Med. Open Area (up to 560 SF) - MO5010 or similar,Offices,Mobile Offices,Mobile Offices
MO5010,"Educational, Membership & Religious Organizations",2024,3,1,219,178,0.46,0.56,50x10 Mobile Office or Similar,50x10 Mobile Office or Similar,Medium Mobile Office - 2 offices + Med. Open Area (up to 560 SF) - MO5010 or similar,Offices,Mobile Offices,Mobile Offices
MO5010,"Arts, Media, Hotels & Entertainment",2024,2,30,186,1014,16.13,2.96,50x10 Mobile Office or Similar,50x10 Mobile Office or Similar,Medium Mobile Office - 2 offices + Med. Open Area (up to 560 SF) - MO5010 or similar,Offices,Mobile Offices,Mobile Offices
MO5010,Highway & Heavy Construction,2025,1,9,216,286,4.17,3.15,50x10 Mobile Office or Similar,50x10 Mobile Office or Similar,Medium Mobile Office - 2 offices + Med. Open Area (up to 560 SF) - MO5010 or similar,Offices,Mobile Offices,Mobile Offices
MO5010,Highway & Heavy Construction,2024,4,12,159,280,7.55,4.29,50x10 Mobile Office or Similar,50x10 Mobile Office or Similar,Medium Mobile Office - 2 offices + Med. Open Area (up to 560 SF) - MO5010 or similar,Offices,Mobile Offices,Mobile Offices
MO5010,Home Builders & Developers,2025,2,35,239,1237,14.64,2.83,50x10 Mobile Office or Similar,50x10 Mobile Office or Similar,Medium Mobile Office - 2 offices + Med. Open Area (up to 560 SF) - MO5010 or similar,Offices,Mobile Offices,Mobile Offices
MO5010,Professional Services,2024,3,33,219,1511,15.07,2.18,50x10 Mobile Office or Similar,50x10 Mobile Office or Similar,Medium Mobile Office - 2 offices + Med. Open Area (up to 560 SF) - MO5010 or similar,Offices,Mobile Offices,Mobile Offices
MO5010,Mining & Utilities,2024,3,19,219,631,8.68,3.01,50x10 Mobile Office or Similar,50x10 Mobile Office or Similar,Medium Mobile Office - 2 offices + Med. Open Area (up to 560 SF) - MO5010 or similar,Offices,Mobile Offices,Mobile Offices
MO5010,Retail & Wholesale Trade,2025,1,9,216,514,4.17,1.75,50x10 Mobile Office or Similar,50x10 Mobile Office or Similar,Medium Mobile Office - 2 offices + Med. Open Area (up to 560 SF) - MO5010 or similar,Offices,Mobile Offices,Mobile Offices
MO5010,"Educational, Membership & Religious Organizations",2024,2,5,186,248,2.69,2.02,50x10 Mobile Office or Similar,50x10 Mobile Office or Similar,Medium Mobile Office - 2 offices + Med. Open Area (up to 560 SF) - MO5010 or similar,Offices,Mobile Offices,Mobile Offices
MO5010,Other,2025,2,3,239,176,1.26,1.70,50x10 Mobile Office or Similar,50x10 Mobile Office or Similar,Medium Mobile Office - 2 offices + Med. Open Area (up to 560 SF) - MO5010 or similar,Offices,Mobile Offices,Mobile Offices
MO5010,,2024,4,2,159,41,1.26,4.88,50x10 Mobile Office or Similar,50x10 Mobile Office or Similar,Medium Mobile Office - 2 offices + Med. Open Area (up to 560 SF) - MO5010 or similar,Offices,Mobile Offices,Mobile Offices
MO5010,,2024,3,2,219,62,0.91,3.23,50x10 Mobile Office or Similar,50x10 Mobile Office or Similar,Medium Mobile Office - 2 offices + Med. Open Area (up to 560 SF) - MO5010 or similar,Offices,Mobile Offices,Mobile Offices
10W,,2025,1,1,239,53,0.42,1.89,10' OPEN BAY OFFICE,Ground Level Office - 10' x 8',Small Ground Level Office (80 SF),Offices,Ground Level Offices,Standard Ground Level Offices
10W,Professional Services,2024,4,36,183,1077,19.67,3.34,10' OPEN BAY OFFICE,Ground Level Office - 10' x 8',Small Ground Level Office (80 SF),Offices,Ground Level Offices,Standard Ground Level Offices
10W,"Arts, Media, Hotels & Entertainment",2024,3,46,309,1158,14.89,3.97,10' OPEN BAY OFFICE,Ground Level Office - 10' x 8',Small Ground Level Office (80 SF),Offices,Ground Level Offices,Standard Ground Level Offices
10W,Non-Residential & GCs,2024,1,44,277,1210,15.88,3.64,10' OPEN BAY OFFICE,Ground Level Office - 10' x 8',Small Ground Level Office (80 SF),Offices,Ground Level Offices,Standard Ground Level Offices
10W,Home Builders & Developers,2024,1,47,277,1228,16.97,3.83,10' OPEN BAY OFFICE,Ground Level Office - 10' x 8',Small Ground Level Office (80 SF),Offices,Ground Level Offices,Standard Ground Level Offices
10W,Retail & Wholesale Trade,2024,4,18,183,389,9.84,4.63,10' OPEN BAY OFFICE,Ground Level Office - 10' x 8',Small Ground Level Office (80 SF),Offices,Ground Level Offices,Standard Ground Level Offices
10W,Engineering & Architecture,2025,3,5,275,155,1.82,3.23,10' OPEN BAY OFFICE,Ground Level Office - 10' x 8',Small Ground Level Office (80 SF),Offices,Ground Level Offices,Standard Ground Level Offices
10W,Non-Residential & GCs,2024,4,25,183,979,13.66,2.55,10' OPEN BAY OFFICE,Ground Level Office - 10' x 8',Small Ground Level Office (80 SF),Offices,Ground Level Offices,Standard Ground Level Offices
10W,"Arts, Media, Hotels & Entertainment",2025,4,19,227,258,8.37,7.36,10' OPEN BAY OFFICE,Ground Level Office - 10' x 8',Small Ground Level Office (80 SF),Offices,Ground Level Offices,Standard Ground Level Offices
10W,Public Administration,2025,1,7,239,88,2.93,7.95,10' OPEN BAY OFFICE,Ground Level Office - 10' x 8',Small Ground Level Office (80 SF),Offices,Ground Level Offices,Standard Ground Level Offices
10W,Highway & Heavy Construction,2025,2,8,300,285,2.67,2.81,10' OPEN BAY OFFICE,Ground Level Office - 10' x 8',Small Ground Level Office (80 SF),Offices,Ground Level Offices,Standard Ground Level Offices
10W,Other,2026,1,4,284,73,1.41,5.48,10' OPEN BAY OFFICE,Ground Level Office - 10' x 8',Small Ground Level Office (80 SF),Offices,Ground Level Offices,Standard Ground Level Offices
10W,Other,2024,1,10,277,247,3.61,4.05,10' OPEN BAY OFFICE,Ground Level Office - 10' x 8',Small Ground Level Office (80 SF),Offices,Ground Level Offices,Standard Ground Level Offices
10W,Public Administration,2024,1,3,277,96,1.08,3.13,10' OPEN BAY OFFICE,Ground Level Office - 10' x 8',Small Ground Level Office (80 SF),Offices,Ground Level Offices,Standard Ground Level Offices
10W,Health Care,2024,1,1,277,24,0.36,4.17,10' OPEN BAY OFFICE,Ground Level Office - 10' x 8',Small Ground Level Office (80 SF),Offices,Ground Level Offices,Standard Ground Level Offices
10W,Home Builders & Developers,2024,4,41,183,1006,22.40,4.08,10' OPEN BAY OFFICE,Ground Level Office - 10' x 8',Small Ground Level Office (80 SF),Offices,Ground Level Offices,Standard Ground Level Offices
10W,Retail & Wholesale Trade,2024,2,25,322,554,7.76,4.51,10' OPEN BAY OFFICE,Ground Level Office - 10' x 8',Small Ground Level Office (80 SF),Offices,Ground Level Offices,Standard Ground Level Offices
10W,Professional Services,2024,3,43,309,1511,13.92,2.85,10' OPEN BAY OFFICE,Ground Level Office - 10' x 8',Small Ground Level Office (80 SF),Offices,Ground Level Offices,Standard Ground Level Offices
10W,Home Builders & Developers,2025,2,50,300,1237,16.67,4.04,10' OPEN BAY OFFICE,Ground Level Office - 10' x 8',Small Ground Level Office (80 SF),Offices,Ground Level Offices,Standard Ground Level Offices
10W,Manufacturing,2024,4,13,183,375,7.10,3.47,10' OPEN BAY OFFICE,Ground Level Office - 10' x 8',Small Ground Level Office (80 SF),Offices,Ground Level Offices,Standard Ground Level Offices
10W,Home Builders & Developers,2024,3,50,309,1231,16.18,4.06,10' OPEN BAY OFFICE,Ground Level Office - 10' x 8',Small Ground Level Office (80 SF),Offices,Ground Level Offices,Standard Ground Level Offices
10W,Engineering & Architecture,2024,3,5,309,202,1.62,2.48,10' OPEN BAY OFFICE,Ground Level Office - 10' x 8',Small Ground Level Office (80 SF),Offices,Ground Level Offices,Standard Ground Level Offices
10W,Retail & Wholesale Trade,2025,2,24,300,462,8.00,5.19,10' OPEN BAY OFFICE,Ground Level Office - 10' x 8',Small Ground Level Office (80 SF),Offices,Ground Level Offices,Standard Ground Level Offices
10W,Mining & Utilities,2026,1,9,284,615,3.17,1.46,10' OPEN BAY OFFICE,Ground Level Office - 10' x 8',Small Ground Level Office (80 SF),Offices,Ground Level Offices,Standard Ground Level Offices
10W,Manufacturing,2025,4,10,227,339,4.41,2.95,10' OPEN BAY OFFICE,Ground Level Office - 10' x 8',Small Ground Level Office (80 SF),Offices,Ground Level Offices,Standard Ground Level Offices
10W,Mining & Utilities,2024,3,12,309,631,3.88,1.90,10' OPEN BAY OFFICE,Ground Level Office - 10' x 8',Small Ground Level Office (80 SF),Offices,Ground Level Offices,Standard Ground Level Offices
10W,Other,2026,2,3,138,35,2.17,8.57,10' OPEN BAY OFFICE,Ground Level Office - 10' x 8',Small Ground Level Office (80 SF),Offices,Ground Level Offices,Standard Ground Level Offices
10W,Highway & Heavy Construction,2025,1,2,239,286,0.84,0.70,10' OPEN BAY OFFICE,Ground Level Office - 10' x 8',Small Ground Level Office (80 SF),Offices,Ground Level Offices,Standard Ground Level Offices
10W,Engineering & Architecture,2026,2,6,138,116,4.35,5.17,10' OPEN BAY OFFICE,Ground Level Office - 10' x 8',Small Ground Level Office (80 SF),Offices,Ground Level Offices,Standard Ground Level Offices
10W,,2024,4,2,183,41,1.09,4.88,10' OPEN BAY OFFICE,Ground Level Office - 10' x 8',Small Ground Level Office (80 SF),Offices,Ground Level Offices,Standard Ground Level Offices
10W,Home Builders & Developers,2026,1,39,284,1104,13.73,3.53,10' OPEN BAY OFFICE,Ground Level Office - 10' x 8',Small Ground Level Office (80 SF),Offices,Ground Level Offices,Standard Ground Level Offices
10W,Non-Residential & GCs,2026,2,16,138,450,11.59,3.56,10' OPEN BAY OFFICE,Ground Level Office - 10' x 8',Small Ground Level Office (80 SF),Offices,Ground Level Offices,Standard Ground Level Offices
10W,Retail & Wholesale Trade,2024,3,35,309,508,11.33,6.89,10' OPEN BAY OFFICE,Ground Level Office - 10' x 8',Small Ground Level Office (80 SF),Offices,Ground Level Offices,Standard Ground Level Offices
10W,Mining & Utilities,2025,2,11,300,358,3.67,3.07,10' OPEN BAY OFFICE,Ground Level Office - 10' x 8',Small Ground Level Office (80 SF),Offices,Ground Level Offices,Standard Ground Level Offices
10W,Subcontractors,2025,1,19,239,925,7.95,2.05,10' OPEN BAY OFFICE,Ground Level Office - 10' x 8',Small Ground Level Office (80 SF),Offices,Ground Level Offices,Standard Ground Level Offices
10W,Other,2025,3,7,275,98,2.55,7.14,10' OPEN BAY OFFICE,Ground Level Office - 10' x 8',Small Ground Level Office (80 SF),Offices,Ground Level Offices,Standard Ground Level Offices
10W,Professional Services,2025,4,35,227,954,15.42,3.67,10' OPEN BAY OFFICE,Ground Level Office - 10' x 8',Small Ground Level Office (80 SF),Offices,Ground Level Offices,Standard Ground Level Offices
10W,Professional Services,2025,1,84,239,1459,35.15,5.76,10' OPEN BAY OFFICE,Ground Level Office - 10' x 8',Small Ground Level Office (80 SF),Offices,Ground Level Offices,Standard Ground Level Offices
10W,Subcontractors,2026,2,9,138,353,6.52,2.55,10' OPEN BAY OFFICE,Ground Level Office - 10' x 8',Small Ground Level Office (80 SF),Offices,Ground Level Offices,Standard Ground Level Offices
10W,Engineering & Architecture,2025,1,6,239,217,2.51,2.77,10' OPEN BAY OFFICE,Ground Level Office - 10' x 8',Small Ground Level Office (80 SF),Offices,Ground Level Offices,Standard Ground Level Offices
10W,Other,2024,2,6,322,188,1.86,3.19,10' OPEN BAY OFFICE,Ground Level Office - 10' x 8',Small Ground Level Office (80 SF),Offices,Ground Level Offices,Standard Ground Level Offices
10W,Public Administration,2025,3,2,275,105,0.73,1.90,10' OPEN BAY OFFICE,Ground Level Office - 10' x 8',Small Ground Level Office (80 SF),Offices,Ground Level Offices,Standard Ground Level Offices
10W,Health Care,2025,4,1,227,23,0.44,4.35,10' OPEN BAY OFFICE,Ground Level Office - 10' x 8',Small Ground Level Office (80 SF),Offices,Ground Level Offices,Standard Ground Level Offices
10W,Non-Residential & GCs,2025,4,38,227,947,16.74,4.01,10' OPEN BAY OFFICE,Ground Level Office - 10' x 8',Small Ground Level Office (80 SF),Offices,Ground Level Offices,Standard Ground Level Offices
10W,Public Administration,2025,4,6,227,104,2.64,5.77,10' OPEN BAY OFFICE,Ground Level Office - 10' x 8',Small Ground Level Office (80 SF),Offices,Ground Level Offices,Standard Ground Level Offices
10W,Highway & Heavy Construction,2024,3,6,309,315,1.94,1.90,10' OPEN BAY OFFICE,Ground Level Office - 10' x 8',Small Ground Level Office (80 SF),Offices,Ground Level Offices,Standard Ground Level Offices
10W,Public Administration,2025,2,5,300,137,1.67,3.65,10' OPEN BAY OFFICE,Ground Level Office - 10' x 8',Small Ground Level Office (80 SF),Offices,Ground Level Offices,Standard Ground Level Offices
10W,Subcontractors,2026,1,20,284,887,7.04,2.25,10' OPEN BAY OFFICE,Ground Level Office - 10' x 8',Small Ground Level Office (80 SF),Offices,Ground Level Offices,Standard Ground Level Offices
10W,Highway & Heavy Construction,2025,3,7,275,282,2.55,2.48,10' OPEN BAY OFFICE,Ground Level Office - 10' x 8',Small Ground Level Office (80 SF),Offices,Ground Level Offices,Standard Ground Level Offices
10W,Manufacturing,2025,1,11,239,630,4.60,1.75,10' OPEN BAY OFFICE,Ground Level Office - 10' x 8',Small Ground Level Office (80 SF),Offices,Ground Level Offices,Standard Ground Level Offices
10W,Manufacturing,2025,2,7,300,497,2.33,1.41,10' OPEN BAY OFFICE,Ground Level Office - 10' x 8',Small Ground Level Office (80 SF),Offices,Ground Level Offices,Standard Ground Level Offices
10W,"Educational, Membership & Religious Organizations",2026,1,4,284,183,1.41,2.19,10' OPEN BAY OFFICE,Ground Level Office - 10' x 8',Small Ground Level Office (80 SF),Offices,Ground Level Offices,Standard Ground Level Offices
10W,Subcontractors,2024,4,15,183,743,8.20,2.02,10' OPEN BAY OFFICE,Ground Level Office - 10' x 8',Small Ground Level Office (80 SF),Offices,Ground Level Offices,Standard Ground Level Offices
10W,Health Care,2024,2,2,322,58,0.62,3.45,10' OPEN BAY OFFICE,Ground Level Office - 10' x 8',Small Ground Level Office (80 SF),Offices,Ground Level Offices,Standard Ground Level Offices
10W,Professional Services,2025,2,67,300,1340,22.33,5.00,10' OPEN BAY OFFICE,Ground Level Office - 10' x 8',Small Ground Level Office (80 SF),Offices,Ground Level Offices,Standard Ground Level Offices
10W,Home Builders & Developers,2026,2,24,138,471,17.39,5.10,10' OPEN BAY OFFICE,Ground Level Office - 10' x 8',Small Ground Level Office (80 SF),Offices,Ground Level Offices,Standard Ground Level Offices
10W,Highway & Heavy Construction,2024,2,10,322,360,3.11,2.78,10' OPEN BAY OFFICE,Ground Level Office - 10' x 8',Small Ground Level Office (80 SF),Offices,Ground Level Offices,Standard Ground Level Offices
10W,Engineering & Architecture,2024,2,7,322,196,2.17,3.57,10' OPEN BAY OFFICE,Ground Level Office - 10' x 8',Small Ground Level Office (80 SF),Offices,Ground Level Offices,Standard Ground Level Offices
10W,"Arts, Media, Hotels & Entertainment",2026,2,4,138,313,2.90,1.28,10' OPEN BAY OFFICE,Ground Level Office - 10' x 8',Small Ground Level Office (80 SF),Offices,Ground Level Offices,Standard Ground Level Offices
10W,Highway & Heavy Construction,2024,1,2,277,363,0.72,0.55,10' OPEN BAY OFFICE,Ground Level Office - 10' x 8',Small Ground Level Office (80 SF),Offices,Ground Level Offices,Standard Ground Level Offices
10W,Non-Residential & GCs,2024,2,39,322,1460,12.11,2.67,10' OPEN BAY OFFICE,Ground Level Office - 10' x 8',Small Ground Level Office (80 SF),Offices,Ground Level Offices,Standard Ground Level Offices
10W,Subcontractors,2024,1,22,277,1039,7.94,2.12,10' OPEN BAY OFFICE,Ground Level Office - 10' x 8',Small Ground Level Office (80 SF),Offices,Ground Level Offices,Standard Ground Level Offices
10W,Professional Services,2024,1,69,277,1538,24.91,4.49,10' OPEN BAY OFFICE,Ground Level Office - 10' x 8',Small Ground Level Office (80 SF),Offices,Ground Level Offices,Standard Ground Level Offices
10W,"Arts, Media, Hotels & Entertainment",2025,3,52,275,823,18.91,6.32,10' OPEN BAY OFFICE,Ground Level Office - 10' x 8',Small Ground Level Office (80 SF),Offices,Ground Level Offices,Standard Ground Level Offices
10W,Subcontractors,2025,2,32,300,925,10.67,3.46,10' OPEN BAY OFFICE,Ground Level Office - 10' x 8',Small Ground Level Office (80 SF),Offices,Ground Level Offices,Standard Ground Level Offices
10W,"Educational, Membership & Religious Organizations",2025,1,3,239,178,1.26,1.69,10' OPEN BAY OFFICE,Ground Level Office - 10' x 8',Small Ground Level Office (80 SF),Offices,Ground Level Offices,Standard Ground Level Offices
10W,Other,2025,4,6,227,82,2.64,7.32,10' OPEN BAY OFFICE,Ground Level Office - 10' x 8',Small Ground Level Office (80 SF),Offices,Ground Level Offices,Standard Ground Level Offices
10W,"Arts, Media, Hotels & Entertainment",2024,2,30,322,1014,9.32,2.96,10' OPEN BAY OFFICE,Ground Level Office - 10' x 8',Small Ground Level Office (80 SF),Offices,Ground Level Offices,Standard Ground Level Offices
10W,Retail & Wholesale Trade,2025,4,18,227,422,7.93,4.27,10' OPEN BAY OFFICE,Ground Level Office - 10' x 8',Small Ground Level Office (80 SF),Offices,Ground Level Offices,Standard Ground Level Offices
10W,"Arts, Media, Hotels & Entertainment",2024,4,10,183,312,5.46,3.21,10' OPEN BAY OFFICE,Ground Level Office - 10' x 8',Small Ground Level Office (80 SF),Offices,Ground Level Offices,Standard Ground Level Offices
10W,"Educational, Membership & Religious Organizations",2024,3,7,309,178,2.27,3.93,10' OPEN BAY OFFICE,Ground Level Office - 10' x 8',Small Ground Level Office (80 SF),Offices,Ground Level Offices,Standard Ground Level Offices
10W,"Educational, Membership & Religious Organizations",2025,4,2,227,176,0.88,1.14,10' OPEN BAY OFFICE,Ground Level Office - 10' x 8',Small Ground Level Office (80 SF),Offices,Ground Level Offices,Standard Ground Level Offices
10W,Home Builders & Developers,2024,2,61,322,1349,18.94,4.52,10' OPEN BAY OFFICE,Ground Level Office - 10' x 8',Small Ground Level Office (80 SF),Offices,Ground Level Offices,Standard Ground Level Offices
10W,Professional Services,2024,2,78,322,1628,24.22,4.79,10' OPEN BAY OFFICE,Ground Level Office - 10' x 8',Small Ground Level Office (80 SF),Offices,Ground Level Offices,Standard Ground Level Offices
10W,Retail & Wholesale Trade,2026,1,20,284,492,7.04,4.07,10' OPEN BAY OFFICE,Ground Level Office - 10' x 8',Small Ground Level Office (80 SF),Offices,Ground Level Offices,Standard Ground Level Offices
10W,Manufacturing,2025,3,19,275,477,6.91,3.98,10' OPEN BAY OFFICE,Ground Level Office - 10' x 8',Small Ground Level Office (80 SF),Offices,Ground Level Offices,Standard Ground Level Offices
10W,Home Builders & Developers,2025,3,40,275,1104,14.55,3.62,10' OPEN BAY OFFICE,Ground Level Office - 10' x 8',Small Ground Level Office (80 SF),Offices,Ground Level Offices,Standard Ground Level Offices
10W,Manufacturing,2024,2,14,322,507,4.35,2.76,10' OPEN BAY OFFICE,Ground Level Office - 10' x 8',Small Ground Level Office (80 SF),Offices,Ground Level Offices,Standard Ground Level Offices
10W,"Arts, Media, Hotels & Entertainment",2026,1,19,284,655,6.69,2.90,10' OPEN BAY OFFICE,Ground Level Office - 10' x 8',Small Ground Level Office (80 SF),Offices,Ground Level Offices,Standard Ground Level Offices
10W,Retail & Wholesale Trade,2025,3,21,275,438,7.64,4.79,10' OPEN BAY OFFICE,Ground Level Office - 10' x 8',Small Ground Level Office (80 SF),Offices,Ground Level Offices,Standard Ground Level Offices
10W,Engineering & Architecture,2024,4,4,183,134,2.19,2.99,10' OPEN BAY OFFICE,Ground Level Office - 10' x 8',Small Ground Level Office (80 SF),Offices,Ground Level Offices,Standard Ground Level Offices
10W,,2024,3,4,309,62,1.29,6.45,10' OPEN BAY OFFICE,Ground Level Office - 10' x 8',Small Ground Level Office (80 SF),Offices,Ground Level Offices,Standard Ground Level Offices
10W,Highway & Heavy Construction,2026,2,3,138,153,2.17,1.96,10' OPEN BAY OFFICE,Ground Level Office - 10' x 8',Small Ground Level Office (80 SF),Offices,Ground Level Offices,Standard Ground Level Offices
10W,Mining & Utilities,2024,2,9,322,588,2.80,1.53,10' OPEN BAY OFFICE,Ground Level Office - 10' x 8',Small Ground Level Office (80 SF),Offices,Ground Level Offices,Standard Ground Level Offices
10W,,2026,1,4,284,54,1.41,7.41,10' OPEN BAY OFFICE,Ground Level Office - 10' x 8',Small Ground Level Office (80 SF),Offices,Ground Level Offices,Standard Ground Level Offices
10W,Professional Services,2026,1,90,284,1635,31.69,5.50,10' OPEN BAY OFFICE,Ground Level Office - 10' x 8',Small Ground Level Office (80 SF),Offices,Ground Level Offices,Standard Ground Level Offices
10W,Mining & Utilities,2024,1,11,277,732,3.97,1.50,10' OPEN BAY OFFICE,Ground Level Office - 10' x 8',Small Ground Level Office (80 SF),Offices,Ground Level Offices,Standard Ground Level Offices
10W,Mining & Utilities,2025,4,8,227,341,3.52,2.35,10' OPEN BAY OFFICE,Ground Level Office - 10' x 8',Small Ground Level Office (80 SF),Offices,Ground Level Offices,Standard Ground Level Offices
10W,Other,2024,4,3,183,62,1.64,4.84,10' OPEN BAY OFFICE,Ground Level Office - 10' x 8',Small Ground Level Office (80 SF),Offices,Ground Level Offices,Standard Ground Level Offices
10W,"Educational, Membership & Religious Organizations",2024,4,3,183,160,1.64,1.88,10' OPEN BAY OFFICE,Ground Level Office - 10' x 8',Small Ground Level Office (80 SF),Offices,Ground Level Offices,Standard Ground Level Offices
10W,Health Care,2026,2,1,138,18,0.72,5.56,10' OPEN BAY OFFICE,Ground Level Office - 10' x 8',Small Ground Level Office (80 SF),Offices,Ground Level Offices,Standard Ground Level Offices
10W,Professional Services,2026,2,46,138,574,33.33,8.01,10' OPEN BAY OFFICE,Ground Level Office - 10' x 8',Small Ground Level Office (80 SF),Offices,Ground Level Offices,Standard Ground Level Offices
10W,Retail & Wholesale Trade,2024,1,29,277,614,10.47,4.72,10' OPEN BAY OFFICE,Ground Level Office - 10' x 8',Small Ground Level Office (80 SF),Offices,Ground Level Offices,Standard Ground Level Offices
10W,Subcontractors,2025,3,38,275,943,13.82,4.03,10' OPEN BAY OFFICE,Ground Level Office - 10' x 8',Small Ground Level Office (80 SF),Offices,Ground Level Offices,Standard Ground Level Offices
10W,Home Builders & Developers,2025,1,31,239,1185,12.97,2.62,10' OPEN BAY OFFICE,Ground Level Office - 10' x 8',Small Ground Level Office (80 SF),Offices,Ground Level Offices,Standard Ground Level Offices
10W,"Arts, Media, Hotels & Entertainment",2024,1,16,277,898,5.78,1.78,10' OPEN BAY OFFICE,Ground Level Office - 10' x 8',Small Ground Level Office (80 SF),Offices,Ground Level Offices,Standard Ground Level Offices
10W,"Educational, Membership & Religious Organizations",2024,2,5,322,248,1.55,2.02,10' OPEN BAY OFFICE,Ground Level Office - 10' x 8',Small Ground Level Office (80 SF),Offices,Ground Level Offices,Standard Ground Level Offices
10W,Engineering & Architecture,2025,2,6,300,164,2.00,3.66,10' OPEN BAY OFFICE,Ground Level Office - 10' x 8',Small Ground Level Office (80 SF),Offices,Ground Level Offices,Standard Ground Level Offices
10W,Public Administration,2024,3,3,309,115,0.97,2.61,10' OPEN BAY OFFICE,Ground Level Office - 10' x 8',Small Ground Level Office (80 SF),Offices,Ground Level Offices,Standard Ground Level Offices
10W,Other,2025,2,2,300,176,0.67,1.14,10' OPEN BAY OFFICE,Ground Level Office - 10' x 8',Small Ground Level Office (80 SF),Offices,Ground Level Offices,Standard Ground Level Offices
10W,Engineering & Architecture,2026,1,1,284,151,0.35,0.66,10' OPEN BAY OFFICE,Ground Level Office - 10' x 8',Small Ground Level Office (80 SF),Offices,Ground Level Offices,Standard Ground Level Offices
10W,Non-Residential & GCs,2024,3,42,309,1153,13.59,3.64,10' OPEN BAY OFFICE,Ground Level Office - 10' x 8',Small Ground Level Office (80 SF),Offices,Ground Level Offices,Standard Ground Level Offices
10W,Non-Residential & GCs,2025,2,45,300,1225,15.00,3.67,10' OPEN BAY OFFICE,Ground Level Office - 10' x 8',Small Ground Level Office (80 SF),Offices,Ground Level Offices,Standard Ground Level Offices
10W,Non-Residential & GCs,2025,3,32,275,1030,11.64,3.11,10' OPEN BAY OFFICE,Ground Level Office - 10' x 8',Small Ground Level Office (80 SF),Offices,Ground Level Offices,Standard Ground Level Offices
10W,Manufacturing,2026,1,23,284,583,8.10,3.95,10' OPEN BAY OFFICE,Ground Level Office - 10' x 8',Small Ground Level Office (80 SF),Offices,Ground Level Offices,Standard Ground Level Offices
10W,Subcontractors,2025,4,21,227,824,9.25,2.55,10' OPEN BAY OFFICE,Ground Level Office - 10' x 8',Small Ground Level Office (80 SF),Offices,Ground Level Offices,Standard Ground Level Offices
10W,Manufacturing,2024,1,12,277,537,4.33,2.23,10' OPEN BAY OFFICE,Ground Level Office - 10' x 8',Small Ground Level Office (80 SF),Offices,Ground Level Offices,Standard Ground Level Offices
10W,Mining & Utilities,2025,3,4,275,438,1.45,0.91,10' OPEN BAY OFFICE,Ground Level Office - 10' x 8',Small Ground Level Office (80 SF),Offices,Ground Level Offices,Standard Ground Level Offices
10W,Mining & Utilities,2024,4,8,183,433,4.37,1.85,10' OPEN BAY OFFICE,Ground Level Office - 10' x 8',Small Ground Level Office (80 SF),Offices,Ground Level Offices,Standard Ground Level Offices
10W,"Educational, Membership & Religious Organizations",2025,2,9,300,210,3.00,4.29,10' OPEN BAY OFFICE,Ground Level Office - 10' x 8',Small Ground Level Office (80 SF),Offices,Ground Level Offices,Standard Ground Level Offices
10W,Engineering & Architecture,2025,4,4,227,129,1.76,3.10,10' OPEN BAY OFFICE,Ground Level Office - 10' x 8',Small Ground Level Office (80 SF),Offices,Ground Level Offices,Standard Ground Level Offices
10W,Engineering & Architecture,2024,1,5,277,185,1.81,2.70,10' OPEN BAY OFFICE,Ground Level Office - 10' x 8',Small Ground Level Office (80 SF),Offices,Ground Level Offices,Standard Ground Level Offices
10W,Public Administration,2026,1,2,284,123,0.70,1.63,10' OPEN BAY OFFICE,Ground Level Office - 10' x 8',Small Ground Level Office (80 SF),Offices,Ground Level Offices,Standard Ground Level Offices
10W,Health Care,2025,1,1,239,36,0.42,2.78,10' OPEN BAY OFFICE,Ground Level Office - 10' x 8',Small Ground Level Office (80 SF),Offices,Ground Level Offices,Standard Ground Level Offices
10W,Health Care,2024,4,1,183,25,0.55,4.00,10' OPEN BAY OFFICE,Ground Level Office - 10' x 8',Small Ground Level Office (80 SF),Offices,Ground Level Offices,Standard Ground Level Offices
10W,Subcontractors,2024,3,34,309,980,11.00,3.47,10' OPEN BAY OFFICE,Ground Level Office - 10' x 8',Small Ground Level Office (80 SF),Offices,Ground Level Offices,Standard Ground Level Offices
10W,Manufacturing,2026,2,9,138,184,6.52,4.89,10' OPEN BAY OFFICE,Ground Level Office - 10' x 8',Small Ground Level Office (80 SF),Offices,Ground Level Offices,Standard Ground Level Offices
10W,Manufacturing,2024,3,18,309,552,5.83,3.26,10' OPEN BAY OFFICE,Ground Level Office - 10' x 8',Small Ground Level Office (80 SF),Offices,Ground Level Offices,Standard Ground Level Offices
10W,Highway & Heavy Construction,2026,1,10,284,300,3.52,3.33,10' OPEN BAY OFFICE,Ground Level Office - 10' x 8',Small Ground Level Office (80 SF),Offices,Ground Level Offices,Standard Ground Level Offices
10W,Retail & Wholesale Trade,2026,2,4,138,215,2.90,1.86,10' OPEN BAY OFFICE,Ground Level Office - 10' x 8',Small Ground Level Office (80 SF),Offices,Ground Level Offices,Standard Ground Level Offices
10W,Non-Residential & GCs,2026,1,39,284,1084,13.73,3.60,10' OPEN BAY OFFICE,Ground Level Office - 10' x 8',Small Ground Level Office (80 SF),Offices,Ground Level Offices,Standard Ground Level Offices
10W,Non-Residential & GCs,2025,1,35,239,1032,14.64,3.39,10' OPEN BAY OFFICE,Ground Level Office - 10' x 8',Small Ground Level Office (80 SF),Offices,Ground Level Offices,Standard Ground Level Offices
10W,Highway & Heavy Construction,2025,4,12,227,254,5.29,4.72,10' OPEN BAY OFFICE,Ground Level Office - 10' x 8',Small Ground Level Office (80 SF),Offices,Ground Level Offices,Standard Ground Level Offices
10W,Mining & Utilities,2025,1,10,239,641,4.18,1.56,10' OPEN BAY OFFICE,Ground Level Office - 10' x 8',Small Ground Level Office (80 SF),Offices,Ground Level Offices,Standard Ground Level Offices
10W,"Educational, Membership & Religious Organizations",2024,1,6,277,265,2.17,2.26,10' OPEN BAY OFFICE,Ground Level Office - 10' x 8',Small Ground Level Office (80 SF),Offices,Ground Level Offices,Standard Ground Level Offices
10W,Other,2024,3,4,309,151,1.29,2.65,10' OPEN BAY OFFICE,Ground Level Office - 10' x 8',Small Ground Level Office (80 SF),Offices,Ground Level Offices,Standard Ground Level Offices
10W,"Educational, Membership & Religious Organizations",2025,3,4,275,124,1.45,3.23,10' OPEN BAY OFFICE,Ground Level Office - 10' x 8',Small Ground Level Office (80 SF),Offices,Ground Level Offices,Standard Ground Level Offices
10W,Highway & Heavy Construction,2024,4,4,183,280,2.19,1.43,10' OPEN BAY OFFICE,Ground Level Office - 10' x 8',Small Ground Level Office (80 SF),Offices,Ground Level Offices,Standard Ground Level Offices
10W,Public Administration,2026,2,1,138,56,0.72,1.79,10' OPEN BAY OFFICE,Ground Level Office - 10' x 8',Small Ground Level Office (80 SF),Offices,Ground Level Offices,Standard Ground Level Offices
10W,Subcontractors,2024,2,29,322,1051,9.01,2.76,10' OPEN BAY OFFICE,Ground Level Office - 10' x 8',Small Ground Level Office (80 SF),Offices,Ground Level Offices,Standard Ground Level Offices
10W,Retail & Wholesale Trade,2025,1,14,239,514,5.86,2.72,10' OPEN BAY OFFICE,Ground Level Office - 10' x 8',Small Ground Level Office (80 SF),Offices,Ground Level Offices,Standard Ground Level Offices
10W,"Educational, Membership & Religious Organizations",2026,2,5,138,127,3.62,3.94,10' OPEN BAY OFFICE,Ground Level Office - 10' x 8',Small Ground Level Office (80 SF),Offices,Ground Level Offices,Standard Ground Level Offices
10W,,2025,4,1,227,40,0.44,2.50,10' OPEN BAY OFFICE,Ground Level Office - 10' x 8',Small Ground Level Office (80 SF),Offices,Ground Level Offices,Standard Ground Level Offices
10W,Professional Services,2025,3,44,275,1275,16.00,3.45,10' OPEN BAY OFFICE,Ground Level Office - 10' x 8',Small Ground Level Office (80 SF),Offices,Ground Level Offices,Standard Ground Level Offices
10W,"Arts, Media, Hotels & Entertainment",2025,2,34,300,854,11.33,3.98,10' OPEN BAY OFFICE,Ground Level Office - 10' x 8',Small Ground Level Office (80 SF),Offices,Ground Level Offices,Standard Ground Level Offices
10W,Home Builders & Developers,2025,4,46,227,1022,20.26,4.50,10' OPEN BAY OFFICE,Ground Level Office - 10' x 8',Small Ground Level Office (80 SF),Offices,Ground Level Offices,Standard Ground Level Offices
10W,"Arts, Media, Hotels & Entertainment",2025,1,15,239,829,6.28,1.81,10' OPEN BAY OFFICE,Ground Level Office - 10' x 8',Small Ground Level Office (80 SF),Offices,Ground Level Offices,Standard Ground Level Offices
10W,Mining & Utilities,2026,2,7,138,145,5.07,4.83,10' OPEN BAY OFFICE,Ground Level Office - 10' x 8',Small Ground Level Office (80 SF),Offices,Ground Level Offices,Standard Ground Level Offices
10W,Public Administration,2024,2,3,322,127,0.93,2.36,10' OPEN BAY OFFICE,Ground Level Office - 10' x 8',Small Ground Level Office (80 SF),Offices,Ground Level Offices,Standard Ground Level Offices
10W,,2024,2,4,322,98,1.24,4.08,10' OPEN BAY OFFICE,Ground Level Office - 10' x 8',Small Ground Level Office (80 SF),Offices,Ground Level Offices,Standard Ground Level Offices
40W,Mining & Utilities,2024,3,80,922,631,8.68,12.68,40' OPEN BAY OFFICE,Ground Level Office - 40' x 8',Large Ground Level Office (320 SF),Offices,Ground Level Offices,Standard Ground Level Offices
40W,Retail & Wholesale Trade,2025,2,60,620,462,9.68,12.99,40' OPEN BAY OFFICE,Ground Level Office - 40' x 8',Large Ground Level Office (320 SF),Offices,Ground Level Offices,Standard Ground Level Offices
40W,Manufacturing,2025,1,131,849,630,15.43,20.79,40' OPEN BAY OFFICE,Ground Level Office - 40' x 8',Large Ground Level Office (320 SF),Offices,Ground Level Offices,Standard Ground Level Offices
40W,Mining & Utilities,2025,4,30,516,341,5.81,8.80,40' OPEN BAY OFFICE,Ground Level Office - 40' x 8',Large Ground Level Office (320 SF),Offices,Ground Level Offices,Standard Ground Level Offices
40W,Manufacturing,2024,3,82,922,552,8.89,14.86,40' OPEN BAY OFFICE,Ground Level Office - 40' x 8',Large Ground Level Office (320 SF),Offices,Ground Level Offices,Standard Ground Level Offices
40W,"Educational, Membership & Religious Organizations",2025,1,16,849,178,1.88,8.99,40' OPEN BAY OFFICE,Ground Level Office - 40' x 8',Large Ground Level Office (320 SF),Offices,Ground Level Offices,Standard Ground Level Offices
40W,Health Care,2026,1,2,811,35,0.25,5.71,40' OPEN BAY OFFICE,Ground Level Office - 40' x 8',Large Ground Level Office (320 SF),Offices,Ground Level Offices,Standard Ground Level Offices
40W,Other,2026,2,1,282,35,0.35,2.86,40' OPEN BAY OFFICE,Ground Level Office - 40' x 8',Large Ground Level Office (320 SF),Offices,Ground Level Offices,Standard Ground Level Offices
40W,Subcontractors,2024,4,76,554,743,13.72,10.23,40' OPEN BAY OFFICE,Ground Level Office - 40' x 8',Large Ground Level Office (320 SF),Offices,Ground Level Offices,Standard Ground Level Offices
40W,Home Builders & Developers,2025,4,48,516,1022,9.30,4.70,40' OPEN BAY OFFICE,Ground Level Office - 40' x 8',Large Ground Level Office (320 SF),Offices,Ground Level Offices,Standard Ground Level Offices
40W,Mining & Utilities,2026,2,23,282,145,8.16,15.86,40' OPEN BAY OFFICE,Ground Level Office - 40' x 8',Large Ground Level Office (320 SF),Offices,Ground Level Offices,Standard Ground Level Offices
40W,Non-Residential & GCs,2026,1,63,811,1084,7.77,5.81,40' OPEN BAY OFFICE,Ground Level Office - 40' x 8',Large Ground Level Office (320 SF),Offices,Ground Level Offices,Standard Ground Level Offices
40W,"Educational, Membership & Religious Organizations",2024,2,26,910,248,2.86,10.48,40' OPEN BAY OFFICE,Ground Level Office - 40' x 8',Large Ground Level Office (320 SF),Offices,Ground Level Offices,Standard Ground Level Offices
40W,Subcontractors,2025,2,80,620,925,12.90,8.65,40' OPEN BAY OFFICE,Ground Level Office - 40' x 8',Large Ground Level Office (320 SF),Offices,Ground Level Offices,Standard Ground Level Offices
40W,Mining & Utilities,2026,1,93,811,615,11.47,15.12,40' OPEN BAY OFFICE,Ground Level Office - 40' x 8',Large Ground Level Office (320 SF),Offices,Ground Level Offices,Standard Ground Level Offices
40W,Mining & Utilities,2025,2,47,620,358,7.58,13.13,40' OPEN BAY OFFICE,Ground Level Office - 40' x 8',Large Ground Level Office (320 SF),Offices,Ground Level Offices,Standard Ground Level Offices
40W,"Educational, Membership & Religious Organizations",2026,2,14,282,127,4.96,11.02,40' OPEN BAY OFFICE,Ground Level Office - 40' x 8',Large Ground Level Office (320 SF),Offices,Ground Level Offices,Standard Ground Level Offices
40W,Engineering & Architecture,2024,3,21,922,202,2.28,10.40,40' OPEN BAY OFFICE,Ground Level Office - 40' x 8',Large Ground Level Office (320 SF),Offices,Ground Level Offices,Standard Ground Level Offices
40W,Professional Services,2025,1,134,849,1459,15.78,9.18,40' OPEN BAY OFFICE,Ground Level Office - 40' x 8',Large Ground Level Office (320 SF),Offices,Ground Level Offices,Standard Ground Level Offices
40W,Highway & Heavy Construction,2024,2,40,910,360,4.40,11.11,40' OPEN BAY OFFICE,Ground Level Office - 40' x 8',Large Ground Level Office (320 SF),Offices,Ground Level Offices,Standard Ground Level Offices
40W,Manufacturing,2024,4,43,554,375,7.76,11.47,40' OPEN BAY OFFICE,Ground Level Office - 40' x 8',Large Ground Level Office (320 SF),Offices,Ground Level Offices,Standard Ground Level Offices
40W,"Arts, Media, Hotels & Entertainment",2025,1,68,849,829,8.01,8.20,40' OPEN BAY OFFICE,Ground Level Office - 40' x 8',Large Ground Level Office (320 SF),Offices,Ground Level Offices,Standard Ground Level Offices
40W,Engineering & Architecture,2024,1,49,912,185,5.37,26.49,40' OPEN BAY OFFICE,Ground Level Office - 40' x 8',Large Ground Level Office (320 SF),Offices,Ground Level Offices,Standard Ground Level Offices
40W,Home Builders & Developers,2024,3,57,922,1231,6.18,4.63,40' OPEN BAY OFFICE,Ground Level Office - 40' x 8',Large Ground Level Office (320 SF),Offices,Ground Level Offices,Standard Ground Level Offices
40W,Mining & Utilities,2024,4,49,554,433,8.84,11.32,40' OPEN BAY OFFICE,Ground Level Office - 40' x 8',Large Ground Level Office (320 SF),Offices,Ground Level Offices,Standard Ground Level Offices
40W,Health Care,2025,4,3,516,23,0.58,13.04,40' OPEN BAY OFFICE,Ground Level Office - 40' x 8',Large Ground Level Office (320 SF),Offices,Ground Level Offices,Standard Ground Level Offices
40W,"Arts, Media, Hotels & Entertainment",2026,1,49,811,655,6.04,7.48,40' OPEN BAY OFFICE,Ground Level Office - 40' x 8',Large Ground Level Office (320 SF),Offices,Ground Level Offices,Standard Ground Level Offices
40W,Health Care,2024,2,4,910,58,0.44,6.90,40' OPEN BAY OFFICE,Ground Level Office - 40' x 8',Large Ground Level Office (320 SF),Offices,Ground Level Offices,Standard Ground Level Offices
40W,,2025,3,12,711,52,1.69,23.08,40' OPEN BAY OFFICE,Ground Level Office - 40' x 8',Large Ground Level Office (320 SF),Offices,Ground Level Offices,Standard Ground Level Offices
40W,Engineering & Architecture,2026,2,13,282,116,4.61,11.21,40' OPEN BAY OFFICE,Ground Level Office - 40' x 8',Large Ground Level Office (320 SF),Offices,Ground Level Offices,Standard Ground Level Offices
40W,Public Administration,2025,4,6,516,104,1.16,5.77,40' OPEN BAY OFFICE,Ground Level Office - 40' x 8',Large Ground Level Office (320 SF),Offices,Ground Level Offices,Standard Ground Level Offices
40W,,2025,1,7,849,53,0.82,13.21,40' OPEN BAY OFFICE,Ground Level Office - 40' x 8',Large Ground Level Office (320 SF),Offices,Ground Level Offices,Standard Ground Level Offices
40W,"Arts, Media, Hotels & Entertainment",2025,2,62,620,854,10.00,7.26,40' OPEN BAY OFFICE,Ground Level Office - 40' x 8',Large Ground Level Office (320 SF),Offices,Ground Level Offices,Standard Ground Level Offices
40W,Retail & Wholesale Trade,2025,3,56,711,438,7.88,12.79,40' OPEN BAY OFFICE,Ground Level Office - 40' x 8',Large Ground Level Office (320 SF),Offices,Ground Level Offices,Standard Ground Level Offices
40W,Public Administration,2026,2,8,282,56,2.84,14.29,40' OPEN BAY OFFICE,Ground Level Office - 40' x 8',Large Ground Level Office (320 SF),Offices,Ground Level Offices,Standard Ground Level Offices
40W,Home Builders & Developers,2026,2,16,282,471,5.67,3.40,40' OPEN BAY OFFICE,Ground Level Office - 40' x 8',Large Ground Level Office (320 SF),Offices,Ground Level Offices,Standard Ground Level Offices
40W,Manufacturing,2026,1,73,811,583,9.00,12.52,40' OPEN BAY OFFICE,Ground Level Office - 40' x 8',Large Ground Level Office (320 SF),Offices,Ground Level Offices,Standard Ground Level Offices
40W,Mining & Utilities,2025,3,68,711,438,9.56,15.53,40' OPEN BAY OFFICE,Ground Level Office - 40' x 8',Large Ground Level Office (320 SF),Offices,Ground Level Offices,Standard Ground Level Offices
40W,Retail & Wholesale Trade,2026,2,27,282,215,9.57,12.56,40' OPEN BAY OFFICE,Ground Level Office - 40' x 8',Large Ground Level Office (320 SF),Offices,Ground Level Offices,Standard Ground Level Offices
40W,Manufacturing,2025,2,60,620,497,9.68,12.07,40' OPEN BAY OFFICE,Ground Level Office - 40' x 8',Large Ground Level Office (320 SF),Offices,Ground Level Offices,Standard Ground Level Offices
40W,Public Administration,2025,2,16,620,137,2.58,11.68,40' OPEN BAY OFFICE,Ground Level Office - 40' x 8',Large Ground Level Office (320 SF),Offices,Ground Level Offices,Standard Ground Level Offices
40W,Home Builders & Developers,2025,2,36,620,1237,5.81,2.91,40' OPEN BAY OFFICE,Ground Level Office - 40' x 8',Large Ground Level Office (320 SF),Offices,Ground Level Offices,Standard Ground Level Offices
40W,Engineering & Architecture,2025,4,20,516,129,3.88,15.50,40' OPEN BAY OFFICE,Ground Level Office - 40' x 8',Large Ground Level Office (320 SF),Offices,Ground Level Offices,Standard Ground Level Offices
40W,"Arts, Media, Hotels & Entertainment",2024,2,105,910,1014,11.54,10.36,40' OPEN BAY OFFICE,Ground Level Office - 40' x 8',Large Ground Level Office (320 SF),Offices,Ground Level Offices,Standard Ground Level Offices
40W,Non-Residential & GCs,2025,3,42,711,1030,5.91,4.08,40' OPEN BAY OFFICE,Ground Level Office - 40' x 8',Large Ground Level Office (320 SF),Offices,Ground Level Offices,Standard Ground Level Offices
40W,Highway & Heavy Construction,2024,3,32,922,315,3.47,10.16,40' OPEN BAY OFFICE,Ground Level Office - 40' x 8',Large Ground Level Office (320 SF),Offices,Ground Level Offices,Standard Ground Level Offices
40W,"Educational, Membership & Religious Organizations",2025,3,16,711,124,2.25,12.90,40' OPEN BAY OFFICE,Ground Level Office - 40' x 8',Large Ground Level Office (320 SF),Offices,Ground Level Offices,Standard Ground Level Offices
40W,Subcontractors,2025,4,65,516,824,12.60,7.89,40' OPEN BAY OFFICE,Ground Level Office - 40' x 8',Large Ground Level Office (320 SF),Offices,Ground Level Offices,Standard Ground Level Offices
40W,Home Builders & Developers,2024,4,53,554,1006,9.57,5.27,40' OPEN BAY OFFICE,Ground Level Office - 40' x 8',Large Ground Level Office (320 SF),Offices,Ground Level Offices,Standard Ground Level Offices
40W,Home Builders & Developers,2025,1,53,849,1185,6.24,4.47,40' OPEN BAY OFFICE,Ground Level Office - 40' x 8',Large Ground Level Office (320 SF),Offices,Ground Level Offices,Standard Ground Level Offices
40W,Non-Residential & GCs,2024,2,107,910,1460,11.76,7.33,40' OPEN BAY OFFICE,Ground Level Office - 40' x 8',Large Ground Level Office (320 SF),Offices,Ground Level Offices,Standard Ground Level Offices
40W,,2025,4,6,516,40,1.16,15.00,40' OPEN BAY OFFICE,Ground Level Office - 40' x 8',Large Ground Level Office (320 SF),Offices,Ground Level Offices,Standard Ground Level Offices
40W,Other,2025,3,5,711,98,0.70,5.10,40' OPEN BAY OFFICE,Ground Level Office - 40' x 8',Large Ground Level Office (320 SF),Offices,Ground Level Offices,Standard Ground Level Offices
40W,Public Administration,2024,1,5,912,96,0.55,5.21,40' OPEN BAY OFFICE,Ground Level Office - 40' x 8',Large Ground Level Office (320 SF),Offices,Ground Level Offices,Standard Ground Level Offices
40W,Mining & Utilities,2025,1,93,849,641,10.95,14.51,40' OPEN BAY OFFICE,Ground Level Office - 40' x 8',Large Ground Level Office (320 SF),Offices,Ground Level Offices,Standard Ground Level Offices
40W,Retail & Wholesale Trade,2024,3,61,922,508,6.62,12.01,40' OPEN BAY OFFICE,Ground Level Office - 40' x 8',Large Ground Level Office (320 SF),Offices,Ground Level Offices,Standard Ground Level Offices
40W,Engineering & Architecture,2024,4,23,554,134,4.15,17.16,40' OPEN BAY OFFICE,Ground Level Office - 40' x 8',Large Ground Level Office (320 SF),Offices,Ground Level Offices,Standard Ground Level Offices
40W,Other,2024,2,16,910,188,1.76,8.51,40' OPEN BAY OFFICE,Ground Level Office - 40' x 8',Large Ground Level Office (320 SF),Offices,Ground Level Offices,Standard Ground Level Offices
40W,Non-Residential & GCs,2025,1,63,849,1032,7.42,6.10,40' OPEN BAY OFFICE,Ground Level Office - 40' x 8',Large Ground Level Office (320 SF),Offices,Ground Level Offices,Standard Ground Level Offices
40W,Public Administration,2024,3,12,922,115,1.30,10.43,40' OPEN BAY OFFICE,Ground Level Office - 40' x 8',Large Ground Level Office (320 SF),Offices,Ground Level Offices,Standard Ground Level Offices
40W,"Arts, Media, Hotels & Entertainment",2026,2,26,282,313,9.22,8.31,40' OPEN BAY OFFICE,Ground Level Office - 40' x 8',Large Ground Level Office (320 SF),Offices,Ground Level Offices,Standard Ground Level Offices
40W,Other,2024,4,3,554,62,0.54,4.84,40' OPEN BAY OFFICE,Ground Level Office - 40' x 8',Large Ground Level Office (320 SF),Offices,Ground Level Offices,Standard Ground Level Offices
40W,Highway & Heavy Construction,2024,4,56,554,280,10.11,20.00,40' OPEN BAY OFFICE,Ground Level Office - 40' x 8',Large Ground Level Office (320 SF),Offices,Ground Level Offices,Standard Ground Level Offices
40W,Engineering & Architecture,2025,1,49,849,217,5.77,22.58,40' OPEN BAY OFFICE,Ground Level Office - 40' x 8',Large Ground Level Office (320 SF),Offices,Ground Level Offices,Standard Ground Level Offices
40W,Non-Residential & GCs,2025,2,68,620,1225,10.97,5.55,40' OPEN BAY OFFICE,Ground Level Office - 40' x 8',Large Ground Level Office (320 SF),Offices,Ground Level Offices,Standard Ground Level Offices
40W,"Arts, Media, Hotels & Entertainment",2025,3,113,711,823,15.89,13.73,40' OPEN BAY OFFICE,Ground Level Office - 40' x 8',Large Ground Level Office (320 SF),Offices,Ground Level Offices,Standard Ground Level Offices
40W,Professional Services,2026,1,266,811,1635,32.80,16.27,40' OPEN BAY OFFICE,Ground Level Office - 40' x 8',Large Ground Level Office (320 SF),Offices,Ground Level Offices,Standard Ground Level Offices
40W,Mining & Utilities,2024,2,48,910,588,5.27,8.16,40' OPEN BAY OFFICE,Ground Level Office - 40' x 8',Large Ground Level Office (320 SF),Offices,Ground Level Offices,Standard Ground Level Offices
40W,Highway & Heavy Construction,2026,1,30,811,300,3.70,10.00,40' OPEN BAY OFFICE,Ground Level Office - 40' x 8',Large Ground Level Office (320 SF),Offices,Ground Level Offices,Standard Ground Level Offices
40W,,2025,2,6,620,51,0.97,11.76,40' OPEN BAY OFFICE,Ground Level Office - 40' x 8',Large Ground Level Office (320 SF),Offices,Ground Level Offices,Standard Ground Level Offices
40W,Public Administration,2025,1,7,849,88,0.82,7.95,40' OPEN BAY OFFICE,Ground Level Office - 40' x 8',Large Ground Level Office (320 SF),Offices,Ground Level Offices,Standard Ground Level Offices
40W,,2024,2,10,910,98,1.10,10.20,40' OPEN BAY OFFICE,Ground Level Office - 40' x 8',Large Ground Level Office (320 SF),Offices,Ground Level Offices,Standard Ground Level Offices
40W,Health Care,2025,1,3,849,36,0.35,8.33,40' OPEN BAY OFFICE,Ground Level Office - 40' x 8',Large Ground Level Office (320 SF),Offices,Ground Level Offices,Standard Ground Level Offices
40W,Manufacturing,2025,3,75,711,477,10.55,15.72,40' OPEN BAY OFFICE,Ground Level Office - 40' x 8',Large Ground Level Office (320 SF),Offices,Ground Level Offices,Standard Ground Level Offices
40W,Home Builders & Developers,2026,1,40,811,1104,4.93,3.62,40' OPEN BAY OFFICE,Ground Level Office - 40' x 8',Large Ground Level Office (320 SF),Offices,Ground Level Offices,Standard Ground Level Offices
40W,Highway & Heavy Construction,2025,4,36,516,254,6.98,14.17,40' OPEN BAY OFFICE,Ground Level Office - 40' x 8',Large Ground Level Office (320 SF),Offices,Ground Level Offices,Standard Ground Level Offices
40W,Manufacturing,2024,2,82,910,507,9.01,16.17,40' OPEN BAY OFFICE,Ground Level Office - 40' x 8',Large Ground Level Office (320 SF),Offices,Ground Level Offices,Standard Ground Level Offices
40W,Non-Residential & GCs,2024,1,83,912,1210,9.10,6.86,40' OPEN BAY OFFICE,Ground Level Office - 40' x 8',Large Ground Level Office (320 SF),Offices,Ground Level Offices,Standard Ground Level Offices
40W,Retail & Wholesale Trade,2024,2,61,910,554,6.70,11.01,40' OPEN BAY OFFICE,Ground Level Office - 40' x 8',Large Ground Level Office (320 SF),Offices,Ground Level Offices,Standard Ground Level Offices
40W,"Educational, Membership & Religious Organizations",2024,3,14,922,178,1.52,7.87,40' OPEN BAY OFFICE,Ground Level Office - 40' x 8',Large Ground Level Office (320 SF),Offices,Ground Level Offices,Standard Ground Level Offices
40W,,2024,1,9,912,59,0.99,15.25,40' OPEN BAY OFFICE,Ground Level Office - 40' x 8',Large Ground Level Office (320 SF),Offices,Ground Level Offices,Standard Ground Level Offices
40W,Health Care,2026,2,3,282,18,1.06,16.67,40' OPEN BAY OFFICE,Ground Level Office - 40' x 8',Large Ground Level Office (320 SF),Offices,Ground Level Offices,Standard Ground Level Offices
40W,,2024,4,1,554,41,0.18,2.44,40' OPEN BAY OFFICE,Ground Level Office - 40' x 8',Large Ground Level Office (320 SF),Offices,Ground Level Offices,Standard Ground Level Offices
40W,Subcontractors,2026,1,82,811,887,10.11,9.24,40' OPEN BAY OFFICE,Ground Level Office - 40' x 8',Large Ground Level Office (320 SF),Offices,Ground Level Offices,Standard Ground Level Offices
40W,Highway & Heavy Construction,2024,1,32,912,363,3.51,8.82,40' OPEN BAY OFFICE,Ground Level Office - 40' x 8',Large Ground Level Office (320 SF),Offices,Ground Level Offices,Standard Ground Level Offices
40W,Professional Services,2024,4,105,554,1077,18.95,9.75,40' OPEN BAY OFFICE,Ground Level Office - 40' x 8',Large Ground Level Office (320 SF),Offices,Ground Level Offices,Standard Ground Level Offices
40W,Subcontractors,2025,1,116,849,925,13.66,12.54,40' OPEN BAY OFFICE,Ground Level Office - 40' x 8',Large Ground Level Office (320 SF),Offices,Ground Level Offices,Standard Ground Level Offices
40W,Non-Residential & GCs,2025,4,61,516,947,11.82,6.44,40' OPEN BAY OFFICE,Ground Level Office - 40' x 8',Large Ground Level Office (320 SF),Offices,Ground Level Offices,Standard Ground Level Offices
40W,Engineering & Architecture,2025,2,9,620,164,1.45,5.49,40' OPEN BAY OFFICE,Ground Level Office - 40' x 8',Large Ground Level Office (320 SF),Offices,Ground Level Offices,Standard Ground Level Offices
40W,"Educational, Membership & Religious Organizations",2025,2,16,620,210,2.58,7.62,40' OPEN BAY OFFICE,Ground Level Office - 40' x 8',Large Ground Level Office (320 SF),Offices,Ground Level Offices,Standard Ground Level Offices
40W,,2026,1,4,811,54,0.49,7.41,40' OPEN BAY OFFICE,Ground Level Office - 40' x 8',Large Ground Level Office (320 SF),Offices,Ground Level Offices,Standard Ground Level Offices
40W,Highway & Heavy Construction,2026,2,13,282,153,4.61,8.50,40' OPEN BAY OFFICE,Ground Level Office - 40' x 8',Large Ground Level Office (320 SF),Offices,Ground Level Offices,Standard Ground Level Offices
40W,"Educational, Membership & Religious Organizations",2026,1,5,811,183,0.62,2.73,40' OPEN BAY OFFICE,Ground Level Office - 40' x 8',Large Ground Level Office (320 SF),Offices,Ground Level Offices,Standard Ground Level Offices
40W,"Arts, Media, Hotels & Entertainment",2024,4,24,554,312,4.33,7.69,40' OPEN BAY OFFICE,Ground Level Office - 40' x 8',Large Ground Level Office (320 SF),Offices,Ground Level Offices,Standard Ground Level Offices
40W,Retail & Wholesale Trade,2026,1,70,811,492,8.63,14.23,40' OPEN BAY OFFICE,Ground Level Office - 40' x 8',Large Ground Level Office (320 SF),Offices,Ground Level Offices,Standard Ground Level Offices
40W,Professional Services,2025,2,110,620,1340,17.74,8.21,40' OPEN BAY OFFICE,Ground Level Office - 40' x 8',Large Ground Level Office (320 SF),Offices,Ground Level Offices,Standard Ground Level Offices
40W,Non-Residential & GCs,2024,4,64,554,979,11.55,6.54,40' OPEN BAY OFFICE,Ground Level Office - 40' x 8',Large Ground Level Office (320 SF),Offices,Ground Level Offices,Standard Ground Level Offices
40W,Public Administration,2024,2,12,910,127,1.32,9.45,40' OPEN BAY OFFICE,Ground Level Office - 40' x 8',Large Ground Level Office (320 SF),Offices,Ground Level Offices,Standard Ground Level Offices
40W,"Educational, Membership & Religious Organizations",2024,4,7,554,160,1.26,4.38,40' OPEN BAY OFFICE,Ground Level Office - 40' x 8',Large Ground Level Office (320 SF),Offices,Ground Level Offices,Standard Ground Level Offices
40W,Non-Residential & GCs,2026,2,25,282,450,8.87,5.56,40' OPEN BAY OFFICE,Ground Level Office - 40' x 8',Large Ground Level Office (320 SF),Offices,Ground Level Offices,Standard Ground Level Offices
40W,Engineering & Architecture,2024,2,18,910,196,1.98,9.18,40' OPEN BAY OFFICE,Ground Level Office - 40' x 8',Large Ground Level Office (320 SF),Offices,Ground Level Offices,Standard Ground Level Offices
40W,Non-Residential & GCs,2024,3,115,922,1153,12.47,9.97,40' OPEN BAY OFFICE,Ground Level Office - 40' x 8',Large Ground Level Office (320 SF),Offices,Ground Level Offices,Standard Ground Level Offices
40W,Health Care,2024,3,4,922,46,0.43,8.70,40' OPEN BAY OFFICE,Ground Level Office - 40' x 8',Large Ground Level Office (320 SF),Offices,Ground Level Offices,Standard Ground Level Offices
40W,Professional Services,2024,2,199,910,1628,21.87,12.22,40' OPEN BAY OFFICE,Ground Level Office - 40' x 8',Large Ground Level Office (320 SF),Offices,Ground Level Offices,Standard Ground Level Offices
40W,"Arts, Media, Hotels & Entertainment",2025,4,22,516,258,4.26,8.53,40' OPEN BAY OFFICE,Ground Level Office - 40' x 8',Large Ground Level Office (320 SF),Offices,Ground Level Offices,Standard Ground Level Offices
40W,Highway & Heavy Construction,2025,3,32,711,282,4.50,11.35,40' OPEN BAY OFFICE,Ground Level Office - 40' x 8',Large Ground Level Office (320 SF),Offices,Ground Level Offices,Standard Ground Level Offices
40W,Engineering & Architecture,2025,3,10,711,155,1.41,6.45,40' OPEN BAY OFFICE,Ground Level Office - 40' x 8',Large Ground Level Office (320 SF),Offices,Ground Level Offices,Standard Ground Level Offices
40W,Other,2024,3,9,922,151,0.98,5.96,40' OPEN BAY OFFICE,Ground Level Office - 40' x 8',Large Ground Level Office (320 SF),Offices,Ground Level Offices,Standard Ground Level Offices
40W,,2026,2,4,282,17,1.42,23.53,40' OPEN BAY OFFICE,Ground Level Office - 40' x 8',Large Ground Level Office (320 SF),Offices,Ground Level Offices,Standard Ground Level Offices
40W,Public Administration,2026,1,10,811,123,1.23,8.13,40' OPEN BAY OFFICE,Ground Level Office - 40' x 8',Large Ground Level Office (320 SF),Offices,Ground Level Offices,Standard Ground Level Offices
40W,Health Care,2024,4,3,554,25,0.54,12.00,40' OPEN BAY OFFICE,Ground Level Office - 40' x 8',Large Ground Level Office (320 SF),Offices,Ground Level Offices,Standard Ground Level Offices
40W,Subcontractors,2025,3,84,711,943,11.81,8.91,40' OPEN BAY OFFICE,Ground Level Office - 40' x 8',Large Ground Level Office (320 SF),Offices,Ground Level Offices,Standard Ground Level Offices
40W,"Arts, Media, Hotels & Entertainment",2024,3,173,922,1158,18.76,14.94,40' OPEN BAY OFFICE,Ground Level Office - 40' x 8',Large Ground Level Office (320 SF),Offices,Ground Level Offices,Standard Ground Level Offices
40W,Retail & Wholesale Trade,2024,1,100,912,614,10.96,16.29,40' OPEN BAY OFFICE,Ground Level Office - 40' x 8',Large Ground Level Office (320 SF),Offices,Ground Level Offices,Standard Ground Level Offices
40W,Retail & Wholesale Trade,2024,4,41,554,389,7.40,10.54,40' OPEN BAY OFFICE,Ground Level Office - 40' x 8',Large Ground Level Office (320 SF),Offices,Ground Level Offices,Standard Ground Level Offices
40W,Professional Services,2025,3,121,711,1275,17.02,9.49,40' OPEN BAY OFFICE,Ground Level Office - 40' x 8',Large Ground Level Office (320 SF),Offices,Ground Level Offices,Standard Ground Level Offices
40W,Retail & Wholesale Trade,2025,1,85,849,514,10.01,16.54,40' OPEN BAY OFFICE,Ground Level Office - 40' x 8',Large Ground Level Office (320 SF),Offices,Ground Level Offices,Standard Ground Level Offices
40W,Home Builders & Developers,2024,1,56,912,1228,6.14,4.56,40' OPEN BAY OFFICE,Ground Level Office - 40' x 8',Large Ground Level Office (320 SF),Offices,Ground Level Offices,Standard Ground Level Offices
40W,,2024,3,5,922,62,0.54,8.06,40' OPEN BAY OFFICE,Ground Level Office - 40' x 8',Large Ground Level Office (320 SF),Offices,Ground Level Offices,Standard Ground Level Offices
40W,Other,2025,1,7,849,94,0.82,7.45,40' OPEN BAY OFFICE,Ground Level Office - 40' x 8',Large Ground Level Office (320 SF),Offices,Ground Level Offices,Standard Ground Level Offices
40W,Professional Services,2024,1,183,912,1538,20.07,11.90,40' OPEN BAY OFFICE,Ground Level Office - 40' x 8',Large Ground Level Office (320 SF),Offices,Ground Level Offices,Standard Ground Level Offices
40W,Manufacturing,2025,4,53,516,339,10.27,15.63,40' OPEN BAY OFFICE,Ground Level Office - 40' x 8',Large Ground Level Office (320 SF),Offices,Ground Level Offices,Standard Ground Level Offices
40W,Professional Services,2025,4,89,516,954,17.25,9.33,40' OPEN BAY OFFICE,Ground Level Office - 40' x 8',Large Ground Level Office (320 SF),Offices,Ground Level Offices,Standard Ground Level Offices
40W,Home Builders & Developers,2024,2,73,910,1349,8.02,5.41,40' OPEN BAY OFFICE,Ground Level Office - 40' x 8',Large Ground Level Office (320 SF),Offices,Ground Level Offices,Standard Ground Level Offices
40W,Engineering & Architecture,2026,1,21,811,151,2.59,13.91,40' OPEN BAY OFFICE,Ground Level Office - 40' x 8',Large Ground Level Office (320 SF),Offices,Ground Level Offices,Standard Ground Level Offices
40W,Home Builders & Developers,2025,3,62,711,1104,8.72,5.62,40' OPEN BAY OFFICE,Ground Level Office - 40' x 8',Large Ground Level Office (320 SF),Offices,Ground Level Offices,Standard Ground Level Offices
40W,Public Administration,2025,3,13,711,105,1.83,12.38,40' OPEN BAY OFFICE,Ground Level Office - 40' x 8',Large Ground Level Office (320 SF),Offices,Ground Level Offices,Standard Ground Level Offices
40W,Professional Services,2026,2,59,282,574,20.92,10.28,40' OPEN BAY OFFICE,Ground Level Office - 40' x 8',Large Ground Level Office (320 SF),Offices,Ground Level Offices,Standard Ground Level Offices
40W,Subcontractors,2024,2,109,910,1051,11.98,10.37,40' OPEN BAY OFFICE,Ground Level Office - 40' x 8',Large Ground Level Office (320 SF),Offices,Ground Level Offices,Standard Ground Level Offices
40W,Mining & Utilities,2024,1,63,912,732,6.91,8.61,40' OPEN BAY OFFICE,Ground Level Office - 40' x 8',Large Ground Level Office (320 SF),Offices,Ground Level Offices,Standard Ground Level Offices
40W,Subcontractors,2024,3,107,922,980,11.61,10.92,40' OPEN BAY OFFICE,Ground Level Office - 40' x 8',Large Ground Level Office (320 SF),Offices,Ground Level Offices,Standard Ground Level Offices
40W,Other,2025,2,20,620,176,3.23,11.36,40' OPEN BAY OFFICE,Ground Level Office - 40' x 8',Large Ground Level Office (320 SF),Offices,Ground Level Offices,Standard Ground Level Offices
40W,Highway & Heavy Construction,2025,1,17,849,286,2.00,5.94,40' OPEN BAY OFFICE,Ground Level Office - 40' x 8',Large Ground Level Office (320 SF),Offices,Ground Level Offices,Standard Ground Level Offices
40W,Highway & Heavy Construction,2025,2,28,620,285,4.52,9.82,40' OPEN BAY OFFICE,Ground Level Office - 40' x 8',Large Ground Level Office (320 SF),Offices,Ground Level Offices,Standard Ground Level Offices
40W,"Arts, Media, Hotels & Entertainment",2024,1,87,912,898,9.54,9.69,40' OPEN BAY OFFICE,Ground Level Office - 40' x 8',Large Ground Level Office (320 SF),Offices,Ground Level Offices,Standard Ground Level Offices
40W,Subcontractors,2024,1,128,912,1039,14.04,12.32,40' OPEN BAY OFFICE,Ground Level Office - 40' x 8',Large Ground Level Office (320 SF),Offices,Ground Level Offices,Standard Ground Level Offices
40W,Subcontractors,2026,2,35,282,353,12.41,9.92,40' OPEN BAY OFFICE,Ground Level Office - 40' x 8',Large Ground Level Office (320 SF),Offices,Ground Level Offices,Standard Ground Level Offices
40W,"Educational, Membership & Religious Organizations",2025,4,4,516,176,0.78,2.27,40' OPEN BAY OFFICE,Ground Level Office - 40' x 8',Large Ground Level Office (320 SF),Offices,Ground Level Offices,Standard Ground Level Offices
40W,Manufacturing,2026,2,15,282,184,5.32,8.15,40' OPEN BAY OFFICE,Ground Level Office - 40' x 8',Large Ground Level Office (320 SF),Offices,Ground Level Offices,Standard Ground Level Offices
40W,Other,2024,1,19,912,247,2.08,7.69,40' OPEN BAY OFFICE,Ground Level Office - 40' x 8',Large Ground Level Office (320 SF),Offices,Ground Level Offices,Standard Ground Level Offices
40W,Public Administration,2024,4,6,554,108,1.08,5.56,40' OPEN BAY OFFICE,Ground Level Office - 40' x 8',Large Ground Level Office (320 SF),Offices,Ground Level Offices,Standard Ground Level Offices
40W,Health Care,2024,1,1,912,24,0.11,4.17,40' OPEN BAY OFFICE,Ground Level Office - 40' x 8',Large Ground Level Office (320 SF),Offices,Ground Level Offices,Standard Ground Level Offices
40W,Professional Services,2024,3,150,922,1511,16.27,9.93,40' OPEN BAY OFFICE,Ground Level Office - 40' x 8',Large Ground Level Office (320 SF),Offices,Ground Level Offices,Standard Ground Level Offices
40W,Manufacturing,2024,1,71,912,537,7.79,13.22,40' OPEN BAY OFFICE,Ground Level Office - 40' x 8',Large Ground Level Office (320 SF),Offices,Ground Level Offices,Standard Ground Level Offices
40W,Retail & Wholesale Trade,2025,4,69,516,422,13.37,16.35,40' OPEN BAY OFFICE,Ground Level Office - 40' x 8',Large Ground Level Office (320 SF),Offices,Ground Level Offices,Standard Ground Level Offices
40W,"Educational, Membership & Religious Organizations",2024,1,26,912,265,2.85,9.81,40' OPEN BAY OFFICE,Ground Level Office - 40' x 8',Large Ground Level Office (320 SF),Offices,Ground Level Offices,Standard Ground Level Offices
40W,Other,2026,1,3,811,73,0.37,4.11,40' OPEN BAY OFFICE,Ground Level Office - 40' x 8',Large Ground Level Office (320 SF),Offices,Ground Level Offices,Standard Ground Level Offices
40W,Other,2025,4,4,516,82,0.78,4.88,40' OPEN BAY OFFICE,Ground Level Office - 40' x 8',Large Ground Level Office (320 SF),Offices,Ground Level Offices,Standard Ground Level Offices
40W,Health Care,2025,3,2,711,44,0.28,4.55,40' OPEN BAY OFFICE,Ground Level Office - 40' x 8',Large Ground Level Office (320 SF),Offices,Ground Level Offices,Standard Ground Level Offices
40W,Health Care,2025,2,2,620,49,0.32,4.08,40' OPEN BAY OFFICE,Ground Level Office - 40' x 8',Large Ground Level Office (320 SF),Offices,Ground Level Offices,Standard Ground Level Offices
25W,Other,2025,2,1,231,176,0.43,0.57,25' OPEN BAY OFFICE,Ground Level Office - 25' x 10',Medium Size Ground Level Office (250 SF),Offices,Ground Level Offices,Standard Ground Level Offices
25W,"Arts, Media, Hotels & Entertainment",2025,4,12,213,258,5.63,4.65,25' OPEN BAY OFFICE,Ground Level Office - 25' x 10',Medium Size Ground Level Office (250 SF),Offices,Ground Level Offices,Standard Ground Level Offices
25W,Other,2024,2,9,270,188,3.33,4.79,25' OPEN BAY OFFICE,Ground Level Office - 25' x 10',Medium Size Ground Level Office (250 SF),Offices,Ground Level Offices,Standard Ground Level Offices
25W,Professional Services,2026,2,12,89,574,13.48,2.09,25' OPEN BAY OFFICE,Ground Level Office - 25' x 10',Medium Size Ground Level Office (250 SF),Offices,Ground Level Offices,Standard Ground Level Offices
25W,Public Administration,2025,1,3,259,88,1.16,3.41,25' OPEN BAY OFFICE,Ground Level Office - 25' x 10',Medium Size Ground Level Office (250 SF),Offices,Ground Level Offices,Standard Ground Level Offices
25W,Health Care,2024,2,2,270,58,0.74,3.45,25' OPEN BAY OFFICE,Ground Level Office - 25' x 10',Medium Size Ground Level Office (250 SF),Offices,Ground Level Offices,Standard Ground Level Offices
25W,,2024,4,1,195,41,0.51,2.44,25' OPEN BAY OFFICE,Ground Level Office - 25' x 10',Medium Size Ground Level Office (250 SF),Offices,Ground Level Offices,Standard Ground Level Offices
25W,Retail & Wholesale Trade,2024,1,24,296,614,8.11,3.91,25' OPEN BAY OFFICE,Ground Level Office - 25' x 10',Medium Size Ground Level Office (250 SF),Offices,Ground Level Offices,Standard Ground Level Offices
25W,Mining & Utilities,2024,4,15,195,433,7.69,3.46,25' OPEN BAY OFFICE,Ground Level Office - 25' x 10',Medium Size Ground Level Office (250 SF),Offices,Ground Level Offices,Standard Ground Level Offices
25W,Highway & Heavy Construction,2024,2,16,270,360,5.93,4.44,25' OPEN BAY OFFICE,Ground Level Office - 25' x 10',Medium Size Ground Level Office (250 SF),Offices,Ground Level Offices,Standard Ground Level Offices
25W,Mining & Utilities,2025,2,10,231,358,4.33,2.79,25' OPEN BAY OFFICE,Ground Level Office - 25' x 10',Medium Size Ground Level Office (250 SF),Offices,Ground Level Offices,Standard Ground Level Offices
25W,"Educational, Membership & Religious Organizations",2025,1,1,259,178,0.39,0.56,25' OPEN BAY OFFICE,Ground Level Office - 25' x 10',Medium Size Ground Level Office (250 SF),Offices,Ground Level Offices,Standard Ground Level Offices
25W,Professional Services,2025,4,37,213,954,17.37,3.88,25' OPEN BAY OFFICE,Ground Level Office - 25' x 10',Medium Size Ground Level Office (250 SF),Offices,Ground Level Offices,Standard Ground Level Offices
25W,Professional Services,2024,4,32,195,1077,16.41,2.97,25' OPEN BAY OFFICE,Ground Level Office - 25' x 10',Medium Size Ground Level Office (250 SF),Offices,Ground Level Offices,Standard Ground Level Offices
25W,Subcontractors,2024,3,22,343,980,6.41,2.24,25' OPEN BAY OFFICE,Ground Level Office - 25' x 10',Medium Size Ground Level Office (250 SF),Offices,Ground Level Offices,Standard Ground Level Offices
25W,Professional Services,2025,3,34,241,1275,14.11,2.67,25' OPEN BAY OFFICE,Ground Level Office - 25' x 10',Medium Size Ground Level Office (250 SF),Offices,Ground Level Offices,Standard Ground Level Offices
25W,Home Builders & Developers,2026,2,23,89,471,25.84,4.88,25' OPEN BAY OFFICE,Ground Level Office - 25' x 10',Medium Size Ground Level Office (250 SF),Offices,Ground Level Offices,Standard Ground Level Offices
25W,Health Care,2025,1,2,259,36,0.77,5.56,25' OPEN BAY OFFICE,Ground Level Office - 25' x 10',Medium Size Ground Level Office (250 SF),Offices,Ground Level Offices,Standard Ground Level Offices
25W,,2025,2,2,231,51,0.87,3.92,25' OPEN BAY OFFICE,Ground Level Office - 25' x 10',Medium Size Ground Level Office (250 SF),Offices,Ground Level Offices,Standard Ground Level Offices
25W,Health Care,2024,4,2,195,25,1.03,8.00,25' OPEN BAY OFFICE,Ground Level Office - 25' x 10',Medium Size Ground Level Office (250 SF),Offices,Ground Level Offices,Standard Ground Level Offices
25W,,2025,1,1,259,53,0.39,1.89,25' OPEN BAY OFFICE,Ground Level Office - 25' x 10',Medium Size Ground Level Office (250 SF),Offices,Ground Level Offices,Standard Ground Level Offices
25W,Manufacturing,2024,2,19,270,507,7.04,3.75,25' OPEN BAY OFFICE,Ground Level Office - 25' x 10',Medium Size Ground Level Office (250 SF),Offices,Ground Level Offices,Standard Ground Level Offices
25W,Subcontractors,2024,2,34,270,1051,12.59,3.24,25' OPEN BAY OFFICE,Ground Level Office - 25' x 10',Medium Size Ground Level Office (250 SF),Offices,Ground Level Offices,Standard Ground Level Offices
25W,Engineering & Architecture,2024,3,11,343,202,3.21,5.45,25' OPEN BAY OFFICE,Ground Level Office - 25' x 10',Medium Size Ground Level Office (250 SF),Offices,Ground Level Offices,Standard Ground Level Offices
25W,Retail & Wholesale Trade,2026,1,23,227,492,10.13,4.67,25' OPEN BAY OFFICE,Ground Level Office - 25' x 10',Medium Size Ground Level Office (250 SF),Offices,Ground Level Offices,Standard Ground Level Offices
25W,Other,2025,3,3,241,98,1.24,3.06,25' OPEN BAY OFFICE,Ground Level Office - 25' x 10',Medium Size Ground Level Office (250 SF),Offices,Ground Level Offices,Standard Ground Level Offices
25W,Health Care,2025,4,1,213,23,0.47,4.35,25' OPEN BAY OFFICE,Ground Level Office - 25' x 10',Medium Size Ground Level Office (250 SF),Offices,Ground Level Offices,Standard Ground Level Offices
25W,Professional Services,2025,1,59,259,1459,22.78,4.04,25' OPEN BAY OFFICE,Ground Level Office - 25' x 10',Medium Size Ground Level Office (250 SF),Offices,Ground Level Offices,Standard Ground Level Offices
25W,"Arts, Media, Hotels & Entertainment",2025,3,24,241,823,9.96,2.92,25' OPEN BAY OFFICE,Ground Level Office - 25' x 10',Medium Size Ground Level Office (250 SF),Offices,Ground Level Offices,Standard Ground Level Offices
25W,Manufacturing,2024,4,10,195,375,5.13,2.67,25' OPEN BAY OFFICE,Ground Level Office - 25' x 10',Medium Size Ground Level Office (250 SF),Offices,Ground Level Offices,Standard Ground Level Offices
25W,Non-Residential & GCs,2026,1,25,227,1084,11.01,2.31,25' OPEN BAY OFFICE,Ground Level Office - 25' x 10',Medium Size Ground Level Office (250 SF),Offices,Ground Level Offices,Standard Ground Level Offices
25W,Professional Services,2026,1,37,227,1635,16.30,2.26,25' OPEN BAY OFFICE,Ground Level Office - 25' x 10',Medium Size Ground Level Office (250 SF),Offices,Ground Level Offices,Standard Ground Level Offices
25W,"Educational, Membership & Religious Organizations",2025,3,4,241,124,1.66,3.23,25' OPEN BAY OFFICE,Ground Level Office - 25' x 10',Medium Size Ground Level Office (250 SF),Offices,Ground Level Offices,Standard Ground Level Offices
25W,Manufacturing,2026,2,3,89,184,3.37,1.63,25' OPEN BAY OFFICE,Ground Level Office - 25' x 10',Medium Size Ground Level Office (250 SF),Offices,Ground Level Offices,Standard Ground Level Offices
25W,Other,2026,2,1,89,35,1.12,2.86,25' OPEN BAY OFFICE,Ground Level Office - 25' x 10',Medium Size Ground Level Office (250 SF),Offices,Ground Level Offices,Standard Ground Level Offices
25W,Subcontractors,2025,1,36,259,925,13.90,3.89,25' OPEN BAY OFFICE,Ground Level Office - 25' x 10',Medium Size Ground Level Office (250 SF),Offices,Ground Level Offices,Standard Ground Level Offices
25W,"Arts, Media, Hotels & Entertainment",2024,3,22,343,1158,6.41,1.90,25' OPEN BAY OFFICE,Ground Level Office - 25' x 10',Medium Size Ground Level Office (250 SF),Offices,Ground Level Offices,Standard Ground Level Offices
25W,Retail & Wholesale Trade,2025,4,15,213,422,7.04,3.55,25' OPEN BAY OFFICE,Ground Level Office - 25' x 10',Medium Size Ground Level Office (250 SF),Offices,Ground Level Offices,Standard Ground Level Offices
25W,Highway & Heavy Construction,2024,1,18,296,363,6.08,4.96,25' OPEN BAY OFFICE,Ground Level Office - 25' x 10',Medium Size Ground Level Office (250 SF),Offices,Ground Level Offices,Standard Ground Level Offices
25W,"Educational, Membership & Religious Organizations",2024,3,5,343,178,1.46,2.81,25' OPEN BAY OFFICE,Ground Level Office - 25' x 10',Medium Size Ground Level Office (250 SF),Offices,Ground Level Offices,Standard Ground Level Offices
25W,Mining & Utilities,2024,2,12,270,588,4.44,2.04,25' OPEN BAY OFFICE,Ground Level Office - 25' x 10',Medium Size Ground Level Office (250 SF),Offices,Ground Level Offices,Standard Ground Level Offices
25W,Engineering & Architecture,2026,2,6,89,116,6.74,5.17,25' OPEN BAY OFFICE,Ground Level Office - 25' x 10',Medium Size Ground Level Office (250 SF),Offices,Ground Level Offices,Standard Ground Level Offices
25W,Manufacturing,2025,1,26,259,630,10.04,4.13,25' OPEN BAY OFFICE,Ground Level Office - 25' x 10',Medium Size Ground Level Office (250 SF),Offices,Ground Level Offices,Standard Ground Level Offices
25W,Mining & Utilities,2026,1,16,227,615,7.05,2.60,25' OPEN BAY OFFICE,Ground Level Office - 25' x 10',Medium Size Ground Level Office (250 SF),Offices,Ground Level Offices,Standard Ground Level Offices
25W,Home Builders & Developers,2025,1,52,259,1185,20.08,4.39,25' OPEN BAY OFFICE,Ground Level Office - 25' x 10',Medium Size Ground Level Office (250 SF),Offices,Ground Level Offices,Standard Ground Level Offices
25W,Subcontractors,2024,1,40,296,1039,13.51,3.85,25' OPEN BAY OFFICE,Ground Level Office - 25' x 10',Medium Size Ground Level Office (250 SF),Offices,Ground Level Offices,Standard Ground Level Offices
25W,Engineering & Architecture,2026,1,12,227,151,5.29,7.95,25' OPEN BAY OFFICE,Ground Level Office - 25' x 10',Medium Size Ground Level Office (250 SF),Offices,Ground Level Offices,Standard Ground Level Offices
25W,Manufacturing,2025,3,17,241,477,7.05,3.56,25' OPEN BAY OFFICE,Ground Level Office - 25' x 10',Medium Size Ground Level Office (250 SF),Offices,Ground Level Offices,Standard Ground Level Offices
25W,Retail & Wholesale Trade,2024,4,18,195,389,9.23,4.63,25' OPEN BAY OFFICE,Ground Level Office - 25' x 10',Medium Size Ground Level Office (250 SF),Offices,Ground Level Offices,Standard Ground Level Offices
25W,"Arts, Media, Hotels & Entertainment",2026,2,11,89,313,12.36,3.51,25' OPEN BAY OFFICE,Ground Level Office - 25' x 10',Medium Size Ground Level Office (250 SF),Offices,Ground Level Offices,Standard Ground Level Offices
25W,Other,2024,1,5,296,247,1.69,2.02,25' OPEN BAY OFFICE,Ground Level Office - 25' x 10',Medium Size Ground Level Office (250 SF),Offices,Ground Level Offices,Standard Ground Level Offices
25W,Public Administration,2026,1,4,227,123,1.76,3.25,25' OPEN BAY OFFICE,Ground Level Office - 25' x 10',Medium Size Ground Level Office (250 SF),Offices,Ground Level Offices,Standard Ground Level Offices
25W,Health Care,2025,3,2,241,44,0.83,4.55,25' OPEN BAY OFFICE,Ground Level Office - 25' x 10',Medium Size Ground Level Office (250 SF),Offices,Ground Level Offices,Standard Ground Level Offices
25W,Other,2025,4,1,213,82,0.47,1.22,25' OPEN BAY OFFICE,Ground Level Office - 25' x 10',Medium Size Ground Level Office (250 SF),Offices,Ground Level Offices,Standard Ground Level Offices
25W,Manufacturing,2025,4,31,213,339,14.55,9.14,25' OPEN BAY OFFICE,Ground Level Office - 25' x 10',Medium Size Ground Level Office (250 SF),Offices,Ground Level Offices,Standard Ground Level Offices
25W,Professional Services,2024,1,66,296,1538,22.30,4.29,25' OPEN BAY OFFICE,Ground Level Office - 25' x 10',Medium Size Ground Level Office (250 SF),Offices,Ground Level Offices,Standard Ground Level Offices
25W,Non-Residential & GCs,2025,3,31,241,1030,12.86,3.01,25' OPEN BAY OFFICE,Ground Level Office - 25' x 10',Medium Size Ground Level Office (250 SF),Offices,Ground Level Offices,Standard Ground Level Offices
25W,Retail & Wholesale Trade,2025,3,13,241,438,5.39,2.97,25' OPEN BAY OFFICE,Ground Level Office - 25' x 10',Medium Size Ground Level Office (250 SF),Offices,Ground Level Offices,Standard Ground Level Offices
25W,Manufacturing,2024,1,24,296,537,8.11,4.47,25' OPEN BAY OFFICE,Ground Level Office - 25' x 10',Medium Size Ground Level Office (250 SF),Offices,Ground Level Offices,Standard Ground Level Offices
25W,Home Builders & Developers,2024,1,52,296,1228,17.57,4.23,25' OPEN BAY OFFICE,Ground Level Office - 25' x 10',Medium Size Ground Level Office (250 SF),Offices,Ground Level Offices,Standard Ground Level Offices
25W,Mining & Utilities,2025,1,17,259,641,6.56,2.65,25' OPEN BAY OFFICE,Ground Level Office - 25' x 10',Medium Size Ground Level Office (250 SF),Offices,Ground Level Offices,Standard Ground Level Offices
25W,Public Administration,2025,3,6,241,105,2.49,5.71,25' OPEN BAY OFFICE,Ground Level Office - 25' x 10',Medium Size Ground Level Office (250 SF),Offices,Ground Level Offices,Standard Ground Level Offices
25W,Public Administration,2025,4,8,213,104,3.76,7.69,25' OPEN BAY OFFICE,Ground Level Office - 25' x 10',Medium Size Ground Level Office (250 SF),Offices,Ground Level Offices,Standard Ground Level Offices
25W,Engineering & Architecture,2025,2,6,231,164,2.60,3.66,25' OPEN BAY OFFICE,Ground Level Office - 25' x 10',Medium Size Ground Level Office (250 SF),Offices,Ground Level Offices,Standard Ground Level Offices
25W,Health Care,2026,2,2,89,18,2.25,11.11,25' OPEN BAY OFFICE,Ground Level Office - 25' x 10',Medium Size Ground Level Office (250 SF),Offices,Ground Level Offices,Standard Ground Level Offices
25W,Retail & Wholesale Trade,2024,3,16,343,508,4.66,3.15,25' OPEN BAY OFFICE,Ground Level Office - 25' x 10',Medium Size Ground Level Office (250 SF),Offices,Ground Level Offices,Standard Ground Level Offices
25W,Other,2024,3,5,343,151,1.46,3.31,25' OPEN BAY OFFICE,Ground Level Office - 25' x 10',Medium Size Ground Level Office (250 SF),Offices,Ground Level Offices,Standard Ground Level Offices
25W,Home Builders & Developers,2025,4,30,213,1022,14.08,2.94,25' OPEN BAY OFFICE,Ground Level Office - 25' x 10',Medium Size Ground Level Office (250 SF),Offices,Ground Level Offices,Standard Ground Level Offices
25W,Engineering & Architecture,2025,1,8,259,217,3.09,3.69,25' OPEN BAY OFFICE,Ground Level Office - 25' x 10',Medium Size Ground Level Office (250 SF),Offices,Ground Level Offices,Standard Ground Level Offices
25W,Non-Residential & GCs,2026,2,8,89,450,8.99,1.78,25' OPEN BAY OFFICE,Ground Level Office - 25' x 10',Medium Size Ground Level Office (250 SF),Offices,Ground Level Offices,Standard Ground Level Offices
25W,Mining & Utilities,2026,2,2,89,145,2.25,1.38,25' OPEN BAY OFFICE,Ground Level Office - 25' x 10',Medium Size Ground Level Office (250 SF),Offices,Ground Level Offices,Standard Ground Level Offices
25W,Highway & Heavy Construction,2025,2,5,231,285,2.16,1.75,25' OPEN BAY OFFICE,Ground Level Office - 25' x 10',Medium Size Ground Level Office (250 SF),Offices,Ground Level Offices,Standard Ground Level Offices
25W,Public Administration,2024,4,1,195,108,0.51,0.93,25' OPEN BAY OFFICE,Ground Level Office - 25' x 10',Medium Size Ground Level Office (250 SF),Offices,Ground Level Offices,Standard Ground Level Offices
25W,Subcontractors,2025,4,26,213,824,12.21,3.16,25' OPEN BAY OFFICE,Ground Level Office - 25' x 10',Medium Size Ground Level Office (250 SF),Offices,Ground Level Offices,Standard Ground Level Offices
25W,Home Builders & Developers,2024,2,71,270,1349,26.30,5.26,25' OPEN BAY OFFICE,Ground Level Office - 25' x 10',Medium Size Ground Level Office (250 SF),Offices,Ground Level Offices,Standard Ground Level Offices
25W,Mining & Utilities,2025,3,26,241,438,10.79,5.94,25' OPEN BAY OFFICE,Ground Level Office - 25' x 10',Medium Size Ground Level Office (250 SF),Offices,Ground Level Offices,Standard Ground Level Offices
25W,Subcontractors,2025,2,28,231,925,12.12,3.03,25' OPEN BAY OFFICE,Ground Level Office - 25' x 10',Medium Size Ground Level Office (250 SF),Offices,Ground Level Offices,Standard Ground Level Offices
25W,Retail & Wholesale Trade,2025,2,29,231,462,12.55,6.28,25' OPEN BAY OFFICE,Ground Level Office - 25' x 10',Medium Size Ground Level Office (250 SF),Offices,Ground Level Offices,Standard Ground Level Offices
25W,Highway & Heavy Construction,2025,1,7,259,286,2.70,2.45,25' OPEN BAY OFFICE,Ground Level Office - 25' x 10',Medium Size Ground Level Office (250 SF),Offices,Ground Level Offices,Standard Ground Level Offices
25W,Retail & Wholesale Trade,2024,2,13,270,554,4.81,2.35,25' OPEN BAY OFFICE,Ground Level Office - 25' x 10',Medium Size Ground Level Office (250 SF),Offices,Ground Level Offices,Standard Ground Level Offices
25W,Engineering & Architecture,2024,4,5,195,134,2.56,3.73,25' OPEN BAY OFFICE,Ground Level Office - 25' x 10',Medium Size Ground Level Office (250 SF),Offices,Ground Level Offices,Standard Ground Level Offices
25W,"Educational, Membership & Religious Organizations",2025,2,1,231,210,0.43,0.48,25' OPEN BAY OFFICE,Ground Level Office - 25' x 10',Medium Size Ground Level Office (250 SF),Offices,Ground Level Offices,Standard Ground Level Offices
25W,Non-Residential & GCs,2024,1,36,296,1210,12.16,2.98,25' OPEN BAY OFFICE,Ground Level Office - 25' x 10',Medium Size Ground Level Office (250 SF),Offices,Ground Level Offices,Standard Ground Level Offices
25W,Home Builders & Developers,2024,3,50,343,1231,14.58,4.06,25' OPEN BAY OFFICE,Ground Level Office - 25' x 10',Medium Size Ground Level Office (250 SF),Offices,Ground Level Offices,Standard Ground Level Offices
25W,"Arts, Media, Hotels & Entertainment",2026,1,10,227,655,4.41,1.53,25' OPEN BAY OFFICE,Ground Level Office - 25' x 10',Medium Size Ground Level Office (250 SF),Offices,Ground Level Offices,Standard Ground Level Offices
25W,Subcontractors,2025,3,30,241,943,12.45,3.18,25' OPEN BAY OFFICE,Ground Level Office - 25' x 10',Medium Size Ground Level Office (250 SF),Offices,Ground Level Offices,Standard Ground Level Offices
25W,Mining & Utilities,2024,3,34,343,631,9.91,5.39,25' OPEN BAY OFFICE,Ground Level Office - 25' x 10',Medium Size Ground Level Office (250 SF),Offices,Ground Level Offices,Standard Ground Level Offices
25W,Manufacturing,2025,2,31,231,497,13.42,6.24,25' OPEN BAY OFFICE,Ground Level Office - 25' x 10',Medium Size Ground Level Office (250 SF),Offices,Ground Level Offices,Standard Ground Level Offices
25W,Highway & Heavy Construction,2026,1,3,227,300,1.32,1.00,25' OPEN BAY OFFICE,Ground Level Office - 25' x 10',Medium Size Ground Level Office (250 SF),Offices,Ground Level Offices,Standard Ground Level Offices
25W,,2024,3,1,343,62,0.29,1.61,25' OPEN BAY OFFICE,Ground Level Office - 25' x 10',Medium Size Ground Level Office (250 SF),Offices,Ground Level Offices,Standard Ground Level Offices
25W,Professional Services,2025,2,26,231,1340,11.26,1.94,25' OPEN BAY OFFICE,Ground Level Office - 25' x 10',Medium Size Ground Level Office (250 SF),Offices,Ground Level Offices,Standard Ground Level Offices
25W,Home Builders & Developers,2025,2,43,231,1237,18.61,3.48,25' OPEN BAY OFFICE,Ground Level Office - 25' x 10',Medium Size Ground Level Office (250 SF),Offices,Ground Level Offices,Standard Ground Level Offices
25W,Subcontractors,2026,1,28,227,887,12.33,3.16,25' OPEN BAY OFFICE,Ground Level Office - 25' x 10',Medium Size Ground Level Office (250 SF),Offices,Ground Level Offices,Standard Ground Level Offices
25W,Non-Residential & GCs,2025,2,24,231,1225,10.39,1.96,25' OPEN BAY OFFICE,Ground Level Office - 25' x 10',Medium Size Ground Level Office (250 SF),Offices,Ground Level Offices,Standard Ground Level Offices
25W,Public Administration,2025,2,4,231,137,1.73,2.92,25' OPEN BAY OFFICE,Ground Level Office - 25' x 10',Medium Size Ground Level Office (250 SF),Offices,Ground Level Offices,Standard Ground Level Offices
25W,Highway & Heavy Construction,2024,4,10,195,280,5.13,3.57,25' OPEN BAY OFFICE,Ground Level Office - 25' x 10',Medium Size Ground Level Office (250 SF),Offices,Ground Level Offices,Standard Ground Level Offices
25W,Non-Residential & GCs,2025,1,26,259,1032,10.04,2.52,25' OPEN BAY OFFICE,Ground Level Office - 25' x 10',Medium Size Ground Level Office (250 SF),Offices,Ground Level Offices,Standard Ground Level Offices
25W,Highway & Heavy Construction,2024,3,10,343,315,2.92,3.17,25' OPEN BAY OFFICE,Ground Level Office - 25' x 10',Medium Size Ground Level Office (250 SF),Offices,Ground Level Offices,Standard Ground Level Offices
25W,Engineering & Architecture,2025,3,7,241,155,2.90,4.52,25' OPEN BAY OFFICE,Ground Level Office - 25' x 10',Medium Size Ground Level Office (250 SF),Offices,Ground Level Offices,Standard Ground Level Offices
25W,,2026,1,3,227,54,1.32,5.56,25' OPEN BAY OFFICE,Ground Level Office - 25' x 10',Medium Size Ground Level Office (250 SF),Offices,Ground Level Offices,Standard Ground Level Offices
25W,Other,2026,1,2,227,73,0.88,2.74,25' OPEN BAY OFFICE,Ground Level Office - 25' x 10',Medium Size Ground Level Office (250 SF),Offices,Ground Level Offices,Standard Ground Level Offices
25W,"Educational, Membership & Religious Organizations",2025,4,2,213,176,0.94,1.14,25' OPEN BAY OFFICE,Ground Level Office - 25' x 10',Medium Size Ground Level Office (250 SF),Offices,Ground Level Offices,Standard Ground Level Offices
25W,Manufacturing,2026,1,25,227,583,11.01,4.29,25' OPEN BAY OFFICE,Ground Level Office - 25' x 10',Medium Size Ground Level Office (250 SF),Offices,Ground Level Offices,Standard Ground Level Offices
25W,Manufacturing,2024,3,42,343,552,12.24,7.61,25' OPEN BAY OFFICE,Ground Level Office - 25' x 10',Medium Size Ground Level Office (250 SF),Offices,Ground Level Offices,Standard Ground Level Offices
25W,Non-Residential & GCs,2024,4,31,195,979,15.90,3.17,25' OPEN BAY OFFICE,Ground Level Office - 25' x 10',Medium Size Ground Level Office (250 SF),Offices,Ground Level Offices,Standard Ground Level Offices
25W,Home Builders & Developers,2026,1,38,227,1104,16.74,3.44,25' OPEN BAY OFFICE,Ground Level Office - 25' x 10',Medium Size Ground Level Office (250 SF),Offices,Ground Level Offices,Standard Ground Level Offices
25W,Home Builders & Developers,2024,4,37,195,1006,18.97,3.68,25' OPEN BAY OFFICE,Ground Level Office - 25' x 10',Medium Size Ground Level Office (250 SF),Offices,Ground Level Offices,Standard Ground Level Offices
25W,"Educational, Membership & Religious Organizations",2024,2,4,270,248,1.48,1.61,25' OPEN BAY OFFICE,Ground Level Office - 25' x 10',Medium Size Ground Level Office (250 SF),Offices,Ground Level Offices,Standard Ground Level Offices
25W,Mining & Utilities,2024,1,12,296,732,4.05,1.64,25' OPEN BAY OFFICE,Ground Level Office - 25' x 10',Medium Size Ground Level Office (250 SF),Offices,Ground Level Offices,Standard Ground Level Offices
25W,Health Care,2024,3,4,343,46,1.17,8.70,25' OPEN BAY OFFICE,Ground Level Office - 25' x 10',Medium Size Ground Level Office (250 SF),Offices,Ground Level Offices,Standard Ground Level Offices
25W,Subcontractors,2026,2,10,89,353,11.24,2.83,25' OPEN BAY OFFICE,Ground Level Office - 25' x 10',Medium Size Ground Level Office (250 SF),Offices,Ground Level Offices,Standard Ground Level Offices
25W,Public Administration,2024,2,3,270,127,1.11,2.36,25' OPEN BAY OFFICE,Ground Level Office - 25' x 10',Medium Size Ground Level Office (250 SF),Offices,Ground Level Offices,Standard Ground Level Offices
25W,Highway & Heavy Construction,2025,4,3,213,254,1.41,1.18,25' OPEN BAY OFFICE,Ground Level Office - 25' x 10',Medium Size Ground Level Office (250 SF),Offices,Ground Level Offices,Standard Ground Level Offices
25W,"Educational, Membership & Religious Organizations",2026,2,2,89,127,2.25,1.57,25' OPEN BAY OFFICE,Ground Level Office - 25' x 10',Medium Size Ground Level Office (250 SF),Offices,Ground Level Offices,Standard Ground Level Offices
25W,,2024,2,1,270,98,0.37,1.02,25' OPEN BAY OFFICE,Ground Level Office - 25' x 10',Medium Size Ground Level Office (250 SF),Offices,Ground Level Offices,Standard Ground Level Offices
25W,,2025,3,1,241,52,0.41,1.92,25' OPEN BAY OFFICE,Ground Level Office - 25' x 10',Medium Size Ground Level Office (250 SF),Offices,Ground Level Offices,Standard Ground Level Offices
25W,Subcontractors,2024,4,27,195,743,13.85,3.63,25' OPEN BAY OFFICE,Ground Level Office - 25' x 10',Medium Size Ground Level Office (250 SF),Offices,Ground Level Offices,Standard Ground Level Offices
25W,Non-Residential & GCs,2024,3,31,343,1153,9.04,2.69,25' OPEN BAY OFFICE,Ground Level Office - 25' x 10',Medium Size Ground Level Office (250 SF),Offices,Ground Level Offices,Standard Ground Level Offices
25W,Mining & Utilities,2025,4,18,213,341,8.45,5.28,25' OPEN BAY OFFICE,Ground Level Office - 25' x 10',Medium Size Ground Level Office (250 SF),Offices,Ground Level Offices,Standard Ground Level Offices
25W,Engineering & Architecture,2025,4,3,213,129,1.41,2.33,25' OPEN BAY OFFICE,Ground Level Office - 25' x 10',Medium Size Ground Level Office (250 SF),Offices,Ground Level Offices,Standard Ground Level Offices
25W,Health Care,2025,2,6,231,49,2.60,12.24,25' OPEN BAY OFFICE,Ground Level Office - 25' x 10',Medium Size Ground Level Office (250 SF),Offices,Ground Level Offices,Standard Ground Level Offices
25W,Engineering & Architecture,2024,2,3,270,196,1.11,1.53,25' OPEN BAY OFFICE,Ground Level Office - 25' x 10',Medium Size Ground Level Office (250 SF),Offices,Ground Level Offices,Standard Ground Level Offices
25W,Retail & Wholesale Trade,2026,2,5,89,215,5.62,2.33,25' OPEN BAY OFFICE,Ground Level Office - 25' x 10',Medium Size Ground Level Office (250 SF),Offices,Ground Level Offices,Standard Ground Level Offices
25W,Health Care,2026,1,1,227,35,0.44,2.86,25' OPEN BAY OFFICE,Ground Level Office - 25' x 10',Medium Size Ground Level Office (250 SF),Offices,Ground Level Offices,Standard Ground Level Offices
25W,Professional Services,2024,3,84,343,1511,24.49,5.56,25' OPEN BAY OFFICE,Ground Level Office - 25' x 10',Medium Size Ground Level Office (250 SF),Offices,Ground Level Offices,Standard Ground Level Offices
25W,Highway & Heavy Construction,2026,2,4,89,153,4.49,2.61,25' OPEN BAY OFFICE,Ground Level Office - 25' x 10',Medium Size Ground Level Office (250 SF),Offices,Ground Level Offices,Standard Ground Level Offices
25W,Retail & Wholesale Trade,2025,1,17,259,514,6.56,3.31,25' OPEN BAY OFFICE,Ground Level Office - 25' x 10',Medium Size Ground Level Office (250 SF),Offices,Ground Level Offices,Standard Ground Level Offices
25W,Engineering & Architecture,2024,1,9,296,185,3.04,4.86,25' OPEN BAY OFFICE,Ground Level Office - 25' x 10',Medium Size Ground Level Office (250 SF),Offices,Ground Level Offices,Standard Ground Level Offices
25W,Non-Residential & GCs,2024,2,30,270,1460,11.11,2.05,25' OPEN BAY OFFICE,Ground Level Office - 25' x 10',Medium Size Ground Level Office (250 SF),Offices,Ground Level Offices,Standard Ground Level Offices
25W,"Educational, Membership & Religious Organizations",2024,1,3,296,265,1.01,1.13,25' OPEN BAY OFFICE,Ground Level Office - 25' x 10',Medium Size Ground Level Office (250 SF),Offices,Ground Level Offices,Standard Ground Level Offices
25W,Other,2024,4,3,195,62,1.54,4.84,25' OPEN BAY OFFICE,Ground Level Office - 25' x 10',Medium Size Ground Level Office (250 SF),Offices,Ground Level Offices,Standard Ground Level Offices
25W,Highway & Heavy Construction,2025,3,5,241,282,2.07,1.77,25' OPEN BAY OFFICE,Ground Level Office - 25' x 10',Medium Size Ground Level Office (250 SF),Offices,Ground Level Offices,Standard Ground Level Offices
25W,"Arts, Media, Hotels & Entertainment",2024,4,3,195,312,1.54,0.96,25' OPEN BAY OFFICE,Ground Level Office - 25' x 10',Medium Size Ground Level Office (250 SF),Offices,Ground Level Offices,Standard Ground Level Offices
25W,Non-Residential & GCs,2025,4,26,213,947,12.21,2.75,25' OPEN BAY OFFICE,Ground Level Office - 25' x 10',Medium Size Ground Level Office (250 SF),Offices,Ground Level Offices,Standard Ground Level Offices
25W,Professional Services,2024,2,35,270,1628,12.96,2.15,25' OPEN BAY OFFICE,Ground Level Office - 25' x 10',Medium Size Ground Level Office (250 SF),Offices,Ground Level Offices,Standard Ground Level Offices
25W,"Arts, Media, Hotels & Entertainment",2024,2,18,270,1014,6.67,1.78,25' OPEN BAY OFFICE,Ground Level Office - 25' x 10',Medium Size Ground Level Office (250 SF),Offices,Ground Level Offices,Standard Ground Level Offices
25W,"Arts, Media, Hotels & Entertainment",2025,2,15,231,854,6.49,1.76,25' OPEN BAY OFFICE,Ground Level Office - 25' x 10',Medium Size Ground Level Office (250 SF),Offices,Ground Level Offices,Standard Ground Level Offices
25W,Home Builders & Developers,2025,3,38,241,1104,15.77,3.44,25' OPEN BAY OFFICE,Ground Level Office - 25' x 10',Medium Size Ground Level Office (250 SF),Offices,Ground Level Offices,Standard Ground Level Offices
25W,"Arts, Media, Hotels & Entertainment",2024,1,5,296,898,1.69,0.56,25' OPEN BAY OFFICE,Ground Level Office - 25' x 10',Medium Size Ground Level Office (250 SF),Offices,Ground Level Offices,Standard Ground Level Offices
25W,"Arts, Media, Hotels & Entertainment",2025,1,4,259,829,1.54,0.48,25' OPEN BAY OFFICE,Ground Level Office - 25' x 10',Medium Size Ground Level Office (250 SF),Offices,Ground Level Offices,Standard Ground Level Offices
25W,Public Administration,2024,1,2,296,96,0.68,2.08,25' OPEN BAY OFFICE,Ground Level Office - 25' x 10',Medium Size Ground Level Office (250 SF),Offices,Ground Level Offices,Standard Ground Level Offices
25W,Public Administration,2024,3,6,343,115,1.75,5.22,25' OPEN BAY OFFICE,Ground Level Office - 25' x 10',Medium Size Ground Level Office (250 SF),Offices,Ground Level Offices,Standard Ground Level Offices
MO4412,Non-Residential & GCs,2025,3,105,571,1030,18.39,10.19,44x12 Mobile Office or Similar,44x12 Mobile Office or Similar,Medium Mobile Office - 2 offices + Med. Open Area (up to 576 SF) - MO4412 or similar,Offices,Mobile Offices,Mobile Offices
MO4412,Professional Services,2025,3,115,571,1275,20.14,9.02,44x12 Mobile Office or Similar,44x12 Mobile Office or Similar,Medium Mobile Office - 2 offices + Med. Open Area (up to 576 SF) - MO4412 or similar,Offices,Mobile Offices,Mobile Offices
MO4412,Manufacturing,2024,1,58,626,537,9.27,10.80,44x12 Mobile Office or Similar,44x12 Mobile Office or Similar,Medium Mobile Office - 2 offices + Med. Open Area (up to 576 SF) - MO4412 or similar,Offices,Mobile Offices,Mobile Offices
MO4412,"Educational, Membership & Religious Organizations",2025,2,13,581,210,2.24,6.19,44x12 Mobile Office or Similar,44x12 Mobile Office or Similar,Medium Mobile Office - 2 offices + Med. Open Area (up to 576 SF) - MO4412 or similar,Offices,Mobile Offices,Mobile Offices
MO4412,,2024,4,5,508,41,0.98,12.20,44x12 Mobile Office or Similar,44x12 Mobile Office or Similar,Medium Mobile Office - 2 offices + Med. Open Area (up to 576 SF) - MO4412 or similar,Offices,Mobile Offices,Mobile Offices
MO4412,Retail & Wholesale Trade,2026,2,20,293,215,6.83,9.30,44x12 Mobile Office or Similar,44x12 Mobile Office or Similar,Medium Mobile Office - 2 offices + Med. Open Area (up to 576 SF) - MO4412 or similar,Offices,Mobile Offices,Mobile Offices
MO4412,Other,2024,4,11,508,62,2.17,17.74,44x12 Mobile Office or Similar,44x12 Mobile Office or Similar,Medium Mobile Office - 2 offices + Med. Open Area (up to 576 SF) - MO4412 or similar,Offices,Mobile Offices,Mobile Offices
MO4412,,2024,2,4,655,98,0.61,4.08,44x12 Mobile Office or Similar,44x12 Mobile Office or Similar,Medium Mobile Office - 2 offices + Med. Open Area (up to 576 SF) - MO4412 or similar,Offices,Mobile Offices,Mobile Offices
MO4412,Engineering & Architecture,2026,2,5,293,116,1.71,4.31,44x12 Mobile Office or Similar,44x12 Mobile Office or Similar,Medium Mobile Office - 2 offices + Med. Open Area (up to 576 SF) - MO4412 or similar,Offices,Mobile Offices,Mobile Offices
MO4412,Health Care,2025,4,1,495,23,0.20,4.35,44x12 Mobile Office or Similar,44x12 Mobile Office or Similar,Medium Mobile Office - 2 offices + Med. Open Area (up to 576 SF) - MO4412 or similar,Offices,Mobile Offices,Mobile Offices
MO4412,Retail & Wholesale Trade,2025,1,30,593,514,5.06,5.84,44x12 Mobile Office or Similar,44x12 Mobile Office or Similar,Medium Mobile Office - 2 offices + Med. Open Area (up to 576 SF) - MO4412 or similar,Offices,Mobile Offices,Mobile Offices
MO4412,Professional Services,2026,1,92,591,1635,15.57,5.63,44x12 Mobile Office or Similar,44x12 Mobile Office or Similar,Medium Mobile Office - 2 offices + Med. Open Area (up to 576 SF) - MO4412 or similar,Offices,Mobile Offices,Mobile Offices
MO4412,Retail & Wholesale Trade,2025,4,37,495,422,7.47,8.77,44x12 Mobile Office or Similar,44x12 Mobile Office or Similar,Medium Mobile Office - 2 offices + Med. Open Area (up to 576 SF) - MO4412 or similar,Offices,Mobile Offices,Mobile Offices
MO4412,"Arts, Media, Hotels & Entertainment",2025,4,22,495,258,4.44,8.53,44x12 Mobile Office or Similar,44x12 Mobile Office or Similar,Medium Mobile Office - 2 offices + Med. Open Area (up to 576 SF) - MO4412 or similar,Offices,Mobile Offices,Mobile Offices
MO4412,Non-Residential & GCs,2024,2,113,655,1460,17.25,7.74,44x12 Mobile Office or Similar,44x12 Mobile Office or Similar,Medium Mobile Office - 2 offices + Med. Open Area (up to 576 SF) - MO4412 or similar,Offices,Mobile Offices,Mobile Offices
MO4412,Other,2024,1,32,626,247,5.11,12.96,44x12 Mobile Office or Similar,44x12 Mobile Office or Similar,Medium Mobile Office - 2 offices + Med. Open Area (up to 576 SF) - MO4412 or similar,Offices,Mobile Offices,Mobile Offices
MO4412,"Arts, Media, Hotels & Entertainment",2024,3,55,629,1158,8.74,4.75,44x12 Mobile Office or Similar,44x12 Mobile Office or Similar,Medium Mobile Office - 2 offices + Med. Open Area (up to 576 SF) - MO4412 or similar,Offices,Mobile Offices,Mobile Offices
MO4412,Non-Residential & GCs,2024,3,87,629,1153,13.83,7.55,44x12 Mobile Office or Similar,44x12 Mobile Office or Similar,Medium Mobile Office - 2 offices + Med. Open Area (up to 576 SF) - MO4412 or similar,Offices,Mobile Offices,Mobile Offices
MO4412,Other,2024,2,23,655,188,3.51,12.23,44x12 Mobile Office or Similar,44x12 Mobile Office or Similar,Medium Mobile Office - 2 offices + Med. Open Area (up to 576 SF) - MO4412 or similar,Offices,Mobile Offices,Mobile Offices
MO4412,Engineering & Architecture,2025,4,7,495,129,1.41,5.43,44x12 Mobile Office or Similar,44x12 Mobile Office or Similar,Medium Mobile Office - 2 offices + Med. Open Area (up to 576 SF) - MO4412 or similar,Offices,Mobile Offices,Mobile Offices
MO4412,Public Administration,2024,3,10,629,115,1.59,8.70,44x12 Mobile Office or Similar,44x12 Mobile Office or Similar,Medium Mobile Office - 2 offices + Med. Open Area (up to 576 SF) - MO4412 or similar,Offices,Mobile Offices,Mobile Offices
MO4412,Retail & Wholesale Trade,2024,4,46,508,389,9.06,11.83,44x12 Mobile Office or Similar,44x12 Mobile Office or Similar,Medium Mobile Office - 2 offices + Med. Open Area (up to 576 SF) - MO4412 or similar,Offices,Mobile Offices,Mobile Offices
MO4412,Home Builders & Developers,2025,3,87,571,1104,15.24,7.88,44x12 Mobile Office or Similar,44x12 Mobile Office or Similar,Medium Mobile Office - 2 offices + Med. Open Area (up to 576 SF) - MO4412 or similar,Offices,Mobile Offices,Mobile Offices
MO4412,Other,2024,3,25,629,151,3.97,16.56,44x12 Mobile Office or Similar,44x12 Mobile Office or Similar,Medium Mobile Office - 2 offices + Med. Open Area (up to 576 SF) - MO4412 or similar,Offices,Mobile Offices,Mobile Offices
MO4412,Professional Services,2025,1,94,593,1459,15.85,6.44,44x12 Mobile Office or Similar,44x12 Mobile Office or Similar,Medium Mobile Office - 2 offices + Med. Open Area (up to 576 SF) - MO4412 or similar,Offices,Mobile Offices,Mobile Offices
MO4412,Professional Services,2024,1,69,626,1538,11.02,4.49,44x12 Mobile Office or Similar,44x12 Mobile Office or Similar,Medium Mobile Office - 2 offices + Med. Open Area (up to 576 SF) - MO4412 or similar,Offices,Mobile Offices,Mobile Offices
MO4412,Mining & Utilities,2024,1,54,626,732,8.63,7.38,44x12 Mobile Office or Similar,44x12 Mobile Office or Similar,Medium Mobile Office - 2 offices + Med. Open Area (up to 576 SF) - MO4412 or similar,Offices,Mobile Offices,Mobile Offices
MO4412,"Educational, Membership & Religious Organizations",2024,3,21,629,178,3.34,11.80,44x12 Mobile Office or Similar,44x12 Mobile Office or Similar,Medium Mobile Office - 2 offices + Med. Open Area (up to 576 SF) - MO4412 or similar,Offices,Mobile Offices,Mobile Offices
MO4412,"Educational, Membership & Religious Organizations",2026,1,11,591,183,1.86,6.01,44x12 Mobile Office or Similar,44x12 Mobile Office or Similar,Medium Mobile Office - 2 offices + Med. Open Area (up to 576 SF) - MO4412 or similar,Offices,Mobile Offices,Mobile Offices
MO4412,Mining & Utilities,2025,1,51,593,641,8.60,7.96,44x12 Mobile Office or Similar,44x12 Mobile Office or Similar,Medium Mobile Office - 2 offices + Med. Open Area (up to 576 SF) - MO4412 or similar,Offices,Mobile Offices,Mobile Offices
MO4412,Public Administration,2024,1,12,626,96,1.92,12.50,44x12 Mobile Office or Similar,44x12 Mobile Office or Similar,Medium Mobile Office - 2 offices + Med. Open Area (up to 576 SF) - MO4412 or similar,Offices,Mobile Offices,Mobile Offices
MO4412,,2024,3,6,629,62,0.95,9.68,44x12 Mobile Office or Similar,44x12 Mobile Office or Similar,Medium Mobile Office - 2 offices + Med. Open Area (up to 576 SF) - MO4412 or similar,Offices,Mobile Offices,Mobile Offices
MO4412,Non-Residential & GCs,2025,1,79,593,1032,13.32,7.66,44x12 Mobile Office or Similar,44x12 Mobile Office or Similar,Medium Mobile Office - 2 offices + Med. Open Area (up to 576 SF) - MO4412 or similar,Offices,Mobile Offices,Mobile Offices
MO4412,Manufacturing,2024,4,29,508,375,5.71,7.73,44x12 Mobile Office or Similar,44x12 Mobile Office or Similar,Medium Mobile Office - 2 offices + Med. Open Area (up to 576 SF) - MO4412 or similar,Offices,Mobile Offices,Mobile Offices
MO4412,Non-Residential & GCs,2026,1,88,591,1084,14.89,8.12,44x12 Mobile Office or Similar,44x12 Mobile Office or Similar,Medium Mobile Office - 2 offices + Med. Open Area (up to 576 SF) - MO4412 or similar,Offices,Mobile Offices,Mobile Offices
MO4412,"Educational, Membership & Religious Organizations",2025,4,29,495,176,5.86,16.48,44x12 Mobile Office or Similar,44x12 Mobile Office or Similar,Medium Mobile Office - 2 offices + Med. Open Area (up to 576 SF) - MO4412 or similar,Offices,Mobile Offices,Mobile Offices
MO4412,Retail & Wholesale Trade,2024,1,25,626,614,3.99,4.07,44x12 Mobile Office or Similar,44x12 Mobile Office or Similar,Medium Mobile Office - 2 offices + Med. Open Area (up to 576 SF) - MO4412 or similar,Offices,Mobile Offices,Mobile Offices
MO4412,Highway & Heavy Construction,2025,4,8,495,254,1.62,3.15,44x12 Mobile Office or Similar,44x12 Mobile Office or Similar,Medium Mobile Office - 2 offices + Med. Open Area (up to 576 SF) - MO4412 or similar,Offices,Mobile Offices,Mobile Offices
MO4412,Home Builders & Developers,2026,1,99,591,1104,16.75,8.97,44x12 Mobile Office or Similar,44x12 Mobile Office or Similar,Medium Mobile Office - 2 offices + Med. Open Area (up to 576 SF) - MO4412 or similar,Offices,Mobile Offices,Mobile Offices
MO4412,Non-Residential & GCs,2024,4,100,508,979,19.69,10.21,44x12 Mobile Office or Similar,44x12 Mobile Office or Similar,Medium Mobile Office - 2 offices + Med. Open Area (up to 576 SF) - MO4412 or similar,Offices,Mobile Offices,Mobile Offices
MO4412,Mining & Utilities,2024,4,41,508,433,8.07,9.47,44x12 Mobile Office or Similar,44x12 Mobile Office or Similar,Medium Mobile Office - 2 offices + Med. Open Area (up to 576 SF) - MO4412 or similar,Offices,Mobile Offices,Mobile Offices
MO4412,Subcontractors,2025,2,60,581,925,10.33,6.49,44x12 Mobile Office or Similar,44x12 Mobile Office or Similar,Medium Mobile Office - 2 offices + Med. Open Area (up to 576 SF) - MO4412 or similar,Offices,Mobile Offices,Mobile Offices
MO4412,"Arts, Media, Hotels & Entertainment",2024,4,27,508,312,5.32,8.65,44x12 Mobile Office or Similar,44x12 Mobile Office or Similar,Medium Mobile Office - 2 offices + Med. Open Area (up to 576 SF) - MO4412 or similar,Offices,Mobile Offices,Mobile Offices
MO4412,Highway & Heavy Construction,2026,2,13,293,153,4.44,8.50,44x12 Mobile Office or Similar,44x12 Mobile Office or Similar,Medium Mobile Office - 2 offices + Med. Open Area (up to 576 SF) - MO4412 or similar,Offices,Mobile Offices,Mobile Offices
MO4412,Mining & Utilities,2024,3,64,629,631,10.17,10.14,44x12 Mobile Office or Similar,44x12 Mobile Office or Similar,Medium Mobile Office - 2 offices + Med. Open Area (up to 576 SF) - MO4412 or similar,Offices,Mobile Offices,Mobile Offices
MO4412,Highway & Heavy Construction,2025,2,25,581,285,4.30,8.77,44x12 Mobile Office or Similar,44x12 Mobile Office or Similar,Medium Mobile Office - 2 offices + Med. Open Area (up to 576 SF) - MO4412 or similar,Offices,Mobile Offices,Mobile Offices
MO4412,Mining & Utilities,2026,1,44,591,615,7.45,7.15,44x12 Mobile Office or Similar,44x12 Mobile Office or Similar,Medium Mobile Office - 2 offices + Med. Open Area (up to 576 SF) - MO4412 or similar,Offices,Mobile Offices,Mobile Offices
MO4412,"Arts, Media, Hotels & Entertainment",2026,2,48,293,313,16.38,15.34,44x12 Mobile Office or Similar,44x12 Mobile Office or Similar,Medium Mobile Office - 2 offices + Med. Open Area (up to 576 SF) - MO4412 or similar,Offices,Mobile Offices,Mobile Offices
MO4412,Engineering & Architecture,2024,1,4,626,185,0.64,2.16,44x12 Mobile Office or Similar,44x12 Mobile Office or Similar,Medium Mobile Office - 2 offices + Med. Open Area (up to 576 SF) - MO4412 or similar,Offices,Mobile Offices,Mobile Offices
MO4412,"Educational, Membership & Religious Organizations",2024,2,17,655,248,2.60,6.85,44x12 Mobile Office or Similar,44x12 Mobile Office or Similar,Medium Mobile Office - 2 offices + Med. Open Area (up to 576 SF) - MO4412 or similar,Offices,Mobile Offices,Mobile Offices
MO4412,"Educational, Membership & Religious Organizations",2026,2,9,293,127,3.07,7.09,44x12 Mobile Office or Similar,44x12 Mobile Office or Similar,Medium Mobile Office - 2 offices + Med. Open Area (up to 576 SF) - MO4412 or similar,Offices,Mobile Offices,Mobile Offices
MO4412,Highway & Heavy Construction,2026,1,24,591,300,4.06,8.00,44x12 Mobile Office or Similar,44x12 Mobile Office or Similar,Medium Mobile Office - 2 offices + Med. Open Area (up to 576 SF) - MO4412 or similar,Offices,Mobile Offices,Mobile Offices
MO4412,"Arts, Media, Hotels & Entertainment",2025,3,34,571,823,5.95,4.13,44x12 Mobile Office or Similar,44x12 Mobile Office or Similar,Medium Mobile Office - 2 offices + Med. Open Area (up to 576 SF) - MO4412 or similar,Offices,Mobile Offices,Mobile Offices
MO4412,Mining & Utilities,2025,3,32,571,438,5.60,7.31,44x12 Mobile Office or Similar,44x12 Mobile Office or Similar,Medium Mobile Office - 2 offices + Med. Open Area (up to 576 SF) - MO4412 or similar,Offices,Mobile Offices,Mobile Offices
MO4412,Professional Services,2024,4,75,508,1077,14.76,6.96,44x12 Mobile Office or Similar,44x12 Mobile Office or Similar,Medium Mobile Office - 2 offices + Med. Open Area (up to 576 SF) - MO4412 or similar,Offices,Mobile Offices,Mobile Offices
MO4412,Retail & Wholesale Trade,2024,2,41,655,554,6.26,7.40,44x12 Mobile Office or Similar,44x12 Mobile Office or Similar,Medium Mobile Office - 2 offices + Med. Open Area (up to 576 SF) - MO4412 or similar,Offices,Mobile Offices,Mobile Offices
MO4412,Subcontractors,2024,4,49,508,743,9.65,6.59,44x12 Mobile Office or Similar,44x12 Mobile Office or Similar,Medium Mobile Office - 2 offices + Med. Open Area (up to 576 SF) - MO4412 or similar,Offices,Mobile Offices,Mobile Offices
MO4412,,2024,1,5,626,59,0.80,8.47,44x12 Mobile Office or Similar,44x12 Mobile Office or Similar,Medium Mobile Office - 2 offices + Med. Open Area (up to 576 SF) - MO4412 or similar,Offices,Mobile Offices,Mobile Offices
MO4412,Highway & Heavy Construction,2024,3,18,629,315,2.86,5.71,44x12 Mobile Office or Similar,44x12 Mobile Office or Similar,Medium Mobile Office - 2 offices + Med. Open Area (up to 576 SF) - MO4412 or similar,Offices,Mobile Offices,Mobile Offices
MO4412,Public Administration,2025,2,8,581,137,1.38,5.84,44x12 Mobile Office or Similar,44x12 Mobile Office or Similar,Medium Mobile Office - 2 offices + Med. Open Area (up to 576 SF) - MO4412 or similar,Offices,Mobile Offices,Mobile Offices
MO4412,,2025,2,4,581,51,0.69,7.84,44x12 Mobile Office or Similar,44x12 Mobile Office or Similar,Medium Mobile Office - 2 offices + Med. Open Area (up to 576 SF) - MO4412 or similar,Offices,Mobile Offices,Mobile Offices
MO4412,Health Care,2025,1,2,593,36,0.34,5.56,44x12 Mobile Office or Similar,44x12 Mobile Office or Similar,Medium Mobile Office - 2 offices + Med. Open Area (up to 576 SF) - MO4412 or similar,Offices,Mobile Offices,Mobile Offices
MO4412,Non-Residential & GCs,2025,4,74,495,947,14.95,7.81,44x12 Mobile Office or Similar,44x12 Mobile Office or Similar,Medium Mobile Office - 2 offices + Med. Open Area (up to 576 SF) - MO4412 or similar,Offices,Mobile Offices,Mobile Offices
MO4412,Subcontractors,2026,1,63,591,887,10.66,7.10,44x12 Mobile Office or Similar,44x12 Mobile Office or Similar,Medium Mobile Office - 2 offices + Med. Open Area (up to 576 SF) - MO4412 or similar,Offices,Mobile Offices,Mobile Offices
MO4412,Home Builders & Developers,2025,4,99,495,1022,20.00,9.69,44x12 Mobile Office or Similar,44x12 Mobile Office or Similar,Medium Mobile Office - 2 offices + Med. Open Area (up to 576 SF) - MO4412 or similar,Offices,Mobile Offices,Mobile Offices
MO4412,Subcontractors,2025,3,58,571,943,10.16,6.15,44x12 Mobile Office or Similar,44x12 Mobile Office or Similar,Medium Mobile Office - 2 offices + Med. Open Area (up to 576 SF) - MO4412 or similar,Offices,Mobile Offices,Mobile Offices
MO4412,"Educational, Membership & Religious Organizations",2024,1,18,626,265,2.88,6.79,44x12 Mobile Office or Similar,44x12 Mobile Office or Similar,Medium Mobile Office - 2 offices + Med. Open Area (up to 576 SF) - MO4412 or similar,Offices,Mobile Offices,Mobile Offices
MO4412,Other,2025,4,11,495,82,2.22,13.41,44x12 Mobile Office or Similar,44x12 Mobile Office or Similar,Medium Mobile Office - 2 offices + Med. Open Area (up to 576 SF) - MO4412 or similar,Offices,Mobile Offices,Mobile Offices
MO4412,Subcontractors,2024,3,51,629,980,8.11,5.20,44x12 Mobile Office or Similar,44x12 Mobile Office or Similar,Medium Mobile Office - 2 offices + Med. Open Area (up to 576 SF) - MO4412 or similar,Offices,Mobile Offices,Mobile Offices
MO4412,Retail & Wholesale Trade,2024,3,26,629,508,4.13,5.12,44x12 Mobile Office or Similar,44x12 Mobile Office or Similar,Medium Mobile Office - 2 offices + Med. Open Area (up to 576 SF) - MO4412 or similar,Offices,Mobile Offices,Mobile Offices
MO4412,Other,2025,2,5,581,176,0.86,2.84,44x12 Mobile Office or Similar,44x12 Mobile Office or Similar,Medium Mobile Office - 2 offices + Med. Open Area (up to 576 SF) - MO4412 or similar,Offices,Mobile Offices,Mobile Offices
MO4412,Other,2025,1,11,593,94,1.86,11.70,44x12 Mobile Office or Similar,44x12 Mobile Office or Similar,Medium Mobile Office - 2 offices + Med. Open Area (up to 576 SF) - MO4412 or similar,Offices,Mobile Offices,Mobile Offices
MO4412,,2025,3,5,571,52,0.88,9.62,44x12 Mobile Office or Similar,44x12 Mobile Office or Similar,Medium Mobile Office - 2 offices + Med. Open Area (up to 576 SF) - MO4412 or similar,Offices,Mobile Offices,Mobile Offices
MO4412,Health Care,2025,2,4,581,49,0.69,8.16,44x12 Mobile Office or Similar,44x12 Mobile Office or Similar,Medium Mobile Office - 2 offices + Med. Open Area (up to 576 SF) - MO4412 or similar,Offices,Mobile Offices,Mobile Offices
MO4412,Public Administration,2026,2,3,293,56,1.02,5.36,44x12 Mobile Office or Similar,44x12 Mobile Office or Similar,Medium Mobile Office - 2 offices + Med. Open Area (up to 576 SF) - MO4412 or similar,Offices,Mobile Offices,Mobile Offices
MO4412,Highway & Heavy Construction,2024,2,22,655,360,3.36,6.11,44x12 Mobile Office or Similar,44x12 Mobile Office or Similar,Medium Mobile Office - 2 offices + Med. Open Area (up to 576 SF) - MO4412 or similar,Offices,Mobile Offices,Mobile Offices
MO4412,Engineering & Architecture,2025,3,6,571,155,1.05,3.87,44x12 Mobile Office or Similar,44x12 Mobile Office or Similar,Medium Mobile Office - 2 offices + Med. Open Area (up to 576 SF) - MO4412 or similar,Offices,Mobile Offices,Mobile Offices
MO4412,Subcontractors,2024,1,67,626,1039,10.70,6.45,44x12 Mobile Office or Similar,44x12 Mobile Office or Similar,Medium Mobile Office - 2 offices + Med. Open Area (up to 576 SF) - MO4412 or similar,Offices,Mobile Offices,Mobile Offices
MO4412,Manufacturing,2025,2,22,581,497,3.79,4.43,44x12 Mobile Office or Similar,44x12 Mobile Office or Similar,Medium Mobile Office - 2 offices + Med. Open Area (up to 576 SF) - MO4412 or similar,Offices,Mobile Offices,Mobile Offices
MO4412,Mining & Utilities,2024,2,47,655,588,7.18,7.99,44x12 Mobile Office or Similar,44x12 Mobile Office or Similar,Medium Mobile Office - 2 offices + Med. Open Area (up to 576 SF) - MO4412 or similar,Offices,Mobile Offices,Mobile Offices
MO4412,Home Builders & Developers,2025,1,112,593,1185,18.89,9.45,44x12 Mobile Office or Similar,44x12 Mobile Office or Similar,Medium Mobile Office - 2 offices + Med. Open Area (up to 576 SF) - MO4412 or similar,Offices,Mobile Offices,Mobile Offices
MO4412,Retail & Wholesale Trade,2025,3,33,571,438,5.78,7.53,44x12 Mobile Office or Similar,44x12 Mobile Office or Similar,Medium Mobile Office - 2 offices + Med. Open Area (up to 576 SF) - MO4412 or similar,Offices,Mobile Offices,Mobile Offices
MO4412,Highway & Heavy Construction,2025,3,22,571,282,3.85,7.80,44x12 Mobile Office or Similar,44x12 Mobile Office or Similar,Medium Mobile Office - 2 offices + Med. Open Area (up to 576 SF) - MO4412 or similar,Offices,Mobile Offices,Mobile Offices
MO4412,Mining & Utilities,2025,4,34,495,341,6.87,9.97,44x12 Mobile Office or Similar,44x12 Mobile Office or Similar,Medium Mobile Office - 2 offices + Med. Open Area (up to 576 SF) - MO4412 or similar,Offices,Mobile Offices,Mobile Offices
MO4412,Public Administration,2024,4,9,508,108,1.77,8.33,44x12 Mobile Office or Similar,44x12 Mobile Office or Similar,Medium Mobile Office - 2 offices + Med. Open Area (up to 576 SF) - MO4412 or similar,Offices,Mobile Offices,Mobile Offices
MO4412,Public Administration,2024,2,10,655,127,1.53,7.87,44x12 Mobile Office or Similar,44x12 Mobile Office or Similar,Medium Mobile Office - 2 offices + Med. Open Area (up to 576 SF) - MO4412 or similar,Offices,Mobile Offices,Mobile Offices
MO4412,Public Administration,2025,4,7,495,104,1.41,6.73,44x12 Mobile Office or Similar,44x12 Mobile Office or Similar,Medium Mobile Office - 2 offices + Med. Open Area (up to 576 SF) - MO4412 or similar,Offices,Mobile Offices,Mobile Offices
MO4412,Public Administration,2025,3,3,571,105,0.53,2.86,44x12 Mobile Office or Similar,44x12 Mobile Office or Similar,Medium Mobile Office - 2 offices + Med. Open Area (up to 576 SF) - MO4412 or similar,Offices,Mobile Offices,Mobile Offices
MO4412,Manufacturing,2024,2,27,655,507,4.12,5.33,44x12 Mobile Office or Similar,44x12 Mobile Office or Similar,Medium Mobile Office - 2 offices + Med. Open Area (up to 576 SF) - MO4412 or similar,Offices,Mobile Offices,Mobile Offices
MO4412,Professional Services,2024,2,105,655,1628,16.03,6.45,44x12 Mobile Office or Similar,44x12 Mobile Office or Similar,Medium Mobile Office - 2 offices + Med. Open Area (up to 576 SF) - MO4412 or similar,Offices,Mobile Offices,Mobile Offices
MO4412,Non-Residential & GCs,2024,1,101,626,1210,16.13,8.35,44x12 Mobile Office or Similar,44x12 Mobile Office or Similar,Medium Mobile Office - 2 offices + Med. Open Area (up to 576 SF) - MO4412 or similar,Offices,Mobile Offices,Mobile Offices
MO4412,Non-Residential & GCs,2025,2,104,581,1225,17.90,8.49,44x12 Mobile Office or Similar,44x12 Mobile Office or Similar,Medium Mobile Office - 2 offices + Med. Open Area (up to 576 SF) - MO4412 or similar,Offices,Mobile Offices,Mobile Offices
MO4412,Home Builders & Developers,2025,2,90,581,1237,15.49,7.28,44x12 Mobile Office or Similar,44x12 Mobile Office or Similar,Medium Mobile Office - 2 offices + Med. Open Area (up to 576 SF) - MO4412 or similar,Offices,Mobile Offices,Mobile Offices
MO4412,"Arts, Media, Hotels & Entertainment",2025,1,36,593,829,6.07,4.34,44x12 Mobile Office or Similar,44x12 Mobile Office or Similar,Medium Mobile Office - 2 offices + Med. Open Area (up to 576 SF) - MO4412 or similar,Offices,Mobile Offices,Mobile Offices
MO4412,Retail & Wholesale Trade,2026,1,35,591,492,5.92,7.11,44x12 Mobile Office or Similar,44x12 Mobile Office or Similar,Medium Mobile Office - 2 offices + Med. Open Area (up to 576 SF) - MO4412 or similar,Offices,Mobile Offices,Mobile Offices
MO4412,Professional Services,2024,3,105,629,1511,16.69,6.95,44x12 Mobile Office or Similar,44x12 Mobile Office or Similar,Medium Mobile Office - 2 offices + Med. Open Area (up to 576 SF) - MO4412 or similar,Offices,Mobile Offices,Mobile Offices
MO4412,Professional Services,2026,2,60,293,574,20.48,10.45,44x12 Mobile Office or Similar,44x12 Mobile Office or Similar,Medium Mobile Office - 2 offices + Med. Open Area (up to 576 SF) - MO4412 or similar,Offices,Mobile Offices,Mobile Offices
MO4412,Subcontractors,2025,1,69,593,925,11.64,7.46,44x12 Mobile Office or Similar,44x12 Mobile Office or Similar,Medium Mobile Office - 2 offices + Med. Open Area (up to 576 SF) - MO4412 or similar,Offices,Mobile Offices,Mobile Offices
MO4412,Manufacturing,2025,4,26,495,339,5.25,7.67,44x12 Mobile Office or Similar,44x12 Mobile Office or Similar,Medium Mobile Office - 2 offices + Med. Open Area (up to 576 SF) - MO4412 or similar,Offices,Mobile Offices,Mobile Offices
MO4412,Public Administration,2026,1,10,591,123,1.69,8.13,44x12 Mobile Office or Similar,44x12 Mobile Office or Similar,Medium Mobile Office - 2 offices + Med. Open Area (up to 576 SF) - MO4412 or similar,Offices,Mobile Offices,Mobile Offices
MO4412,Mining & Utilities,2026,2,10,293,145,3.41,6.90,44x12 Mobile Office or Similar,44x12 Mobile Office or Similar,Medium Mobile Office - 2 offices + Med. Open Area (up to 576 SF) - MO4412 or similar,Offices,Mobile Offices,Mobile Offices
MO4412,,2026,1,10,591,54,1.69,18.52,44x12 Mobile Office or Similar,44x12 Mobile Office or Similar,Medium Mobile Office - 2 offices + Med. Open Area (up to 576 SF) - MO4412 or similar,Offices,Mobile Offices,Mobile Offices
MO4412,Health Care,2025,3,5,571,44,0.88,11.36,44x12 Mobile Office or Similar,44x12 Mobile Office or Similar,Medium Mobile Office - 2 offices + Med. Open Area (up to 576 SF) - MO4412 or similar,Offices,Mobile Offices,Mobile Offices
MO4412,,2025,4,3,495,40,0.61,7.50,44x12 Mobile Office or Similar,44x12 Mobile Office or Similar,Medium Mobile Office - 2 offices + Med. Open Area (up to 576 SF) - MO4412 or similar,Offices,Mobile Offices,Mobile Offices
MO4412,Other,2025,3,12,571,98,2.10,12.24,44x12 Mobile Office or Similar,44x12 Mobile Office or Similar,Medium Mobile Office - 2 offices + Med. Open Area (up to 576 SF) - MO4412 or similar,Offices,Mobile Offices,Mobile Offices
MO4412,Mining & Utilities,2025,2,43,581,358,7.40,12.01,44x12 Mobile Office or Similar,44x12 Mobile Office or Similar,Medium Mobile Office - 2 offices + Med. Open Area (up to 576 SF) - MO4412 or similar,Offices,Mobile Offices,Mobile Offices
MO4412,"Educational, Membership & Religious Organizations",2025,1,15,593,178,2.53,8.43,44x12 Mobile Office or Similar,44x12 Mobile Office or Similar,Medium Mobile Office - 2 offices + Med. Open Area (up to 576 SF) - MO4412 or similar,Offices,Mobile Offices,Mobile Offices
MO4412,Health Care,2024,3,3,629,46,0.48,6.52,44x12 Mobile Office or Similar,44x12 Mobile Office or Similar,Medium Mobile Office - 2 offices + Med. Open Area (up to 576 SF) - MO4412 or similar,Offices,Mobile Offices,Mobile Offices
MO4412,Professional Services,2025,4,74,495,954,14.95,7.76,44x12 Mobile Office or Similar,44x12 Mobile Office or Similar,Medium Mobile Office - 2 offices + Med. Open Area (up to 576 SF) - MO4412 or similar,Offices,Mobile Offices,Mobile Offices
MO4412,Home Builders & Developers,2024,2,102,655,1349,15.57,7.56,44x12 Mobile Office or Similar,44x12 Mobile Office or Similar,Medium Mobile Office - 2 offices + Med. Open Area (up to 576 SF) - MO4412 or similar,Offices,Mobile Offices,Mobile Offices
MO4412,Non-Residential & GCs,2026,2,45,293,450,15.36,10.00,44x12 Mobile Office or Similar,44x12 Mobile Office or Similar,Medium Mobile Office - 2 offices + Med. Open Area (up to 576 SF) - MO4412 or similar,Offices,Mobile Offices,Mobile Offices
MO4412,Manufacturing,2025,3,48,571,477,8.41,10.06,44x12 Mobile Office or Similar,44x12 Mobile Office or Similar,Medium Mobile Office - 2 offices + Med. Open Area (up to 576 SF) - MO4412 or similar,Offices,Mobile Offices,Mobile Offices
MO4412,Home Builders & Developers,2024,1,100,626,1228,15.97,8.14,44x12 Mobile Office or Similar,44x12 Mobile Office or Similar,Medium Mobile Office - 2 offices + Med. Open Area (up to 576 SF) - MO4412 or similar,Offices,Mobile Offices,Mobile Offices
MO4412,Home Builders & Developers,2026,2,36,293,471,12.29,7.64,44x12 Mobile Office or Similar,44x12 Mobile Office or Similar,Medium Mobile Office - 2 offices + Med. Open Area (up to 576 SF) - MO4412 or similar,Offices,Mobile Offices,Mobile Offices
MO4412,Engineering & Architecture,2025,2,7,581,164,1.20,4.27,44x12 Mobile Office or Similar,44x12 Mobile Office or Similar,Medium Mobile Office - 2 offices + Med. Open Area (up to 576 SF) - MO4412 or similar,Offices,Mobile Offices,Mobile Offices
MO4412,Engineering & Architecture,2026,1,11,591,151,1.86,7.28,44x12 Mobile Office or Similar,44x12 Mobile Office or Similar,Medium Mobile Office - 2 offices + Med. Open Area (up to 576 SF) - MO4412 or similar,Offices,Mobile Offices,Mobile Offices
MO4412,"Arts, Media, Hotels & Entertainment",2024,2,73,655,1014,11.15,7.20,44x12 Mobile Office or Similar,44x12 Mobile Office or Similar,Medium Mobile Office - 2 offices + Med. Open Area (up to 576 SF) - MO4412 or similar,Offices,Mobile Offices,Mobile Offices
MO4412,"Arts, Media, Hotels & Entertainment",2024,1,53,626,898,8.47,5.90,44x12 Mobile Office or Similar,44x12 Mobile Office or Similar,Medium Mobile Office - 2 offices + Med. Open Area (up to 576 SF) - MO4412 or similar,Offices,Mobile Offices,Mobile Offices
MO4412,"Arts, Media, Hotels & Entertainment",2025,2,74,581,854,12.74,8.67,44x12 Mobile Office or Similar,44x12 Mobile Office or Similar,Medium Mobile Office - 2 offices + Med. Open Area (up to 576 SF) - MO4412 or similar,Offices,Mobile Offices,Mobile Offices
MO4412,Home Builders & Developers,2024,3,105,629,1231,16.69,8.53,44x12 Mobile Office or Similar,44x12 Mobile Office or Similar,Medium Mobile Office - 2 offices + Med. Open Area (up to 576 SF) - MO4412 or similar,Offices,Mobile Offices,Mobile Offices
MO4412,Highway & Heavy Construction,2024,4,21,508,280,4.13,7.50,44x12 Mobile Office or Similar,44x12 Mobile Office or Similar,Medium Mobile Office - 2 offices + Med. Open Area (up to 576 SF) - MO4412 or similar,Offices,Mobile Offices,Mobile Offices
MO4412,"Educational, Membership & Religious Organizations",2024,4,20,508,160,3.94,12.50,44x12 Mobile Office or Similar,44x12 Mobile Office or Similar,Medium Mobile Office - 2 offices + Med. Open Area (up to 576 SF) - MO4412 or similar,Offices,Mobile Offices,Mobile Offices
MO4412,Professional Services,2025,2,87,581,1340,14.97,6.49,44x12 Mobile Office or Similar,44x12 Mobile Office or Similar,Medium Mobile Office - 2 offices + Med. Open Area (up to 576 SF) - MO4412 or similar,Offices,Mobile Offices,Mobile Offices
MO4412,Subcontractors,2024,2,55,655,1051,8.40,5.23,44x12 Mobile Office or Similar,44x12 Mobile Office or Similar,Medium Mobile Office - 2 offices + Med. Open Area (up to 576 SF) - MO4412 or similar,Offices,Mobile Offices,Mobile Offices
MO4412,Engineering & Architecture,2024,3,17,629,202,2.70,8.42,44x12 Mobile Office or Similar,44x12 Mobile Office or Similar,Medium Mobile Office - 2 offices + Med. Open Area (up to 576 SF) - MO4412 or similar,Offices,Mobile Offices,Mobile Offices
MO4412,Subcontractors,2026,2,28,293,353,9.56,7.93,44x12 Mobile Office or Similar,44x12 Mobile Office or Similar,Medium Mobile Office - 2 offices + Med. Open Area (up to 576 SF) - MO4412 or similar,Offices,Mobile Offices,Mobile Offices
MO4412,Engineering & Architecture,2024,2,16,655,196,2.44,8.16,44x12 Mobile Office or Similar,44x12 Mobile Office or Similar,Medium Mobile Office - 2 offices + Med. Open Area (up to 576 SF) - MO4412 or similar,Offices,Mobile Offices,Mobile Offices
MO4412,Health Care,2026,2,1,293,18,0.34,5.56,44x12 Mobile Office or Similar,44x12 Mobile Office or Similar,Medium Mobile Office - 2 offices + Med. Open Area (up to 576 SF) - MO4412 or similar,Offices,Mobile Offices,Mobile Offices
MO4412,Health Care,2024,4,1,508,25,0.20,4.00,44x12 Mobile Office or Similar,44x12 Mobile Office or Similar,Medium Mobile Office - 2 offices + Med. Open Area (up to 576 SF) - MO4412 or similar,Offices,Mobile Offices,Mobile Offices
MO4412,Highway & Heavy Construction,2025,1,32,593,286,5.40,11.19,44x12 Mobile Office or Similar,44x12 Mobile Office or Similar,Medium Mobile Office - 2 offices + Med. Open Area (up to 576 SF) - MO4412 or similar,Offices,Mobile Offices,Mobile Offices
MO4412,"Arts, Media, Hotels & Entertainment",2026,1,57,591,655,9.64,8.70,44x12 Mobile Office or Similar,44x12 Mobile Office or Similar,Medium Mobile Office - 2 offices + Med. Open Area (up to 576 SF) - MO4412 or similar,Offices,Mobile Offices,Mobile Offices
MO4412,Manufacturing,2024,3,36,629,552,5.72,6.52,44x12 Mobile Office or Similar,44x12 Mobile Office or Similar,Medium Mobile Office - 2 offices + Med. Open Area (up to 576 SF) - MO4412 or similar,Offices,Mobile Offices,Mobile Offices
MO4412,Public Administration,2025,1,9,593,88,1.52,10.23,44x12 Mobile Office or Similar,44x12 Mobile Office or Similar,Medium Mobile Office - 2 offices + Med. Open Area (up to 576 SF) - MO4412 or similar,Offices,Mobile Offices,Mobile Offices
MO4412,Other,2026,1,5,591,73,0.85,6.85,44x12 Mobile Office or Similar,44x12 Mobile Office or Similar,Medium Mobile Office - 2 offices + Med. Open Area (up to 576 SF) - MO4412 or similar,Offices,Mobile Offices,Mobile Offices
MO4412,,2025,1,6,593,53,1.01,11.32,44x12 Mobile Office or Similar,44x12 Mobile Office or Similar,Medium Mobile Office - 2 offices + Med. Open Area (up to 576 SF) - MO4412 or similar,Offices,Mobile Offices,Mobile Offices
MO4412,Health Care,2026,1,3,591,35,0.51,8.57,44x12 Mobile Office or Similar,44x12 Mobile Office or Similar,Medium Mobile Office - 2 offices + Med. Open Area (up to 576 SF) - MO4412 or similar,Offices,Mobile Offices,Mobile Offices
MO4412,,2026,2,1,293,17,0.34,5.88,44x12 Mobile Office or Similar,44x12 Mobile Office or Similar,Medium Mobile Office - 2 offices + Med. Open Area (up to 576 SF) - MO4412 or similar,Offices,Mobile Offices,Mobile Offices
MO4412,Highway & Heavy Construction,2024,1,28,626,363,4.47,7.71,44x12 Mobile Office or Similar,44x12 Mobile Office or Similar,Medium Mobile Office - 2 offices + Med. Open Area (up to 576 SF) - MO4412 or similar,Offices,Mobile Offices,Mobile Offices
MO4412,Retail & Wholesale Trade,2025,2,35,581,462,6.02,7.58,44x12 Mobile Office or Similar,44x12 Mobile Office or Similar,Medium Mobile Office - 2 offices + Med. Open Area (up to 576 SF) - MO4412 or similar,Offices,Mobile Offices,Mobile Offices
MO4412,Home Builders & Developers,2024,4,63,508,1006,12.40,6.26,44x12 Mobile Office or Similar,44x12 Mobile Office or Similar,Medium Mobile Office - 2 offices + Med. Open Area (up to 576 SF) - MO4412 or similar,Offices,Mobile Offices,Mobile Offices
MO4412,Manufacturing,2025,1,35,593,630,5.90,5.56,44x12 Mobile Office or Similar,44x12 Mobile Office or Similar,Medium Mobile Office - 2 offices + Med. Open Area (up to 576 SF) - MO4412 or similar,Offices,Mobile Offices,Mobile Offices
MO4412,Subcontractors,2025,4,63,495,824,12.73,7.65,44x12 Mobile Office or Similar,44x12 Mobile Office or Similar,Medium Mobile Office - 2 offices + Med. Open Area (up to 576 SF) - MO4412 or similar,Offices,Mobile Offices,Mobile Offices
MO4412,Manufacturing,2026,1,39,591,583,6.60,6.69,44x12 Mobile Office or Similar,44x12 Mobile Office or Similar,Medium Mobile Office - 2 offices + Med. Open Area (up to 576 SF) - MO4412 or similar,Offices,Mobile Offices,Mobile Offices
MO4412,Engineering & Architecture,2025,1,12,593,217,2.02,5.53,44x12 Mobile Office or Similar,44x12 Mobile Office or Similar,Medium Mobile Office - 2 offices + Med. Open Area (up to 576 SF) - MO4412 or similar,Offices,Mobile Offices,Mobile Offices
MO4412,Manufacturing,2026,2,14,293,184,4.78,7.61,44x12 Mobile Office or Similar,44x12 Mobile Office or Similar,Medium Mobile Office - 2 offices + Med. Open Area (up to 576 SF) - MO4412 or similar,Offices,Mobile Offices,Mobile Offices
MO4412,Engineering & Architecture,2024,4,11,508,134,2.17,8.21,44x12 Mobile Office or Similar,44x12 Mobile Office or Similar,Medium Mobile Office - 2 offices + Med. Open Area (up to 576 SF) - MO4412 or similar,Offices,Mobile Offices,Mobile Offices
MO4412,"Educational, Membership & Religious Organizations",2025,3,6,571,124,1.05,4.84,44x12 Mobile Office or Similar,44x12 Mobile Office or Similar,Medium Mobile Office - 2 offices + Med. Open Area (up to 576 SF) - MO4412 or similar,Offices,Mobile Offices,Mobile Offices
