unit_code,market_segment,year,quarter,unit_market_activations,unit_activations,market_activations,market_contribution_to_product,product_share_in_market,product_name,unit_description,unit_detaileddescription,unit_l1_purpose,unit_l2_core_solution,unit_l3_products,market_segment_was_invalid,period_start,period_label,previous_period_activations,previous_product_share_in_market,previous_market_contribution_to_product,activation_growth_rate,product_share_change,market_contribution_change,rolling_4_period_activations,rolling_4_period_product_share,rolling_4_period_market_contribution,recent_2_period_avg_activations,previous_2_period_avg_activations,momentum_score,recent_growth,longer_term_growth,trend_score,periods_observed_total,total_historical_unit_market_activations,total_historical_unit_activations,total_historical_market_activations,global_latest_period,is_global_latest_period,latest_unit_market_activations,latest_unit_activations,latest_market_activations,latest_product_share_in_market,latest_market_contribution_to_product,historical_product_share_in_market,historical_market_contribution_to_product,blended_product_share_in_market,blended_market_contribution_to_product,latest_activations,historical_activations,periods_observed,support_sufficient,low_support_pair,normalized_latest_activations,normalized_total_activations,normalized_periods_observed,normalized_market_activations,support_score,confidence_level,normalized_blended_product_share_in_market,normalized_blended_market_contribution_to_product,normalized_momentum_score,normalized_trend_score,recommendation_score,market_share_p25,market_share_median,market_share_p75,product_contribution_p80,recommendation_label,include_in_primary_recommendations,review_reason
MO6012,"Arts, Media, Hotels & Entertainment",2026,2,82,782,313,0.10485933503836317,0.26198083067092653,60x12 Mobile Office or Similar,60x12 Mobile Office or Similar,Large Mobile Office - 2 offices + Lg. Open Area (up to 720 SF) - MO6012 or similar,Offices,Mobile Offices,Mobile Offices,0,2026-04-01,2026-Q2,179.0,0.2732824427480916,0.0843941537010844,-0.541899441340782,-0.011301612077165069,0.020465181337278773,438.0,0.22616560689544984,0.07554610378144605,130.5,88.5,1.4745762711864407,0.47457627118644075,-0.28431372549019607,0.171020272515786,10,1418,17125,7114,2026-04-01,True,82,782,313,0.26198083067092653,0.10485933503836317,0.19932527410739387,0.0828029197080292,0.24005138587369013,0.09713958967274627,82,1418,10,True,False,0.6377952755905512,0.46386333771353483,1.0,0.5314183123877917,0.6387223458952093,Medium,0.6548950021223439,0.14373300228065045,0.46193387051958884,0.4723528522867651,0.48426315492404715,0.02435183585941996,0.05648602943752183,0.08701889178607451,0.1079011824444154,Core Recommendation,True,No review flag
MO4412,"Arts, Media, Hotels & Entertainment",2026,2,48,293,313,0.16382252559726962,0.15335463258785942,44x12 Mobile Office or Similar,44x12 Mobile Office or Similar,Medium Mobile Office - 2 offices + Med. Open Area (up to 576 SF) - MO4412 or similar,Offices,Mobile Offices,Mobile Offices,0,2026-04-01,2026-Q2,57.0,0.08702290076335878,0.09644670050761421,-0.1578947368421053,0.06633173182450064,0.06737582508965541,161.0,0.0917402808389113,0.09106458226079966,52.5,28.0,1.875,0.875,-0.16145833333333337,0.4604166666666667,10,479,5542,7114,2026-04-01,True,48,293,313,0.15335463258785942,0.16382252559726962,0.06733202136631994,0.0864308913749549,0.1232467186603206,0.13673545361945946,48,479,10,True,False,0.3700787401574803,0.15538764783180026,1.0,0.5314183123877917,0.43705506703502744,Medium,0.3307522279418375,0.20403838711052016,0.6096311475409837,0.6363676244381058,0.422972979033822,0.02435183585941996,0.05648602943752183,0.08701889178607451,0.13654530775228074,Core Recommendation,True,No review flag
MO3610,"Arts, Media, Hotels & Entertainment",2026,2,31,263,313,0.11787072243346007,0.09904153354632587,36x10 Mobile Office or Similar,36x10 Mobile Office or Similar,Small Mobile Office - 1 office + Sm. Open Area (up to 360 SF) - MO3610 or similar,Offices,Mobile Offices,Mobile Offices,0,2026-04-01,2026-Q2,20.0,0.030534351145038167,0.04175365344467641,0.55,0.06850718240128771,0.07611706898878366,82.0,0.04979344558579419,0.05575468001351631,25.5,15.5,1.6451612903225807,0.6451612903225807,-0.359375,0.24334677419354842,10,287,4825,7114,2026-04-01,True,31,263,313,0.09904153354632587,0.11787072243346007,0.04034298566207478,0.059481865284974095,0.07849704178683799,0.09743462243148998,31,287,10,True,False,0.23622047244094488,0.09231274638633377,1.0,0.5314183123877917,0.3681284578283267,Medium,0.20656811140345643,0.14418234375928068,0.5248545742993127,0.5133437386037419,0.32799864649756594,0.02435183585941996,0.05648602943752183,0.08701889178607451,0.11896421127287773,Emerging Opportunity,True,No review flag
30W,"Arts, Media, Hotels & Entertainment",2026,2,7,96,313,0.07291666666666667,0.022364217252396165,30' OPEN BAY OFFICE,Ground Level Office - 30' x 10',Medium Size Ground Level Office (300 SF),Offices,Ground Level Offices,Standard Ground Level Offices,0,2026-04-01,2026-Q2,20.0,0.030534351145038167,0.08130081300813008,-0.65,-0.008170133892642002,-0.008384146341463408,40.0,0.02183018807880606,0.05573140341152215,13.5,6.5,2.076923076923077,1.076923076923077,0.17647058823529416,0.7167420814479638,10,93,2034,7114,2026-04-01,True,7,96,313,0.022364217252396165,0.07291666666666667,0.013072814169243744,0.045722713864306784,0.01911222617329282,0.06339878318584072,7,93,10,True,False,0.047244094488188976,0.028580814717477004,1.0,0.5314183123877917,0.27968054946076226,Low,0.041770254122552225,0.09234500068529933,0.684110970996217,0.7816394915092401,0.3270202767185693,0.02435183585941996,0.05648602943752183,0.08701889178607451,0.11106962881022621,Low Priority,False,Low confidence
MO248,"Arts, Media, Hotels & Entertainment",2026,2,6,88,313,0.06818181818181818,0.019169329073482427,24x8 Mobile Office (20x8 Box),24x8 Mobile Office (20x8 Box),"Small Mobile Office - Open Space
(up to 192 SF) - MO248 or similar",Offices,Mobile Offices,Mobile Offices,0,2026-04-01,2026-Q2,24.0,0.0366412213740458,0.10256410256410256,-0.75,-0.017471892300563376,-0.034382284382284384,44.0,0.022861950298498426,0.05935951346513556,15.0,7.0,2.142857142857143,1.1428571428571428,-0.5416666666666667,0.46904761904761894,10,222,2294,7114,2026-04-01,True,6,88,313,0.019169329073482427,0.06818181818181818,0.031206072533033456,0.0967741935483871,0.023382189284325287,0.0781891495601173,6,222,10,True,False,0.03937007874015748,0.07095926412614981,1.0,0.5314183123877917,0.2917571012419867,Low,0.053619760837298185,0.11487105889117294,0.7084309133489461,0.6412591977846379,0.3206987675532069,0.02435183585941996,0.05648602943752183,0.08701889178607451,0.12824215344376635,Low Priority,False,Low confidence
MO5012,"Arts, Media, Hotels & Entertainment",2026,2,24,81,313,0.2962962962962963,0.07667731629392971,50x12 Mobile Office or Similar,50x12 Mobile Office or Similar,Medium Mobile Office - 2 offices + Med. Open Area (up to 672 SF) - MO5012 or similar,Offices,Mobile Offices,Mobile Offices,0,2026-04-01,2026-Q2,8.0,0.012213740458015267,0.049079754601226995,2.0,0.06446357583591444,0.2472165416950693,60.0,0.032723908611394646,0.13498399886436696,16.0,14.0,1.1428571428571428,0.1428571428571428,0.016949152542372836,0.0924939467312348,10,157,1532,7114,2026-04-01,True,24,81,313,0.07667731629392971,0.2962962962962963,0.02206915940399213,0.10248041775456919,0.057564461382451554,0.22846073880669182,24,157,10,True,False,0.18110236220472442,0.049605781865965835,1.0,0.5314183123877917,0.3338896816635208,Low,0.14847844046043016,0.34373804435981636,0.33957845433255274,0.42784822924464033,0.295467518512827,0.02435183585941996,0.05648602943752183,0.08701889178607451,0.15432501692292816,Low Priority,False,Low confidence
20W,"Arts, Media, Hotels & Entertainment",2026,2,24,415,313,0.05783132530120482,0.07667731629392971,20' OPEN BAY OFFICE,Ground Level Office - 20' x 8',Small Ground Level Office (160 SF),Offices,Ground Level Offices,Standard Ground Level Offices,0,2026-04-01,2026-Q2,146.0,0.22290076335877862,0.12036273701566365,-0.8356164383561644,-0.1462234470648489,-0.06253141171445883,496.0,0.19920103700417524,0.11638003258471921,85.0,163.0,0.5214723926380368,-0.4785276073619632,-0.4643628509719222,-0.4728617048059468,10,1882,11726,7114,2026-04-01,True,24,415,313,0.07667731629392971,0.05783132530120482,0.2645487770593197,0.16049803854681904,0.1424323275618162,0.0937646749371698,24,1882,10,True,False,0.18110236220472442,0.6162943495400789,1.0,0.5314183123877917,0.5322306803494603,Medium,0.3839939060531483,0.1385929317881658,0.11037916121894802,0.10743415275480231,0.2609423153830066,0.02435183585941996,0.05648602943752183,0.08701889178607451,0.10797409936522484,Declining Product,True,No review flag
MO4410,"Arts, Media, Hotels & Entertainment",2026,2,23,250,313,0.092,0.07348242811501597,44x10 Mobile Office or Similar,44x10 Mobile Office or Similar,Medium Mobile Office - 2 offices + Sm. Open Area (up to 480 SF) - MO4410 or similar,Offices,Mobile Offices,Mobile Offices,0,2026-04-01,2026-Q2,43.0,0.06564885496183206,0.0899581589958159,-0.4651162790697675,0.007833573153183906,0.0020418410041841,139.0,0.0695970756695106,0.08897427059781526,33.0,36.5,0.9041095890410958,-0.09589041095890416,-0.08552631578947367,-0.09174477289113196,10,430,4476,7114,2026-04-01,True,23,250,313,0.07348242811501597,0.092,0.0604441945459657,0.09606791778373548,0.06891904636584838,0.09342377122430742,23,430,10,True,False,0.1732283464566929,0.1392904073587385,1.0,0.5314183123877917,0.3625233950741802,Medium,0.17998836865074216,0.1380737278222727,0.25151583202335503,0.32343133867148854,0.2348076326261985,0.02435183585941996,0.05648602943752183,0.08701889178607451,0.12654336014298484,Low Priority,True,No review flag
MO5010,"Arts, Media, Hotels & Entertainment",2026,2,20,97,313,0.20618556701030927,0.06389776357827476,50x10 Mobile Office or Similar,50x10 Mobile Office or Similar,Medium Mobile Office - 2 offices + Med. Open Area (up to 560 SF) - MO5010 or similar,Offices,Mobile Offices,Mobile Offices,0,2026-04-01,2026-Q2,22.0,0.03358778625954199,0.09282700421940929,-0.09090909090909094,0.03030997731873277,0.11335856279089998,93.0,0.04052871506596092,0.12904720085618104,21.0,25.5,0.8235294117647058,-0.17647058823529416,-0.2734375,-0.21525735294117648,10,282,1910,7114,2026-04-01,True,20,97,313,0.06389776357827476,0.20618556701030927,0.039640146190610064,0.14764397905759163,0.055407597492592116,0.18569601122685808,20,282,10,True,False,0.14960629921259844,0.09067017082785808,1.0,0.5314183123877917,0.33723859575293896,Low,0.14249296178506457,0.2786064094669125,0.2217936354869817,0.25343085461510956,0.23142831508150546,0.02435183585941996,0.05648602943752183,0.08701889178607451,0.12706104604091326,Declining Product,False,Low confidence
40W,"Arts, Media, Hotels & Entertainment",2026,2,26,282,313,0.09219858156028368,0.08306709265175719,40' OPEN BAY OFFICE,Ground Level Office - 40' x 8',Large Ground Level Office (320 SF),Offices,Ground Level Offices,Standard Ground Level Offices,0,2026-04-01,2026-Q2,49.0,0.07480916030534351,0.06041923551171394,-0.4693877551020408,0.008257932346413671,0.031779346048569745,210.0,0.09511253060672457,0.08854613974211055,37.5,67.5,0.5555555555555556,-0.4444444444444444,-0.35779816513761464,-0.4097859327217125,10,729,7087,7114,2026-04-01,True,26,282,313,0.08306709265175719,0.09219858156028368,0.10247399493955581,0.1028643996049104,0.08985950845248669,0.09593161787590303,26,729,10,True,False,0.1968503937007874,0.23751642575558476,1.0,0.5314183123877917,0.40517021804850945,Medium,0.2380999119248258,0.1418932342642158,0.12295081967213117,0.14318220834830736,0.20665164832423966,0.02435183585941996,0.05648602943752183,0.08701889178607451,0.09438105631427836,Declining Product,True,No review flag
HQ208,"Arts, Media, Hotels & Entertainment",2026,2,5,24,313,0.20833333333333334,0.01597444089456869,20x8 HQ Ground Level Office,HQ Ground Level Office - 20' x 8',Small HQ Ground Level Office+ (160 SF),Offices,Ground Level Offices,Standard Ground Level Offices,0,2026-04-01,2026-Q2,8.0,0.012213740458015267,0.22857142857142856,-0.375,0.0037607004365534224,-0.02023809523809522,30.0,0.022854688014307133,0.17331349206349206,6.5,8.5,0.7647058823529411,-0.23529411764705888,-0.8181818181818181,-0.4684491978609626,9,328,798,6802,2026-04-01,True,5,24,313,0.01597444089456869,0.20833333333333334,0.04822111143781241,0.41102756892230574,0.02726077558470399,0.27927631578947365,5,328,9,True,False,0.031496062992125984,0.10578186596583443,0.8571428571428571,0.5314183123877917,0.27261767780263674,Low,0.06438316398973111,0.4211313026410997,0.20009643201542912,0.10993493139553571,0.200943387507951,0.02435183585941996,0.05648602943752183,0.08701889178607451,0.18237200475740722,Declining Product,False,Low confidence
MO328,"Arts, Media, Hotels & Entertainment",2026,2,2,130,313,0.015384615384615385,0.006389776357827476,32x8 Mobile Office or Similar,32x8 Mobile Office or Similar,Small Mobile Office - 1 office + Sm. Open Area (up to 288 SF) - MO328 or similar,Offices,Mobile Offices,Mobile Offices,0,2026-04-01,2026-Q2,34.0,0.051908396946564885,0.09970674486803519,-0.9411764705882353,-0.04551862058873741,-0.0843221294834198,59.0,0.02887865854080699,0.04677919524734529,18.0,11.5,1.1,0.5652173913043479,-0.42156862745098034,0.1,10,236,3461,7114,2026-04-01,True,2,130,313,0.006389776357827476,0.015384615384615385,0.03317402305313467,0.06818838485986708,0.015764262701184993,0.033865934700953476,2,236,10,False,True,0.007874015748031496,0.07555847568988174,1.0,0.5314183123877917,0.2823432032420488,Low,0.032479373941183776,0.04736581307620567,0.32377049180327877,0.4321022684846403,0.19113789391725539,0.02435183585941996,0.05648602943752183,0.08701889178607451,0.1366038717133777,Insufficient Data,False,Insufficient current observation history; Low confidence
25W,"Arts, Media, Hotels & Entertainment",2026,2,11,89,313,0.12359550561797752,0.03514376996805112,25' OPEN BAY OFFICE,Ground Level Office - 25' x 10',Medium Size Ground Level Office (250 SF),Offices,Ground Level Offices,Standard Ground Level Offices,0,2026-04-01,2026-Q2,10.0,0.015267175572519083,0.04405286343612335,0.10000000000000009,0.019876594395532035,0.07954264218185417,57.0,0.0315210443339402,0.08089286486594471,10.5,18.0,0.5833333333333334,-0.41666666666666663,0.2954545454545454,-0.1318181818181818,10,124,2364,7114,2026-04-01,True,11,89,313,0.03514376996805112,0.12359550561797752,0.01743041889232499,0.05245346869712352,0.028944097091546973,0.09869579269567863,11,124,10,True,False,0.07874015748031496,0.03876478318002628,1.0,0.5314183123877917,0.29426856046989863,Low,0.06905452272978102,0.1461031342292206,0.13319672131147545,0.3007198219859321,0.16582458529544813,0.02435183585941996,0.05648602943752183,0.08701889178607451,0.10826047073138274,Declining Product,False,Low confidence
10W,"Arts, Media, Hotels & Entertainment",2026,2,4,138,313,0.028985507246376812,0.012779552715654952,10' OPEN BAY OFFICE,Ground Level Office - 10' x 8',Small Ground Level Office (80 SF),Offices,Ground Level Offices,Standard Ground Level Offices,0,2026-04-01,2026-Q2,19.0,0.02900763358778626,0.06690140845070422,-0.7894736842105263,-0.016228080872131307,-0.037915901204327404,94.0,0.0446535180618211,0.09216956632915611,11.5,35.5,0.323943661971831,-0.676056338028169,-0.10476190476190472,-0.44753856472166326,10,245,2554,7114,2026-04-01,True,4,138,313,0.012779552715654952,0.028985507246376812,0.03443913410177116,0.09592795614722005,0.02036040620079562,0.05241536436167195,4,245,10,False,True,0.023622047244094488,0.07851511169513797,1.0,0.5314183123877917,0.2888898368675106,Low,0.04523405866430387,0.0756170085942437,0.03752020318633111,0.12178598690002954,0.09779903352053715,0.02435183585941996,0.05648602943752183,0.08701889178607451,0.0946909082655227,Low Priority,False,Below minimum support thresholds; Low confidence
MO4410,"Educational, Membership & Religious Organizations",2026,2,23,250,127,0.092,0.18110236220472442,44x10 Mobile Office or Similar,44x10 Mobile Office or Similar,Medium Mobile Office - 2 offices + Sm. Open Area (up to 480 SF) - MO4410 or similar,Offices,Mobile Offices,Mobile Offices,0,2026-04-01,2026-Q2,21.0,0.11475409836065574,0.043933054393305436,0.09523809523809534,0.06634826384406868,0.04806694560669456,59.0,0.09884498024398433,0.04394056173497232,22.0,7.5,2.933333333333333,1.9333333333333331,-0.14492753623188404,1.1020289855072463,10,190,4476,1849,2026-04-01,True,23,250,127,0.18110236220472442,0.092,0.10275824770146025,0.04244861483467382,0.15368192212858195,0.07465701519213583,23,190,10,True,False,0.1732283464566929,0.06044678055190539,1.0,0.19748653500897667,0.30153494795390706,Low,0.41521247700816255,0.10949153938836353,1.0,1.0,0.5416922931732076,0.01913754667208048,0.060806011336197896,0.09455057639158004,0.12654336014298484,Low Priority,False,Low confidence
MO6012,"Educational, Membership & Religious Organizations",2026,2,16,782,127,0.020460358056265986,0.12598425196850394,60x12 Mobile Office or Similar,60x12 Mobile Office or Similar,Large Mobile Office - 2 offices + Lg. Open Area (up to 720 SF) - MO6012 or similar,Offices,Mobile Offices,Mobile Offices,0,2026-04-01,2026-Q2,43.0,0.23497267759562843,0.020273455917020275,-0.627906976744186,-0.10898842562712449,0.0001869021392457114,104.0,0.166073176672558,0.017701559644007978,29.5,22.5,1.3111111111111111,0.3111111111111111,-0.1333333333333333,0.13333333333333336,10,296,17125,1849,2026-04-01,True,16,782,127,0.12598425196850394,0.020460358056265986,0.16008653326122227,0.017284671532846716,0.13792005042095534,0.019348867773069243,16,296,10,True,False,0.11811023622047244,0.09526938239159001,1.0,0.19748653500897667,0.2944315200151195,Low,0.37147195752828227,0.025255996029021278,0.4016393442622952,0.45099386209883363,0.308634462633841,0.01913754667208048,0.060806011336197896,0.09455057639158004,0.1079011824444154,Low Priority,False,Low confidence
MO328,"Educational, Membership & Religious Organizations",2026,2,12,130,127,0.09230769230769231,0.09448818897637795,32x8 Mobile Office or Similar,32x8 Mobile Office or Similar,Small Mobile Office - 1 office + Sm. Open Area (up to 288 SF) - MO328 or similar,Offices,Mobile Offices,Mobile Offices,0,2026-04-01,2026-Q2,18.0,0.09836065573770492,0.05278592375366569,-0.33333333333333337,-0.0038724667613269648,0.03952176855402662,52.0,0.0854189560465559,0.053696219911145864,15.0,11.0,1.3636363636363635,0.36363636363636354,-0.1333333333333333,0.1648484848484848,10,152,3461,1849,2026-04-01,True,12,130,127,0.09448818897637795,0.09230769230769231,0.0822065981611682,0.04391794279110084,0.09018963219105454,0.0753712799768853,12,152,10,True,False,0.08661417322834646,0.047963206307490146,1.0,0.19748653500897667,0.2668507363384405,Low,0.23901603306103647,0.1105793806026052,0.4210134128166916,0.4688550051522528,0.2883792298257743,0.01913754667208048,0.060806011336197896,0.09455057639158004,0.1366038717133777,Low Priority,False,Low confidence
20W,"Educational, Membership & Religious Organizations",2026,2,21,415,127,0.05060240963855422,0.16535433070866143,20' OPEN BAY OFFICE,Ground Level Office - 20' x 8',Small Ground Level Office (160 SF),Offices,Ground Level Offices,Standard Ground Level Offices,0,2026-04-01,2026-Q2,25.0,0.1366120218579235,0.020610057708161583,-0.16000000000000003,0.02874230885073792,0.029992351930392635,106.0,0.17680207201261397,0.033972417709790925,23.0,30.0,0.7666666666666667,-0.23333333333333328,-0.07826086956521738,-0.17130434782608692,10,318,11726,1849,2026-04-01,True,21,415,127,0.16535433070866143,0.05060240963855422,0.1719848566792861,0.02711922224117346,0.16767501479838007,0.04238329404947095,21,318,10,True,False,0.15748031496062992,0.10249671484888305,1.0,0.19748653500897667,0.3107406139342272,Low,0.45404448591297547,0.06033794152724485,0.2008196721311476,0.27834112393781457,0.2768071291863774,0.01913754667208048,0.060806011336197896,0.09455057639158004,0.10797409936522484,Declining Product,False,Low confidence
10W,"Educational, Membership & Religious Organizations",2026,2,5,138,127,0.036231884057971016,0.03937007874015748,10' OPEN BAY OFFICE,Ground Level Office - 10' x 8',Small Ground Level Office (80 SF),Offices,Ground Level Offices,Standard Ground Level Offices,0,2026-04-01,2026-Q2,4.0,0.02185792349726776,0.014084507042253521,0.25,0.01751215524288972,0.022147377015717493,15.0,0.02621242577929766,0.018418104583225937,4.5,3.0,1.5,0.5,-0.31818181818181823,0.1727272727272727,10,48,2554,1849,2026-04-01,True,5,138,127,0.03937007874015748,0.036231884057971016,0.025959978366684695,0.018794048551292093,0.034676543609442,0.03012864163063339,5,48,10,True,False,0.031496062992125984,0.013797634691195795,1.0,0.19748653500897667,0.2356014476900603,Low,0.08496254388579862,0.04167383228924859,0.4713114754098361,0.4733202909156076,0.2344240854964067,0.01913754667208048,0.060806011336197896,0.09455057639158004,0.0946909082655227,Low Priority,False,Low confidence
40W,"Educational, Membership & Religious Organizations",2026,2,14,282,127,0.04964539007092199,0.11023622047244094,40' OPEN BAY OFFICE,Ground Level Office - 40' x 8',Large Ground Level Office (320 SF),Offices,Ground Level Offices,Standard Ground Level Offices,0,2026-04-01,2026-Q2,5.0,0.0273224043715847,0.006165228113440197,1.7999999999999998,0.08291381610085624,0.04348016195748179,39.0,0.07232953890895362,0.02151651808581514,9.5,10.0,0.95,-0.050000000000000044,-0.26415094339622647,-0.13566037735849062,10,144,7087,1849,2026-04-01,True,14,282,127,0.11023622047244094,0.04964539007092199,0.07787993510005409,0.020318893749118102,0.09891152059210555,0.03938111635829063,14,144,10,True,False,0.10236220472440945,0.04533508541392904,1.0,0.19748653500897667,0.27144270504931617,Low,0.2632200068392851,0.0557655578753077,0.26844262295081966,0.29854226608391876,0.22930538388699626,0.01913754667208048,0.060806011336197896,0.09455057639158004,0.09438105631427836,Declining Product,False,Low confidence
MO248,"Educational, Membership & Religious Organizations",2026,2,10,88,127,0.11363636363636363,0.07874015748031496,24x8 Mobile Office (20x8 Box),24x8 Mobile Office (20x8 Box),"Small Mobile Office - Open Space
(up to 192 SF) - MO248 or similar",Offices,Mobile Offices,Mobile Offices,0,2026-04-01,2026-Q2,10.0,0.0546448087431694,0.042735042735042736,0.0,0.024095348737145562,0.0709013209013209,41.0,0.06555848495763061,0.06256879703473192,10.0,10.5,0.9523809523809523,-0.04761904761904767,-0.2545454545454545,-0.13038961038961042,10,125,2294,1849,2026-04-01,True,10,88,127,0.07874015748031496,0.11363636363636363,0.06760411032990805,0.05448997384481256,0.07484254097767254,0.09293512720932076,10,125,10,True,False,0.07086614173228346,0.039093298291721416,1.0,0.19748653500897667,0.2582344575092994,Low,0.19642656433356157,0.13732951207771313,0.2693208430913349,0.3015294617122547,0.2242226282171112,0.01913754667208048,0.060806011336197896,0.09455057639158004,0.12824215344376635,Declining Product,False,Low confidence
MO3610,"Educational, Membership & Religious Organizations",2026,2,6,263,127,0.022813688212927757,0.047244094488188976,36x10 Mobile Office or Similar,36x10 Mobile Office or Similar,Small Mobile Office - 1 office + Sm. Open Area (up to 360 SF) - MO3610 or similar,Offices,Mobile Offices,Mobile Offices,0,2026-04-01,2026-Q2,22.0,0.12021857923497267,0.04592901878914405,-0.7272727272727273,-0.0729744847467837,-0.023115330576216293,62.0,0.09373516989706607,0.0351511605885928,14.0,17.0,0.8235294117647058,-0.17647058823529416,0.06896551724137923,-0.0782961460446248,10,159,4825,1849,2026-04-01,True,6,263,127,0.047244094488188976,0.022813688212927757,0.08599242833964305,0.03295336787564767,0.060806011336197896,0.026362576094879728,6,159,10,True,False,0.03937007874015748,0.05026281208935611,1.0,0.19748653500897667,0.25112016529122744,Low,0.1574740141795235,0.03593803039504629,0.2217936354869817,0.33105331846308284,0.18611455999340917,0.01913754667208048,0.060806011336197896,0.09455057639158004,0.11896421127287773,Declining Product,False,Low confidence
30W,"Educational, Membership & Religious Organizations",2026,2,3,96,127,0.03125,0.023622047244094488,30' OPEN BAY OFFICE,Ground Level Office - 30' x 10',Medium Size Ground Level Office (300 SF),Offices,Ground Level Offices,Standard Ground Level Offices,0,2026-04-01,2026-Q2,3.0,0.01639344262295082,0.012195121951219513,0.0,0.007228604621143667,0.019054878048780487,12.0,0.01912227422629212,0.01920030987946585,3.0,3.0,1.0,0.0,-0.19999999999999996,-0.07999999999999999,10,40,2034,1849,2026-04-01,True,3,96,127,0.023622047244094488,0.03125,0.02163331530557058,0.01966568338249754,0.02292599106561112,0.02719548918387414,3,40,10,False,True,0.015748031496062992,0.011169513797634692,1.0,0.19748653500897667,0.22916979435369186,Low,0.05235377241647514,0.037206575625660286,0.2868852459016394,0.3300876629679963,0.1644131146286557,0.01913754667208048,0.060806011336197896,0.09455057639158004,0.11106962881022621,Low Priority,False,Below minimum support thresholds; Low confidence
18W,"Educational, Membership & Religious Organizations",2026,2,1,35,127,0.02857142857142857,0.007874015748031496,OFFICE-STEEL-18'X10'-OPEN BAY,Ground Level Office - 18' x 10',Small Ground Level Office (180 SF),Offices,Ground Level Offices,Standard Ground Level Offices,0,2026-04-01,2026-Q2,6.0,0.03278688524590164,0.057692307692307696,-0.8333333333333334,-0.024912869497870145,-0.029120879120879125,13.0,0.017538060746318782,0.03427267065326767,3.5,3.0,1.1,0.16666666666666674,-0.1333333333333333,0.046666666666666724,8,28,930,1547,2026-04-01,True,1,35,127,0.007874015748031496,0.02857142857142857,0.01809954751131222,0.030107526881720432,0.011452951865179748,0.02910906298003072,1,28,8,False,True,0.0,0.007227332457293035,0.7142857142857143,0.19748653500897667,0.1651353627180931,Low,0.02051512381251031,0.04012099124070728,0.32377049180327877,0.401875718701931,0.16398449596555392,0.01913754667208048,0.060806011336197896,0.09455057639158004,0.16254385964912282,Insufficient Data,False,Insufficient current observation history; Low confidence
MO4412,"Educational, Membership & Religious Organizations",2026,2,9,293,127,0.030716723549488054,0.07086614173228346,44x12 Mobile Office or Similar,44x12 Mobile Office or Similar,Medium Mobile Office - 2 offices + Med. Open Area (up to 576 SF) - MO4412 or similar,Offices,Mobile Offices,Mobile Offices,0,2026-04-01,2026-Q2,11.0,0.060109289617486336,0.018612521150592216,-0.18181818181818177,0.010756852114797127,0.012104202398895838,55.0,0.08603381384917266,0.02960574604915547,10.0,17.5,0.5714285714285714,-0.4285714285714286,-0.2028985507246377,-0.33830227743271224,10,159,5542,1849,2026-04-01,True,9,293,127,0.07086614173228346,0.030716723549488054,0.08599242833964305,0.028690003608805484,0.07616034204485932,0.030007371570249155,9,159,10,True,False,0.06299212598425197,0.05026281208935611,1.0,0.19748653500897667,0.2593878818266605,Low,0.2000835731152026,0.041489135279741365,0.1288056206088993,0.18369541332161363,0.16054651738453002,0.01913754667208048,0.060806011336197896,0.09455057639158004,0.13654530775228074,Declining Product,False,Low confidence
HQ208,"Educational, Membership & Religious Organizations",2026,2,3,24,127,0.125,0.023622047244094488,20x8 HQ Ground Level Office,HQ Ground Level Office - 20' x 8',Small HQ Ground Level Office+ (160 SF),Offices,Ground Level Offices,Standard Ground Level Offices,0,2026-04-01,2026-Q2,3.0,0.024193548387096774,0.08333333333333333,0.0,-0.0005715011430022857,0.04166666666666667,15.0,0.022882202813629814,0.07885949834479246,3.0,4.5,0.6666666666666666,-0.33333333333333337,0.0714285714285714,-0.17142857142857146,7,29,693,1330,2026-04-01,True,3,24,127,0.023622047244094488,0.125,0.02180451127819549,0.04184704184704185,0.022985909656029837,0.09589646464646465,3,29,7,False,True,0.015748031496062992,0.0075558475689881735,0.5714285714285714,0.19748653500897667,0.14219072545937986,Low,0.05252005154372807,0.1418396951109308,0.1639344262295082,0.27827072048335166,0.13998005662261592,0.01913754667208048,0.060806011336197896,0.09455057639158004,0.18237200475740722,Low Priority,False,Below minimum support thresholds; Low confidence
HQ408,"Educational, Membership & Religious Organizations",2026,2,1,7,127,0.14285714285714285,0.007874015748031496,40x8 HQ Ground Level Office,HQ Ground Level Office - 40' x 8',Large HQ Ground Level Office+ (320 SF),Offices,Ground Level Offices,Standard Ground Level Offices,0,2026-04-01,2026-Q2,5.0,0.0273224043715847,0.1111111111111111,-0.8,-0.019448388623553203,0.031746031746031744,22.0,0.03527759965355996,0.1624407338693053,3.0,8.0,0.375,-0.625,0.8333333333333333,-0.041666666666666685,8,34,286,1495,2026-04-01,True,1,7,127,0.007874015748031496,0.14285714285714285,0.02274247491638796,0.11888111888111888,0.013077976456956257,0.13446553446553447,1,34,8,False,True,0.0,0.009198423127463863,0.7142857142857143,0.19748653500897667,0.1658252444526529,Low,0.025024703710784198,0.20058124955962953,0.05635245901639346,0.3518129956243186,0.13653988883998558,0.01913754667208048,0.060806011336197896,0.09455057639158004,0.5543773041118175,Insufficient Data,False,Insufficient current observation history; Low confidence
25W,"Educational, Membership & Religious Organizations",2026,2,2,89,127,0.02247191011235955,0.015748031496062992,25' OPEN BAY OFFICE,Ground Level Office - 25' x 10',Medium Size Ground Level Office (250 SF),Offices,Ground Level Offices,Standard Ground Level Offices,0,2026-04-01,2026-Q2,2.0,0.011363636363636364,0.009389671361502348,0.0,0.004384395132426628,0.013082238750857202,9.0,0.016032909284433287,0.013197024044077552,2.0,2.5,0.8,-0.19999999999999996,-0.3076923076923077,-0.24307692307692305,8,22,1942,1506,2026-04-01,True,2,89,127,0.015748031496062992,0.02247191011235955,0.014608233731739707,0.01132852729145211,0.015349102278549843,0.018571726125041946,2,22,8,False,True,0.007874015748031496,0.005256241787122208,0.7142857142857143,0.19748653500897667,0.16720138649534433,Low,0.03132726885554465,0.024072391948184054,0.2131147540983607,0.23766417420932734,0.11756544397167308,0.01913754667208048,0.060806011336197896,0.09455057639158004,0.10826047073138274,Insufficient Data,False,Insufficient current observation history; Low confidence
MO5010,"Educational, Membership & Religious Organizations",2026,2,1,97,127,0.010309278350515464,0.007874015748031496,50x10 Mobile Office or Similar,50x10 Mobile Office or Similar,Medium Mobile Office - 2 offices + Med. Open Area (up to 560 SF) - MO5010 or similar,Offices,Mobile Offices,Mobile Offices,0,2026-04-01,2026-Q2,2.0,0.01092896174863388,0.008438818565400843,-0.5,-0.003054946000602384,0.0018704597851146205,9.0,0.014320560042369108,0.010976360046988288,1.5,3.0,0.5,-0.5,-0.25,-0.4,9,22,1769,1673,2026-04-01,True,1,97,127,0.007874015748031496,0.010309278350515464,0.01315002988643156,0.01243640474844545,0.009720620696471519,0.011053772589790959,1,22,9,False,True,0.0,0.005256241787122208,0.8571428571428571,0.19748653500897667,0.19301690955496187,Low,0.01570775913932735,0.012622380864033323,0.10245901639344264,0.14872836427174024,0.07899039826729871,0.01913754667208048,0.060806011336197896,0.09455057639158004,0.12706104604091326,Insufficient Data,False,Insufficient current observation history; Low confidence
MO6012,Engineering & Architecture,2026,2,21,782,116,0.026854219948849106,0.1810344827586207,60x12 Mobile Office or Similar,60x12 Mobile Office or Similar,Large Mobile Office - 2 offices + Lg. Open Area (up to 720 SF) - MO6012 or similar,Offices,Mobile Offices,Mobile Offices,0,2026-04-01,2026-Q2,34.0,0.2251655629139073,0.01603017444601603,-0.38235294117647056,-0.044131080155286606,0.010824045502833075,112.0,0.20128744577672164,0.01998961011098523,27.5,28.5,0.9649122807017544,-0.03508771929824561,-0.24832214765100669,-0.12038149063935004,10,338,17125,1649,2026-04-01,True,21,782,116,0.1810344827586207,0.026854219948849106,0.20497271073377804,0.019737226277372264,0.18941286254992576,0.024363272163832213,21,338,10,True,False,0.15748031496062992,0.10906701708278581,1.0,0.17773788150807898,0.31106535436600335,Low,0.5143688414631533,0.032893045870502284,0.2739430543572045,0.3072015416471777,0.3084179068864645,0.044020932226427716,0.0532326279249702,0.10548895882562055,0.1079011824444154,Declining Product,False,Low confidence
20W,Engineering & Architecture,2026,2,22,415,116,0.05301204819277108,0.1896551724137931,20' OPEN BAY OFFICE,Ground Level Office - 20' x 8',Small Ground Level Office (160 SF),Offices,Ground Level Offices,Standard Ground Level Offices,0,2026-04-01,2026-Q2,18.0,0.11920529801324503,0.01483924154987634,0.22222222222222232,0.07044987440054806,0.03817280664289474,80.0,0.14725762823441646,0.027175417766318495,20.0,20.0,1.0,0.0,-0.09090909090909094,-0.036363636363636376,10,224,11726,1649,2026-04-01,True,22,415,116,0.1896551724137931,0.05301204819277108,0.13583990297149787,0.019102848371141054,0.17081982810898977,0.041143828255200576,22,224,10,True,False,0.16535433070866143,0.07161629434954007,1.0,0.17773788150807898,0.30071350692117843,Low,0.46277160731231737,0.05845020744957638,0.2868852459016394,0.35481847642657666,0.3062283703661016,0.044020932226427716,0.0532326279249702,0.10548895882562055,0.10797409936522484,Low Priority,False,Low confidence
25W,Engineering & Architecture,2026,2,6,89,116,0.06741573033707865,0.05172413793103448,25' OPEN BAY OFFICE,Ground Level Office - 25' x 10',Medium Size Ground Level Office (250 SF),Offices,Ground Level Offices,Standard Ground Level Offices,0,2026-04-01,2026-Q2,12.0,0.07947019867549669,0.05286343612334802,-0.5,-0.02774606074446221,0.01455229421373063,28.0,0.04990286022065005,0.04085232916405179,9.0,5.0,1.8,0.8,-0.06666666666666665,0.4533333333333333,10,70,2364,1649,2026-04-01,True,6,89,116,0.05172413793103448,0.06741573033707865,0.04244996967859309,0.02961082910321489,0.048478179042679995,0.054184014905226334,6,70,10,True,False,0.03937007874015748,0.02102496714848883,1.0,0.17773788150807898,0.23891205421183412,Low,0.12326324285860198,0.07831070285994135,0.5819672131147542,0.6323531607950897,0.29972433830355827,0.044020932226427716,0.0532326279249702,0.10548895882562055,0.10826047073138274,Low Priority,False,Low confidence
40W,Engineering & Architecture,2026,2,13,282,116,0.04609929078014184,0.11206896551724138,40' OPEN BAY OFFICE,Ground Level Office - 40' x 8',Large Ground Level Office (320 SF),Offices,Ground Level Offices,Standard Ground Level Offices,0,2026-04-01,2026-Q2,21.0,0.1390728476821192,0.025893958076448828,-0.38095238095238093,-0.027003882164877813,0.020205332703693013,64.0,0.11767417548038528,0.031204409097018174,17.0,15.0,1.1333333333333333,0.1333333333333333,-0.37254901960784315,-0.06901960784313728,10,233,7087,1649,2026-04-01,True,13,282,116,0.11206896551724138,0.04609929078014184,0.14129775621588841,0.0328770989135036,0.12229904226176785,0.041471523626818454,13,233,10,True,False,0.09448818897637795,0.07457293035479633,1.0,0.17773788150807898,0.27694517991671885,Low,0.32812234624121045,0.05894929481685742,0.33606557377049184,0.33631077615855404,0.2694280710011239,0.044020932226427716,0.0532326279249702,0.10548895882562055,0.09438105631427836,Low Priority,False,Low confidence
MO4410,Engineering & Architecture,2026,2,15,250,116,0.06,0.12931034482758622,44x10 Mobile Office or Similar,44x10 Mobile Office or Similar,Medium Mobile Office - 2 offices + Sm. Open Area (up to 480 SF) - MO4410 or similar,Offices,Mobile Offices,Mobile Offices,0,2026-04-01,2026-Q2,7.0,0.046357615894039736,0.014644351464435146,1.1428571428571428,0.08295272893354648,0.045355648535564855,45.0,0.08458965834744825,0.033367350806067377,11.0,11.5,0.9565217391304348,-0.04347826086956519,0.125,0.02391304347826089,10,101,4476,1649,2026-04-01,True,15,250,116,0.12931034482758622,0.06,0.061249241964827165,0.02256478999106345,0.10548895882562055,0.04689767649687221,15,101,10,True,False,0.11023622047244094,0.03120893561103811,1.0,0.17773788150807898,0.26727959278002555,Low,0.28147295106554504,0.06721344678522119,0.270848182466144,0.3889801526261555,0.2504931729808637,0.044020932226427716,0.0532326279249702,0.10548895882562055,0.12654336014298484,Low Priority,False,Low confidence
MO3610,Engineering & Architecture,2026,2,9,263,116,0.034220532319391636,0.07758620689655173,36x10 Mobile Office or Similar,36x10 Mobile Office or Similar,Small Mobile Office - 1 office + Sm. Open Area (up to 360 SF) - MO3610 or similar,Offices,Mobile Offices,Mobile Offices,0,2026-04-01,2026-Q2,11.0,0.0728476821192053,0.022964509394572025,-0.18181818181818177,0.004738524777346431,0.01125602292481961,37.0,0.0686037210661423,0.023161101868278824,10.0,8.5,1.1764705882352942,0.17647058823529416,-0.21276595744680848,0.020775969962453095,10,106,4825,1649,2026-04-01,True,9,263,116,0.07758620689655173,0.034220532319391636,0.06428138265615524,0.021968911917098446,0.07292951841241296,0.02993246517858902,9,106,10,True,False,0.06299212598425197,0.0328515111695138,1.0,0.17773788150807898,0.25131906115462593,Low,0.19111776583974444,0.0413750511728417,0.35197685631629705,0.3872022230862009,0.2317839038858751,0.044020932226427716,0.0532326279249702,0.10548895882562055,0.11896421127287773,Low Priority,False,Low confidence
MO4412,Engineering & Architecture,2026,2,5,293,116,0.017064846416382253,0.04310344827586207,44x12 Mobile Office or Similar,44x12 Mobile Office or Similar,Medium Mobile Office - 2 offices + Med. Open Area (up to 576 SF) - MO4412 or similar,Offices,Mobile Offices,Mobile Offices,0,2026-04-01,2026-Q2,11.0,0.0728476821192053,0.018612521150592216,-0.5454545454545454,-0.029744233843343224,-0.0015476747342099625,29.0,0.052231093426473765,0.015081665654767908,8.0,6.5,1.2307692307692308,0.23076923076923084,-0.3829787234042553,-0.01472995090016363,10,96,5542,1649,2026-04-01,True,5,293,116,0.04310344827586207,0.017064846416382253,0.05821710127349909,0.01732226632984482,0.04839322682503503,0.017154943386094152,5,96,10,True,False,0.031496062992125984,0.02956636005256242,1.0,0.17773788150807898,0.23914563621644885,Low,0.12302749331059867,0.021914600204896283,0.37200504413619173,0.36707932025117296,0.20662592033154048,0.044020932226427716,0.0532326279249702,0.10548895882562055,0.13654530775228074,Low Priority,False,Low confidence
MO5010,Engineering & Architecture,2026,2,7,97,116,0.07216494845360824,0.0603448275862069,50x10 Mobile Office or Similar,50x10 Mobile Office or Similar,Medium Mobile Office - 2 offices + Med. Open Area (up to 560 SF) - MO5010 or similar,Offices,Mobile Offices,Mobile Offices,0,2026-04-01,2026-Q2,7.0,0.046357615894039736,0.029535864978902954,0.0,0.013987211692167163,0.04262908347470529,28.0,0.05218198746421019,0.04663475100697457,7.0,7.0,1.0,0.0,-0.06666666666666665,-0.02666666666666666,10,66,1910,1649,2026-04-01,True,7,97,116,0.0603448275862069,0.07216494845360824,0.04002425712553062,0.03455497382198953,0.0532326279249702,0.059001457332541696,7,66,10,True,False,0.047244094488188976,0.01971090670170828,1.0,0.17773788150807898,0.24120803856727197,Low,0.13645723833131507,0.08564777523361057,0.2868852459016394,0.3603142127507057,0.20567211342414116,0.044020932226427716,0.0532326279249702,0.10548895882562055,0.12706104604091326,Low Priority,False,Low confidence
MO328,Engineering & Architecture,2026,2,6,130,116,0.046153846153846156,0.05172413793103448,32x8 Mobile Office or Similar,32x8 Mobile Office or Similar,Small Mobile Office - 1 office + Sm. Open Area (up to 288 SF) - MO328 or similar,Offices,Mobile Offices,Mobile Offices,0,2026-04-01,2026-Q2,12.0,0.07947019867549669,0.03519061583577713,-0.5,-0.02774606074446221,0.010963230318069027,39.0,0.06927020205610891,0.036501134523728836,9.0,10.5,0.8571428571428571,-0.1428571428571429,0.026315789473684292,-0.07518796992481203,10,95,3461,1649,2026-04-01,True,6,130,116,0.05172413793103448,0.046153846153846156,0.05761067313523347,0.027448714244438024,0.053784425252504126,0.03960704998555331,6,95,10,True,False,0.03937007874015748,0.02923784494086728,1.0,0.17773788150807898,0.24178656143916658,Low,0.13798852231849945,0.05610965983394713,0.234192037470726,0.3328148704671881,0.18564711094243766,0.044020932226427716,0.0532326279249702,0.10548895882562055,0.1366038717133777,Low Priority,False,Low confidence
40U,Engineering & Architecture,2026,2,2,88,116,0.022727272727272728,0.017241379310344827,40' COMBO W/15' OFFICE,Ground Level Office Combo / ftorage Combo - 40' u 8',Large Ground Level Office Combo (320 sq. ft.),Offices,Ground Level Offices,Ground Level Office / Storage Combo Units,0,2026-04-01,2026-Q2,6.0,0.039735099337748346,0.032432432432432434,-0.6666666666666667,-0.02249372002740352,-0.009705159705159706,14.0,0.02522186409813232,0.021323466021608437,4.0,3.0,1.1,0.33333333333333326,-0.4814814814814815,0.007407407407407335,10,64,2335,1649,2026-04-01,True,2,88,116,0.017241379310344827,0.022727272727272728,0.038811400848999394,0.02740899357601713,0.024790886848873928,0.024365875024333267,2,64,10,False,True,0.007874015748031496,0.019053876478318004,1.0,0.17773788150807898,0.22719855043003023,Low,0.05752901504303984,0.03289701008515828,0.32377049180327877,0.37962561955632546,0.1796158303885527,0.044020932226427716,0.0532326279249702,0.10548895882562055,0.1507752579326455,Insufficient Data,False,Insufficient current observation history; Low confidence
10W,Engineering & Architecture,2026,2,6,138,116,0.043478260869565216,0.05172413793103448,10' OPEN BAY OFFICE,Ground Level Office - 10' x 8',Small Ground Level Office (80 SF),Offices,Ground Level Offices,Standard Ground Level Offices,0,2026-04-01,2026-Q2,1.0,0.006622516556291391,0.0035211267605633804,5.0,0.04510162137474309,0.039957134109001834,16.0,0.03040311773535985,0.02070058779659903,3.5,4.5,0.7777777777777778,-0.2222222222222222,-0.23809523809523814,-0.2285714285714286,10,49,2554,1649,2026-04-01,True,6,138,116,0.05172413793103448,0.043478260869565216,0.02971497877501516,0.01918559122944401,0.044020932226427716,0.03497582649552279,6,49,10,True,False,0.03937007874015748,0.014126149802890934,1.0,0.17773788150807898,0.23649746814087486,Low,0.11089400811228804,0.04905620305938909,0.20491803278688528,0.24588513143044882,0.15642043953863985,0.044020932226427716,0.0532326279249702,0.10548895882562055,0.0946909082655227,Declining Product,False,Low confidence
20X,Engineering & Architecture,2026,2,3,62,116,0.04838709677419355,0.02586206896551724,20' COMBO W/10' OFFICE,Ground Level Office / Storage Combo - 20' x 8',Small Ground Level Office Combo (160 SF),Offices,Ground Level Offices,Ground Level Office / Storage Combo Units,0,2026-04-01,2026-Q2,2.0,0.013245033112582781,0.013157894736842105,0.5,0.01261703585293446,0.03522920203735144,19.0,0.03300758322145049,0.03368638230278641,2.5,7.0,0.35714285714285715,-0.6428571428571428,-0.09523809523809523,-0.42380952380952375,10,58,2142,1649,2026-04-01,True,3,62,116,0.02586206896551724,0.04838709677419355,0.0351728320194057,0.02707749766573296,0.0291208360343782,0.04092873708623234,3,58,10,False,True,0.015748031496062992,0.017082785808147174,1.0,0.17773788150807898,0.22926457420728147,Low,0.06954498815896111,0.058122618796994076,0.04976580796252929,0.13523436883303075,0.09711602325563984,0.044020932226427716,0.0532326279249702,0.10548895882562055,0.17380877082015603,Low Priority,False,Below minimum support thresholds; Low confidence
30W,Engineering & Architecture,2026,2,1,96,116,0.010416666666666666,0.008620689655172414,30' OPEN BAY OFFICE,Ground Level Office - 30' x 10',Medium Size Ground Level Office (300 SF),Offices,Ground Level Offices,Standard Ground Level Offices,0,2026-04-01,2026-Q2,1.0,0.006622516556291391,0.0040650406504065045,0.0,0.001998173098881023,0.006351626016260162,11.0,0.019302174396076757,0.015083174607805547,1.0,4.5,0.2222222222222222,-0.7777777777777778,-0.3529411764705882,-0.607843137254902,10,34,2034,1649,2026-04-01,True,1,96,116,0.008620689655172414,0.010416666666666666,0.020618556701030927,0.01671583087512291,0.012819943121222893,0.012621374139626352,1,34,10,False,True,0.0,0.009198423127463863,1.0,0.17773788150807898,0.22099323624542028,Low,0.024308639504866156,0.015009873023566586,0.0,0.03093372173618175,0.04808361015341347,0.044020932226427716,0.0532326279249702,0.10548895882562055,0.11106962881022621,Insufficient Data,False,Insufficient current observation history; Low confidence
20W,Health Care,2026,2,3,415,18,0.007228915662650603,0.16666666666666666,20' OPEN BAY OFFICE,Ground Level Office - 20' x 8',Small Ground Level Office (160 SF),Offices,Ground Level Offices,Standard Ground Level Offices,0,2026-04-01,2026-Q2,12.0,0.34285714285714286,0.00989282769991756,-0.75,-0.1761904761904762,-0.002663912037266957,20.0,0.1609777903256164,0.005429449075405068,7.5,2.5,1.1,2.0,-0.3939393939393939,0.1,10,68,11726,358,2026-04-01,True,3,415,18,0.16666666666666666,0.007228915662650603,0.18994413407821228,0.005799078969810677,0.17481378026070765,0.006728472820156629,3,68,10,False,True,0.015748031496062992,0.020367936925098553,1.0,0.0017953321364452424,0.2128201221610511,Low,0.47385516040388304,0.006034852745859833,0.32377049180327877,0.4321022684846403,0.30485597562784633,0.05974210998293268,0.09083907927686871,0.11758066734315353,0.10797409936522484,Low Priority,False,Below minimum support thresholds; Low confidence
40W,Health Care,2026,2,3,282,18,0.010638297872340425,0.16666666666666666,40' OPEN BAY OFFICE,Ground Level Office - 40' x 8',Large Ground Level Office (320 SF),Offices,Ground Level Offices,Standard Ground Level Offices,0,2026-04-01,2026-Q2,2.0,0.05714285714285714,0.002466091245376079,0.5,0.10952380952380952,0.008172206626964346,10.0,0.09992471296819122,0.005432820531972219,2.5,2.5,1.0,0.0,-0.16666666666666663,-0.06666666666666665,10,27,7087,358,2026-04-01,True,3,282,18,0.16666666666666666,0.010638297872340425,0.07541899441340782,0.0038097925779596443,0.13472998137802608,0.008248321019307153,3,27,10,False,True,0.015748031496062992,0.006898817345597897,1.0,0.0017953321364452424,0.20810593030822586,Low,0.36261924766598247,0.008349615486132481,0.2868852459016394,0.33764430041367366,0.24969528118563403,0.05974210998293268,0.09083907927686871,0.11758066734315353,0.09438105631427836,Low Priority,False,Below minimum support thresholds; Low confidence
25W,Health Care,2026,2,2,89,18,0.02247191011235955,0.1111111111111111,25' OPEN BAY OFFICE,Ground Level Office - 25' x 10',Medium Size Ground Level Office (250 SF),Offices,Ground Level Offices,Standard Ground Level Offices,0,2026-04-01,2026-Q2,1.0,0.02857142857142857,0.004405286343612335,1.0,0.08253968253968254,0.018066623768747216,6.0,0.057153836501662586,0.009967696830861262,1.5,1.5,1.0,0.0,-0.5714285714285714,-0.22857142857142856,9,22,2068,334,2026-04-01,True,2,89,18,0.1111111111111111,0.02247191011235955,0.0658682634730539,0.010638297872340425,0.09527611443779108,0.018330145828352858,2,22,9,False,True,0.007874015748031496,0.005256241787122208,0.8571428571428571,0.0017953321364452424,0.17620369477951975,Low,0.2531314490423626,0.023704459762672065,0.2868852459016394,0.24588513143044885,0.20137069977706637,0.05974210998293268,0.09083907927686871,0.11758066734315353,0.10826047073138274,Insufficient Data,False,Insufficient current observation history; Low confidence
40U,Health Care,2026,2,1,88,18,0.011363636363636364,0.05555555555555555,40' COMBO W/15' OFFICE,Ground Level Office Combo / ftorage Combo - 40' u 8',Large Ground Level Office Combo (320 sq. ft.),Offices,Ground Level Offices,Ground Level Office / Storage Combo Units,0,2026-04-01,2026-Q2,2.0,0.05714285714285714,0.010810810810810811,-0.5,-0.0015873015873015886,0.0005528255528255525,5.0,0.04472598657381266,0.008084891463374436,1.5,1.0,1.1,0.5,-0.6428571428571428,0.04285714285714287,9,22,2002,334,2026-04-01,True,1,88,18,0.05555555555555555,0.011363636363636364,0.0658682634730539,0.01098901098901099,0.05916500332667997,0.011232517482517483,1,22,9,False,True,0.0,0.005256241787122208,0.8571428571428571,0.0017953321364452424,0.17344778926770874,Low,0.1529200789528951,0.012894613326412558,0.32377049180327877,0.3997166794317375,0.19918371501672372,0.05974210998293268,0.09083907927686871,0.11758066734315353,0.1507752579326455,Insufficient Data,False,Insufficient current observation history; Low confidence
MO6012,Health Care,2026,2,2,782,18,0.0025575447570332483,0.1111111111111111,60x12 Mobile Office or Similar,60x12 Mobile Office or Similar,Large Mobile Office - 2 offices + Lg. Open Area (up to 720 SF) - MO6012 or similar,Offices,Mobile Offices,Mobile Offices,0,2026-04-01,2026-Q2,5.0,0.14285714285714285,0.0023573785950023575,-0.6,-0.031746031746031744,0.00020016616203089076,19.0,0.17317585795846666,0.003277806613600729,3.5,6.0,0.5833333333333334,-0.41666666666666663,-0.20833333333333337,-0.3333333333333333,10,54,17125,358,2026-04-01,True,2,782,18,0.1111111111111111,0.0025575447570332483,0.15083798882681565,0.003153284671532847,0.12501551831160768,0.0027660537271081078,2,54,10,False,True,0.007874015748031496,0.01576872536136662,1.0,0.0017953321364452424,0.20845449260193388,Low,0.335660795720986,0.0,0.13319672131147545,0.18651155150012694,0.1865824895939,0.05974210998293268,0.09083907927686871,0.11758066734315353,0.1079011824444154,Insufficient Data,False,Insufficient current observation history; Low confidence
MO5012,Health Care,2026,2,2,81,18,0.024691358024691357,0.1111111111111111,50x12 Mobile Office or Similar,50x12 Mobile Office or Similar,Medium Mobile Office - 2 offices + Med. Open Area (up to 672 SF) - MO5012 or similar,Offices,Mobile Offices,Mobile Offices,0,2026-04-01,2026-Q2,1.0,0.02857142857142857,0.006134969325153374,1.0,0.08253968253968254,0.018556388699537983,7.0,0.061435786435786434,0.014297731810964096,1.5,2.0,0.75,-0.25,0.3999999999999999,0.009999999999999981,6,12,887,237,2026-04-01,True,2,81,18,0.1111111111111111,0.024691358024691357,0.05063291139240506,0.013528748590755355,0.08994374120956398,0.02078444472281376,2,12,6,False,True,0.007874015748031496,0.0019710906701708277,0.42857142857142855,0.0017953321364452424,0.08933960617430106,Low,0.2383336649092509,0.027442411774962337,0.194672131147541,0.3810949657263183,0.18648819384236884,0.05974210998293268,0.09083907927686871,0.11758066734315353,0.15432501692292816,Insufficient Data,False,Insufficient current observation history; Low confidence
10W,Health Care,2026,2,1,138,18,0.007246376811594203,0.05555555555555555,10' OPEN BAY OFFICE,Ground Level Office - 10' x 8',Small Ground Level Office (80 SF),Offices,Ground Level Offices,Standard Ground Level Offices,0,2026-04-01,2026-Q2,1.0,0.043478260869565216,0.004405286343612335,0.0,0.012077294685990336,0.0028410904679818678,4.0,0.041702898550724635,0.00532506111198338,1.0,1.0,1.0,0.0,0.33333333333333326,0.1,6,7,1386,184,2026-04-01,True,1,138,18,0.05555555555555555,0.007246376811594203,0.03804347826086957,0.005050505050505051,0.049426328502415455,0.006477821695213,1,7,6,False,True,0.0,0.000328515111695138,0.42857142857142855,0.0017953321364452424,0.08600879921702353,Low,0.12589443734379305,0.005653105486395879,0.2868852459016394,0.4321022684846403,0.17399266163599456,0.05974210998293268,0.09083907927686871,0.11758066734315353,0.0946909082655227,Insufficient Data,False,Insufficient current observation history; Low confidence
MO4410,Health Care,2026,2,2,250,18,0.008,0.1111111111111111,44x10 Mobile Office or Similar,44x10 Mobile Office or Similar,Medium Mobile Office - 2 offices + Sm. Open Area (up to 480 SF) - MO4410 or similar,Offices,Mobile Offices,Mobile Offices,0,2026-04-01,2026-Q2,1.0,0.043478260869565216,0.002976190476190476,1.0,0.06763285024154589,0.005023809523809524,7.0,0.060794838356950154,0.004820910973084886,1.5,2.0,0.75,-0.25,-0.2222222222222222,-0.23888888888888887,8,16,3468,287,2026-04-01,True,2,250,18,0.1111111111111111,0.008,0.05574912891986063,0.00461361014994233,0.09173441734417344,0.006814763552479816,2,16,8,False,True,0.007874015748031496,0.0032851511169513796,0.7142857142857143,0.0017953321364452424,0.14694238447353142,Low,0.24330294176931713,0.006166275457762372,0.194672131147541,0.24003773340700807,0.17120558153393675,0.05974210998293268,0.09083907927686871,0.11758066734315353,0.12654336014298484,Insufficient Data,False,Insufficient current observation history; Low confidence
MO4412,Health Care,2026,2,1,293,18,0.0034129692832764505,0.05555555555555555,44x12 Mobile Office or Similar,44x12 Mobile Office or Similar,Medium Mobile Office - 2 offices + Med. Open Area (up to 576 SF) - MO4412 or similar,Offices,Mobile Offices,Mobile Offices,0,2026-04-01,2026-Q2,3.0,0.08571428571428572,0.005076142131979695,-0.6666666666666667,-0.030158730158730163,-0.0016631728487032445,10.0,0.07459611644394253,0.004816470215256836,2.0,3.0,0.6666666666666666,-0.33333333333333337,0.0,-0.2,8,20,4261,276,2026-04-01,True,1,293,18,0.05555555555555555,0.0034129692832764505,0.07246376811594203,0.004693733865289838,0.06147342995169082,0.003861236886981136,1,20,8,False,True,0.0,0.0045992115637319315,0.7142857142857143,0.0017953321364452424,0.14464640011809357,Low,0.15932615696394153,0.0016679884041479053,0.1639344262295082,0.26207792595690027,0.14192697892716274,0.05974210998293268,0.09083907927686871,0.11758066734315353,0.13654530775228074,Insufficient Data,False,Insufficient current observation history; Low confidence
20X,Health Care,2026,2,1,62,18,0.016129032258064516,0.05555555555555555,20' COMBO W/10' OFFICE,Ground Level Office / Storage Combo - 20' x 8',Small Ground Level Office Combo (160 SF),Offices,Ground Level Offices,Ground Level Office / Storage Combo Units,0,2026-04-01,2026-Q2,1.0,0.02857142857142857,0.006578947368421052,0.0,0.026984126984126982,0.009550084889643463,6.0,0.054134512830165,0.01122202729083256,1.0,2.0,0.5,-0.5,-0.4545454545454546,-0.4818181818181818,9,19,1925,333,2026-04-01,True,1,62,18,0.05555555555555555,0.016129032258064516,0.057057057057057055,0.009870129870129871,0.05608108108108108,0.013938416422287391,1,19,9,False,True,0.0,0.0042706964520367935,0.8571428571428571,0.0017953321364452424,0.17310284840042883,Low,0.1443619353795792,0.01701575782506937,0.10245901639344264,0.10235808903690205,0.10852267607317578,0.05974210998293268,0.09083907927686871,0.11758066734315353,0.17380877082015603,Insufficient Data,False,Insufficient current observation history; Low confidence
MO6012,Highway & Heavy Construction,2026,2,54,782,153,0.06905370843989769,0.35294117647058826,60x12 Mobile Office or Similar,60x12 Mobile Office or Similar,Large Mobile Office - 2 offices + Lg. Open Area (up to 720 SF) - MO6012 or similar,Offices,Mobile Offices,Mobile Offices,0,2026-04-01,2026-Q2,92.0,0.30666666666666664,0.04337576614804337,-0.4130434782608695,0.046274509803921615,0.02567794229185432,278.0,0.2887641375866815,0.050049861350476774,73.0,66.0,1.106060606060606,0.10606060606060597,-0.060810810810810856,0.039312039312039235,10,739,17125,2878,2026-04-01,True,54,782,153,0.35294117647058826,0.06905370843989769,0.2567755385684503,0.04315328467153284,0.31928320320484,0.059988560120969994,54,739,10,True,False,0.41732283464566927,0.24080157687253614,1.0,0.24416517055655296,0.45476006108702716,Medium,0.8747699581989486,0.08715115481898636,0.3260059612518629,0.3977074997669074,0.4729325448019446,0.02450705032997679,0.031282901161391125,0.07651677476642729,0.1079011824444154,Core Recommendation,True,No review flag
MO5010,Highway & Heavy Construction,2026,2,12,97,153,0.12371134020618557,0.0784313725490196,50x10 Mobile Office or Similar,50x10 Mobile Office or Similar,Medium Mobile Office - 2 offices + Med. Open Area (up to 560 SF) - MO5010 or similar,Offices,Mobile Offices,Mobile Offices,0,2026-04-01,2026-Q2,19.0,0.06333333333333334,0.08016877637130802,-0.368421052631579,0.015098039215686268,0.04354256383487755,49.0,0.05218044044557009,0.07565862798816624,15.5,9.0,1.7222222222222223,0.7222222222222223,0.13953488372093026,0.4891472868217055,10,112,1910,2878,2026-04-01,True,12,97,153,0.0784313725490196,0.12371134020618557,0.03891591382904795,0.05863874345549738,0.06460096199702953,0.10093593134344471,12,112,10,True,False,0.08661417322834646,0.03482260183968462,1.0,0.24416517055655296,0.26691938832946616,Low,0.16800532139889215,0.14951491540433529,0.5532786885245903,0.6526506404456882,0.3288958215217259,0.02450705032997679,0.031282901161391125,0.07651677476642729,0.12706104604091326,Low Priority,False,Low confidence
MO4410,Highway & Heavy Construction,2026,2,13,250,153,0.052,0.08496732026143791,44x10 Mobile Office or Similar,44x10 Mobile Office or Similar,Medium Mobile Office - 2 offices + Sm. Open Area (up to 480 SF) - MO4410 or similar,Offices,Mobile Offices,Mobile Offices,0,2026-04-01,2026-Q2,19.0,0.06333333333333334,0.0397489539748954,-0.3157894736842105,0.021633986928104573,0.0122510460251046,54.0,0.05755598095607261,0.036899453814634824,16.0,11.0,1.4545454545454546,0.4545454545454546,-0.3932584269662921,0.11542390194075591,10,177,4476,2878,2026-04-01,True,13,250,153,0.08496732026143791,0.052,0.061501042390548995,0.039544235924932974,0.07675412300662679,0.047640482573726536,13,177,10,True,False,0.09448818897637795,0.056176084099868594,1.0,0.24416517055655296,0.2771490126323416,Low,0.20173136521798982,0.06834475702456715,0.4545454545454546,0.4408437311069382,0.27279636344029323,0.02450705032997679,0.031282901161391125,0.07651677476642729,0.12654336014298484,Low Priority,False,Low confidence
MO4412,Highway & Heavy Construction,2026,2,13,293,153,0.04436860068259386,0.08496732026143791,44x12 Mobile Office or Similar,44x12 Mobile Office or Similar,Medium Mobile Office - 2 offices + Med. Open Area (up to 576 SF) - MO4412 or similar,Offices,Mobile Offices,Mobile Offices,0,2026-04-01,2026-Q2,24.0,0.08,0.04060913705583756,-0.45833333333333337,0.00496732026143791,0.0037594636267562972,67.0,0.06861939191268175,0.034917062643137986,18.5,15.0,1.2333333333333334,0.2333333333333334,-0.30208333333333337,0.019166666666666693,10,213,5542,2878,2026-04-01,True,13,293,153,0.08496732026143791,0.04436860068259386,0.07400972897845726,0.0384337784193432,0.08113216331239469,0.042291412890456126,13,213,10,True,False,0.09448818897637795,0.06800262812089355,1.0,0.24416517055655296,0.2812883030397003,Low,0.21388079523685508,0.06019800447067601,0.3729508196721312,0.3862901539702215,0.25093077195110625,0.02450705032997679,0.031282901161391125,0.07651677476642729,0.13654530775228074,Low Priority,False,Low confidence
MO3610,Highway & Heavy Construction,2026,2,13,263,153,0.049429657794676805,0.08496732026143791,36x10 Mobile Office or Similar,36x10 Mobile Office or Similar,Small Mobile Office - 1 office + Sm. Open Area (up to 360 SF) - MO3610 or similar,Offices,Mobile Offices,Mobile Offices,0,2026-04-01,2026-Q2,17.0,0.056666666666666664,0.03549060542797495,-0.23529411764705888,0.028300653594771248,0.013939052366701857,59.0,0.0627790780689335,0.03628308915633083,15.0,14.5,1.0344827586206897,0.034482758620689724,-0.11940298507462688,-0.02707153885743692,10,174,4825,2878,2026-04-01,True,13,263,153,0.08496732026143791,0.049429657794676805,0.06045865184155664,0.03606217616580311,0.07638928631447947,0.04475103922457101,13,174,10,True,False,0.09448818897637795,0.05519053876478318,1.0,0.24416517055655296,0.2768040717650617,Low,0.20071891271641773,0.06394407029250264,0.2996042962125495,0.36008475232389403,0.2284586707292791,0.02450705032997679,0.031282901161391125,0.07651677476642729,0.11896421127287773,Low Priority,False,Low confidence
MO5012,Highway & Heavy Construction,2026,2,4,81,153,0.04938271604938271,0.026143790849673203,50x12 Mobile Office or Similar,50x12 Mobile Office or Similar,Medium Mobile Office - 2 offices + Med. Open Area (up to 672 SF) - MO5012 or similar,Offices,Mobile Offices,Mobile Offices,0,2026-04-01,2026-Q2,7.0,0.023333333333333334,0.04294478527607362,-0.4285714285714286,0.002810457516339869,0.006437930773309092,18.0,0.018770409096234685,0.035801325550814306,5.5,3.5,1.1,0.5714285714285714,-0.28,0.1,10,66,1532,2878,2026-04-01,True,4,81,153,0.026143790849673203,0.04938271604938271,0.022932592077831826,0.04308093994778068,0.025019871279528722,0.04717709441382201,4,66,10,False,True,0.023622047244094488,0.01971090670170828,1.0,0.24416517055655296,0.2395830509366863,Low,0.05816446609450342,0.06763900651117374,0.32377049180327877,0.4321022684846403,0.1964840374044405,0.02450705032997679,0.031282901161391125,0.07651677476642729,0.15432501692292816,Low Priority,False,Below minimum support thresholds; Low confidence
40W,Highway & Heavy Construction,2026,2,13,282,153,0.04609929078014184,0.08496732026143791,40' OPEN BAY OFFICE,Ground Level Office - 40' x 8',Large Ground Level Office (320 SF),Offices,Ground Level Offices,Standard Ground Level Offices,0,2026-04-01,2026-Q2,30.0,0.1,0.036991368680641186,-0.5666666666666667,-0.015032679738562094,0.009107922099500655,111.0,0.11004369525774235,0.049466283417513156,21.5,34.0,0.6323529411764706,-0.36764705882352944,-0.16541353383458646,-0.28675364882795223,10,316,7087,2878,2026-04-01,True,13,282,153,0.08496732026143791,0.04609929078014184,0.10979847116052814,0.04458868350500917,0.09365822307611948,0.0455705782338454,13,316,10,True,False,0.09448818897637795,0.10183968462549277,1.0,0.24416517055655296,0.29313127281631,Low,0.2486416644574973,0.06519224650110599,0.1512777242044359,0.21291048561071685,0.19379275724241157,0.02450705032997679,0.031282901161391125,0.07651677476642729,0.09438105631427836,Declining Product,False,Low confidence
MO7414,Highway & Heavy Construction,2026,2,1,7,153,0.14285714285714285,0.006535947712418301,74x14 Mobile Office or Similar,74x14 Mobile Office or Similar,Extra Large Mobile Office - 3 offices + Med. Size Open Area (up to 1036 SF) - MO7414 or similar,Offices,Mobile Offices,Mobile Offices,0,2026-04-01,2026-Q2,5.0,0.016666666666666666,0.19230769230769232,-0.8,-0.010130718954248365,-0.04945054945054947,12.0,0.011101138850463663,0.13507326007326007,3.0,3.0,1.0,0.0,5.0,0.1,5,13,122,1335,2026-04-01,True,1,7,153,0.006535947712418301,0.14285714285714285,0.009737827715355805,0.10655737704918032,0.007656605713446427,0.13015222482435596,1,13,5,False,True,0.0,0.0022996057818659658,0.2857142857142857,0.24416517055655296,0.08236423622216553,Low,0.009979943988535963,0.19401198267479244,0.2868852459016394,0.4321022684846403,0.17634340461786802,0.02450705032997679,0.031282901161391125,0.07651677476642729,0.3550941558441559,Insufficient Data,False,Insufficient current observation history; Low confidence
20W,Highway & Heavy Construction,2026,2,7,415,153,0.016867469879518072,0.0457516339869281,20' OPEN BAY OFFICE,Ground Level Office - 20' x 8',Small Ground Level Office (160 SF),Offices,Ground Level Offices,Standard Ground Level Offices,0,2026-04-01,2026-Q2,36.0,0.12,0.02967848309975268,-0.8055555555555556,-0.07424836601307189,-0.012811013220234608,123.0,0.1153894358324108,0.031721515755280164,21.5,40.0,0.5375,-0.4625,-0.1398601398601399,-0.333444055944056,10,384,11726,2878,2026-04-01,True,7,415,153,0.0457516339869281,0.016867469879518072,0.13342599027102153,0.032747740064813236,0.0764376586863608,0.022425564444371382,7,384,10,True,False,0.047244094488188976,0.12417871222076216,1.0,0.24416517055655296,0.2844144994037882,Low,0.20085315011625263,0.029941873751435675,0.11629098360655739,0.18644879970315667,0.16013201137251615,0.02450705032997679,0.031282901161391125,0.07651677476642729,0.10797409936522484,Declining Product,False,Low confidence
10W,Highway & Heavy Construction,2026,2,3,138,153,0.021739130434782608,0.0196078431372549,10' OPEN BAY OFFICE,Ground Level Office - 10' x 8',Small Ground Level Office (80 SF),Offices,Ground Level Offices,Standard Ground Level Offices,0,2026-04-01,2026-Q2,10.0,0.03333333333333333,0.035211267605633804,-0.7,-0.013725490196078431,-0.013472137170851196,32.0,0.03125199149855955,0.03381709490457747,6.5,9.5,0.6842105263157895,-0.3157894736842105,0.6000000000000001,0.05052631578947375,10,64,2554,2878,2026-04-01,True,3,138,153,0.0196078431372549,0.021739130434782608,0.022237665045170257,0.025058731401722788,0.020528280805025275,0.02290099077321167,3,64,10,False,True,0.015748031496062992,0.019053876478318004,1.0,0.24416517055655296,0.23659718484668868,Low,0.04569992480841995,0.03066595866488901,0.17040552200172565,0.4040631663835745,0.1500233262603884,0.02450705032997679,0.031282901161391125,0.07651677476642729,0.0946909082655227,Low Priority,False,Below minimum support thresholds; Low confidence
25W,Highway & Heavy Construction,2026,2,4,89,153,0.0449438202247191,0.026143790849673203,25' OPEN BAY OFFICE,Ground Level Office - 25' x 10',Medium Size Ground Level Office (250 SF),Offices,Ground Level Offices,Standard Ground Level Offices,0,2026-04-01,2026-Q2,3.0,0.01,0.013215859030837005,0.33333333333333326,0.016143790849673205,0.0317279611938821,15.0,0.01642132773140529,0.02324776856615365,3.5,4.0,0.875,-0.125,-0.53125,-0.28750000000000003,10,81,2364,2878,2026-04-01,True,4,89,153,0.026143790849673203,0.0449438202247191,0.028144544822793608,0.03426395939086294,0.026844054740265348,0.04120586893286945,4,81,10,False,True,0.023622047244094488,0.024638633377135347,1.0,0.24416517055655296,0.24130775527308573,Low,0.06322672860236395,0.058544696786820345,0.2407786885245902,0.21248749271964273,0.14690198284190056,0.02450705032997679,0.031282901161391125,0.07651677476642729,0.10826047073138274,Low Priority,False,Below minimum support thresholds; Low confidence
40U,Highway & Heavy Construction,2026,2,4,88,153,0.045454545454545456,0.026143790849673203,40' COMBO W/15' OFFICE,Ground Level Office Combo / ftorage Combo - 40' u 8',Large Ground Level Office Combo (320 sq. ft.),Offices,Ground Level Offices,Ground Level Office / Storage Combo Units,0,2026-04-01,2026-Q2,10.0,0.03333333333333333,0.05405405405405406,-0.6,-0.0071895424836601295,-0.008599508599508601,37.0,0.03662753200906207,0.05387611788540582,7.0,11.5,0.6086956521739131,-0.3913043478260869,0.0,-0.23478260869565215,10,107,2335,2878,2026-04-01,True,4,88,153,0.026143790849673203,0.045454545454545456,0.03717859624739402,0.04582441113490364,0.03000597273887549,0.04558399844267082,4,107,10,False,True,0.023622047244094488,0.03318002628120893,1.0,0.24416517055655296,0.24429724278951148,Low,0.07200131694932217,0.06521268577877407,0.14255167498218108,0.24236495870730723,0.13615259746151048,0.02450705032997679,0.031282901161391125,0.07651677476642729,0.1507752579326455,Low Priority,False,Below minimum support thresholds; Low confidence
MO328,Highway & Heavy Construction,2026,2,4,130,153,0.03076923076923077,0.026143790849673203,32x8 Mobile Office or Similar,32x8 Mobile Office or Similar,Small Mobile Office - 1 office + Sm. Open Area (up to 288 SF) - MO328 or similar,Offices,Mobile Offices,Mobile Offices,0,2026-04-01,2026-Q2,14.0,0.04666666666666667,0.04105571847507331,-0.7142857142857143,-0.020522875816993465,-0.010286487705842541,49.0,0.04666215534072008,0.041574867415818874,9.0,15.5,0.5806451612903226,-0.4193548387096774,-0.039215686274509776,-0.26729917773561035,10,128,3461,2878,2026-04-01,True,4,130,153,0.026143790849673203,0.03076923076923077,0.04447533009034051,0.03698353077145334,0.03255982958390676,0.03294423577000867,4,128,10,False,True,0.023622047244094488,0.04007884362680683,1.0,0.24416517055655296,0.24671182886047077,Low,0.0790884844603269,0.045962045026019714,0.1322051824431518,0.2239362644663847,0.1299572048309607,0.02450705032997679,0.031282901161391125,0.07651677476642729,0.1366038717133777,Low Priority,False,Below minimum support thresholds; Low confidence
30W,Highway & Heavy Construction,2026,2,5,96,153,0.052083333333333336,0.032679738562091505,30' OPEN BAY OFFICE,Ground Level Office - 30' x 10',Medium Size Ground Level Office (300 SF),Offices,Ground Level Offices,Standard Ground Level Offices,0,2026-04-01,2026-Q2,5.0,0.016666666666666666,0.02032520325203252,0.0,0.01601307189542484,0.031758130081300816,32.0,0.03330605459361385,0.04790391131653969,5.0,11.0,0.45454545454545453,-0.5454545454545454,0.28,-0.2152727272727272,10,72,2034,2878,2026-04-01,True,5,96,153,0.032679738562091505,0.052083333333333336,0.02501737317581654,0.035398230088495575,0.029997910676895265,0.04624354719764012,5,72,10,True,False,0.031496062992125984,0.021681997371879105,1.0,0.24416517055655296,0.2430288381830571,Low,0.07197894404934968,0.06621719325804039,0.08569299552906111,0.2534221412463972,0.12644336788664334,0.02450705032997679,0.031282901161391125,0.07651677476642729,0.11106962881022621,Declining Product,False,Low confidence
MO248,Highway & Heavy Construction,2026,2,2,88,153,0.022727272727272728,0.013071895424836602,24x8 Mobile Office (20x8 Box),24x8 Mobile Office (20x8 Box),"Small Mobile Office - Open Space
(up to 192 SF) - MO248 or similar",Offices,Mobile Offices,Mobile Offices,0,2026-04-01,2026-Q2,5.0,0.016666666666666666,0.021367521367521368,-0.6,-0.0035947712418300647,0.00135975135975136,31.0,0.029688507725645685,0.04007791958744703,3.5,12.0,0.2916666666666667,-0.7083333333333333,-0.4655172413793104,-0.6112068965517241,10,119,2294,2878,2026-04-01,True,2,88,153,0.013071895424836602,0.022727272727272728,0.041348158443363446,0.05187445510026155,0.022968587481320996,0.032928786557818814,2,119,10,False,True,0.007874015748031496,0.03712220762155059,1.0,0.24416517055655296,0.240165195235009,Low,0.05247198105220647,0.04593851553092696,0.02561475409836067,0.02902731852663592,0.0704311253057662,0.02450705032997679,0.031282901161391125,0.07651677476642729,0.12824215344376635,Insufficient Data,False,Insufficient current observation history; Low confidence
18W,Highway & Heavy Construction,2026,2,1,35,153,0.02857142857142857,0.006535947712418301,OFFICE-STEEL-18'X10'-OPEN BAY,Ground Level Office - 18' x 10',Small Ground Level Office (180 SF),Offices,Ground Level Offices,Standard Ground Level Offices,0,2026-04-01,2026-Q2,1.0,0.003937007874015748,0.013513513513513514,0.0,0.002598939838402553,0.015057915057915056,9.0,0.008795917134757076,0.026118250446608655,1.0,3.5,0.2857142857142857,-0.7142857142857143,-0.4375,-0.6035714285714285,9,30,1036,2578,2026-04-01,True,1,35,153,0.006535947712418301,0.02857142857142857,0.011636927851047323,0.02895752895752896,0.008321290760938458,0.028706563706563708,1,30,9,False,True,0.0,0.00788436268068331,0.8571428571428571,0.24416517055655296,0.19860461542246588,Low,0.01182450089187268,0.03950797586079697,0.0234192037470726,0.033354703270773806,0.05092668399312167,0.02450705032997679,0.031282901161391125,0.07651677476642729,0.16254385964912282,Insufficient Data,False,Insufficient current observation history; Low confidence
MO6012,Home Builders & Developers,2026,2,96,782,471,0.12276214833759591,0.20382165605095542,60x12 Mobile Office or Similar,60x12 Mobile Office or Similar,Large Mobile Office - 2 offices + Lg. Open Area (up to 720 SF) - MO6012 or similar,Offices,Mobile Offices,Mobile Offices,0,2026-04-01,2026-Q2,229.0,0.20742753623188406,0.10796793965110797,-0.5807860262008734,-0.003605880180928639,0.014794208686487939,744.0,0.20112850811637198,0.1262316518209788,162.5,209.5,0.7756563245823389,-0.2243436754176611,-0.19567567567567568,-0.21287647552086694,10,2165,17125,10937,2026-04-01,True,96,782,471,0.20382165605095542,0.12276214833759591,0.19795190637286275,0.12642335766423357,0.20176724366362297,0.12404357160191909,96,2165,10,True,False,0.7480314960629921,0.7092641261498029,1.0,0.8150807899461401,0.7915615467690923,High,0.5486532879926898,0.18470836743187113,0.20413552955905945,0.25478021167520043,0.3993160295626369,0.027555001847096874,0.04463358664670288,0.06954448824545598,0.1079011824444154,Declining Product,True,No review flag
MO3610,Home Builders & Developers,2026,2,57,263,471,0.21673003802281368,0.12101910828025478,36x10 Mobile Office or Similar,36x10 Mobile Office or Similar,Small Mobile Office - 1 office + Sm. Open Area (up to 360 SF) - MO3610 or similar,Offices,Mobile Offices,Mobile Offices,0,2026-04-01,2026-Q2,106.0,0.09601449275362318,0.22129436325678498,-0.46226415094339623,0.025004615526631593,-0.004564325233971295,353.0,0.09899165985176482,0.20744634708241624,81.5,95.0,0.8578947368421053,-0.14210526315789473,-0.06860158311345643,-0.11270379114011941,10,921,4825,10937,2026-04-01,True,57,263,471,0.12101910828025478,0.21673003802281368,0.08420956386577672,0.19088082901554404,0.10813576773518745,0.2076828148702693,57,921,10,True,False,0.4409448818897638,0.30059132720105125,1.0,0.8150807899461401,0.5410457521763993,Medium,0.28881806837242,0.31209280230529274,0.2344693701466782,0.31155286101211854,0.32384764698039786,0.027555001847096874,0.04463358664670288,0.06954448824545598,0.11896421127287773,Declining Product,True,No review flag
20W,Home Builders & Developers,2026,2,52,415,471,0.12530120481927712,0.11040339702760085,20' OPEN BAY OFFICE,Ground Level Office - 20' x 8',Small Ground Level Office (160 SF),Offices,Ground Level Offices,Standard Ground Level Offices,0,2026-04-01,2026-Q2,137.0,0.12409420289855072,0.11294311624072548,-0.6204379562043796,-0.013690805870949868,0.01235808857855164,457.0,0.12140225457185526,0.12811019546904542,94.5,134.0,0.7052238805970149,-0.2947761194029851,-0.21070811744386875,-0.26114891861933853,10,1392,11726,10937,2026-04-01,True,52,415,471,0.11040339702760085,0.12530120481927712,0.12727438968638566,0.11871055773494799,0.11630824445817553,0.12299447833976193,52,1392,10,True,False,0.4015748031496063,0.45532194480946125,1.0,0.8150807899461401,0.5814219407802876,Medium,0.311497378541387,0.1831105749709729,0.17815634940053832,0.22742191034178255,0.28702917610502887,0.027555001847096874,0.04463358664670288,0.06954448824545598,0.10797409936522484,Declining Product,True,No review flag
25W,Home Builders & Developers,2026,2,23,89,471,0.25842696629213485,0.04883227176220807,25' OPEN BAY OFFICE,Ground Level Office - 25' x 10',Medium Size Ground Level Office (250 SF),Offices,Ground Level Offices,Standard Ground Level Offices,0,2026-04-01,2026-Q2,38.0,0.034420289855072464,0.16740088105726872,-0.39473684210526316,0.014411981907135607,0.09102608523486613,129.0,0.03675676472718806,0.18108731657991417,30.5,34.0,0.8970588235294118,-0.1029411764705882,-0.2912087912087912,-0.1782482223658694,10,434,2364,10937,2026-04-01,True,23,89,471,0.04883227176220807,0.25842696629213485,0.03968181402578404,0.18358714043993232,0.04562961155445966,0.23223302724386397,23,434,10,True,False,0.1732283464566929,0.14060446780551905,1.0,0.8150807899461401,0.3913495639863882,Medium,0.11535822852911934,0.3494833238718149,0.2489151398264224,0.2744056982604091,0.25415045063540287,0.027555001847096874,0.04463358664670288,0.06954448824545598,0.10826047073138274,Declining Product,True,No review flag
MO5012,Home Builders & Developers,2026,2,12,81,471,0.14814814814814814,0.025477707006369428,50x12 Mobile Office or Similar,50x12 Mobile Office or Similar,Medium Mobile Office - 2 offices + Med. Open Area (up to 672 SF) - MO5012 or similar,Offices,Mobile Offices,Mobile Offices,0,2026-04-01,2026-Q2,38.0,0.034420289855072464,0.2331288343558282,-0.6842105263157895,-0.008942582848703036,-0.08498068620768007,90.0,0.02434134526885036,0.17049538330213176,25.0,20.0,1.25,0.25,-0.47058823529411764,-0.03823529411764706,10,324,1532,10937,2026-04-01,True,12,81,471,0.025477707006369428,0.14814814814814814,0.0296242113925208,0.21148825065274152,0.026928983541522407,0.17031718402475582,12,324,10,True,False,0.08661417322834646,0.10446780551905388,1.0,0.8150807899461401,0.3483867715562041,Low,0.06346241316792159,0.2551841122819605,0.3790983606557377,0.35375771849636795,0.25121689204580194,0.027555001847096874,0.04463358664670288,0.06954448824545598,0.15432501692292816,High Dependency Risk,False,Low confidence
MO4412,Home Builders & Developers,2026,2,36,293,471,0.12286689419795221,0.07643312101910828,44x12 Mobile Office or Similar,44x12 Mobile Office or Similar,Medium Mobile Office - 2 offices + Med. Open Area (up to 576 SF) - MO4412 or similar,Offices,Mobile Offices,Mobile Offices,0,2026-04-01,2026-Q2,99.0,0.08967391304347826,0.16751269035532995,-0.6363636363636364,-0.01324079202436998,-0.04464579615737774,321.0,0.08544506660719772,0.16068596443954647,67.5,93.0,0.7258064516129032,-0.27419354838709675,-0.1324324324324324,-0.217489102005231,10,893,5542,10937,2026-04-01,True,36,293,471,0.07643312101910828,0.12286689419795221,0.08164944683185517,0.16113316492241067,0.07825883505356969,0.13626008895151268,36,893,10,True,False,0.2755905511811024,0.29139290407358737,1.0,0.8150807899461401,0.47995228833375536,Medium,0.20590706768669284,0.20331439610798432,0.18574828133262827,0.25216601572410036,0.24940240140280873,0.027555001847096874,0.04463358664670288,0.06954448824545598,0.13654530775228074,Declining Product,True,No review flag
MO4410,Home Builders & Developers,2026,2,36,250,471,0.144,0.07643312101910828,44x10 Mobile Office or Similar,44x10 Mobile Office or Similar,Medium Mobile Office - 2 offices + Sm. Open Area (up to 480 SF) - MO4410 or similar,Offices,Mobile Offices,Mobile Offices,0,2026-04-01,2026-Q2,75.0,0.06793478260869565,0.15690376569037656,-0.52,0.008498338410412629,-0.012903765690376573,259.0,0.07069661585703466,0.167694885521973,55.5,74.0,0.75,-0.25,-0.1452145214521452,-0.20808580858085807,10,712,4476,10937,2026-04-01,True,36,250,471,0.07643312101910828,0.144,0.06510011886257658,0.15907059874888294,0.07246657026432218,0.14927470956210903,36,712,10,True,False,0.2755905511811024,0.23193166885676741,1.0,0.8150807899461401,0.45914085600786847,Medium,0.18983304579726742,0.22313595386949686,0.194672131147541,0.2574953116643484,0.2480069558934203,0.027555001847096874,0.04463358664670288,0.06954448824545598,0.12654336014298484,Declining Product,True,No review flag
MO248,Home Builders & Developers,2026,2,21,88,471,0.23863636363636365,0.044585987261146494,24x8 Mobile Office (20x8 Box),24x8 Mobile Office (20x8 Box),"Small Mobile Office - Open Space
(up to 192 SF) - MO248 or similar",Offices,Mobile Offices,Mobile Offices,0,2026-04-01,2026-Q2,58.0,0.05253623188405797,0.24786324786324787,-0.6379310344827587,-0.007950244622911475,-0.009226884226884224,188.0,0.049980996517490314,0.25108246753346525,39.5,54.5,0.7247706422018348,-0.27522935779816515,0.062146892655367214,-0.1402788576167522,10,458,2294,10937,2026-04-01,True,21,88,471,0.044585987261146494,0.23863636363636365,0.041876200054859654,0.1996512641673932,0.043637561738946104,0.22499157882222398,21,458,10,True,False,0.15748031496062992,0.14848883048620237,1.0,0.8150807899461401,0.38859727990100534,Medium,0.10983012277006778,0.3384544362490989,0.18536622048428336,0.2959247525192911,0.24039147304074124,0.027555001847096874,0.04463358664670288,0.06954448824545598,0.12824215344376635,Declining Product,True,No review flag
MO328,Home Builders & Developers,2026,2,26,130,471,0.2,0.055201698513800426,32x8 Mobile Office or Similar,32x8 Mobile Office or Similar,Small Mobile Office - 1 office + Sm. Open Area (up to 288 SF) - MO328 or similar,Offices,Mobile Offices,Mobile Offices,0,2026-04-01,2026-Q2,71.0,0.06431159420289854,0.20821114369501467,-0.6338028169014085,-0.009109895689098119,-0.008211143695014661,246.0,0.06505462568349987,0.21974628559030265,48.5,74.5,0.6510067114093959,-0.3489932885906041,-0.3315217391304348,-0.34200466880653635,10,778,3461,10937,2026-04-01,True,26,130,471,0.055201698513800426,0.2,0.07113468044253451,0.22479052297023983,0.060778242188857357,0.20867668303958392,26,778,10,True,False,0.1968503937007874,0.2536136662286465,1.0,0.8150807899461401,0.43917049996991586,Medium,0.15739695246041305,0.31360648571680605,0.15815821322477722,0.1815970911245642,0.23468716419061256,0.027555001847096874,0.04463358664670288,0.06954448824545598,0.1366038717133777,Declining Product,True,No review flag
30W,Home Builders & Developers,2026,2,24,96,471,0.25,0.050955414012738856,30' OPEN BAY OFFICE,Ground Level Office - 30' x 10',Medium Size Ground Level Office (300 SF),Offices,Ground Level Offices,Standard Ground Level Offices,0,2026-04-01,2026-Q2,28.0,0.025362318840579712,0.11382113821138211,-0.1428571428571429,0.025593095172159144,0.13617886178861788,134.0,0.0383750385906801,0.19833737614546343,26.0,41.0,0.6341463414634146,-0.36585365853658536,-0.1728395061728395,-0.288647997591087,10,391,2034,10937,2026-04-01,True,24,96,471,0.050955414012738856,0.25,0.035750205723690226,0.19223205506391347,0.045633591111571836,0.22978121927236972,24,391,10,True,False,0.18110236220472442,0.12647831800262813,1.0,0.8150807899461401,0.3891613170671874,Medium,0.11536927213476562,0.3457491655908166,0.15193922431027593,0.2118368676008161,0.22429818732084872,0.027555001847096874,0.04463358664670288,0.06954448824545598,0.11106962881022621,Declining Product,True,No review flag
10W,Home Builders & Developers,2026,2,24,138,471,0.17391304347826086,0.050955414012738856,10' OPEN BAY OFFICE,Ground Level Office - 10' x 8',Small Ground Level Office (80 SF),Offices,Ground Level Offices,Standard Ground Level Offices,0,2026-04-01,2026-Q2,39.0,0.035326086956521736,0.13732394366197184,-0.3846153846153846,0.01562932705621712,0.03658909981628902,149.0,0.041880792440760935,0.1648336761002364,31.5,43.0,0.7325581395348837,-0.2674418604651163,-0.13372093023255816,-0.21395348837209305,10,429,2554,10937,2026-04-01,True,24,138,471,0.050955414012738856,0.17391304347826086,0.039224650269726616,0.16797180892717306,0.04684964670268457,0.17183361138538014,24,429,10,True,False,0.18110236220472442,0.13896189224704336,1.0,0.8150807899461401,0.3935305680527327,Medium,0.11874392866403727,0.2574936650087822,0.18823865802516204,0.25416981700212166,0.2219247009642282,0.027555001847096874,0.04463358664670288,0.06954448824545598,0.0946909082655227,Declining Product,True,No review flag
20X,Home Builders & Developers,2026,2,13,62,471,0.20967741935483872,0.027600849256900213,20' COMBO W/10' OFFICE,Ground Level Office / Storage Combo - 20' x 8',Small Ground Level Office Combo (160 SF),Offices,Ground Level Offices,Ground Level Office / Storage Combo Units,0,2026-04-01,2026-Q2,49.0,0.044384057971014496,0.3223684210526316,-0.7346938775510203,-0.016783208714114282,-0.11269100169779286,146.0,0.03778106897493579,0.24945714017030213,31.0,42.0,0.7380952380952381,-0.26190476190476186,-0.35964912280701755,-0.30100250626566416,10,526,2142,10937,2026-04-01,True,13,62,471,0.027600849256900213,0.20967741935483872,0.04809362713724056,0.24556489262371614,0.03477332151501933,0.2222380349989458,13,526,10,True,False,0.09448818897637795,0.17082785808147175,1.0,0.8150807899461401,0.3743686954648614,Medium,0.08523111071229289,0.3342607275291131,0.19028103044496492,0.20483497688532196,0.21735823566103096,0.027555001847096874,0.04463358664670288,0.06954448824545598,0.17380877082015603,Declining Product,True,No review flag
MO7414,Home Builders & Developers,2026,2,3,7,471,0.42857142857142855,0.006369426751592357,74x14 Mobile Office or Similar,74x14 Mobile Office or Similar,Extra Large Mobile Office - 3 offices + Med. Size Open Area (up to 1036 SF) - MO7414 or similar,Offices,Mobile Offices,Mobile Offices,0,2026-04-01,2026-Q2,6.0,0.005434782608695652,0.23076923076923078,-0.5,0.000934644142896705,0.19780219780219777,26.0,0.006946042980759486,0.3466117216117216,4.5,8.5,0.5294117647058824,-0.47058823529411764,-0.1875,-0.3573529411764706,10,75,250,10937,2026-04-01,True,3,7,471,0.006369426751592357,0.42857142857142855,0.006857456340861296,0.3,0.006540237107836485,0.38357142857142856,3,75,10,False,True,0.015748031496062992,0.02266754270696452,1.0,0.8150807899461401,0.29495352996567364,Low,0.006881927227190221,0.5799750879580392,0.11330761812921893,0.17289849139578173,0.210898922589827,0.027555001847096874,0.04463358664670288,0.06954448824545598,0.3550941558441559,Low Priority,False,Below minimum support thresholds; Low confidence
40U,Home Builders & Developers,2026,2,14,88,471,0.1590909090909091,0.029723991507430998,40' COMBO W/15' OFFICE,Ground Level Office Combo / ftorage Combo - 40' u 8',Large Ground Level Office Combo (320 sq. ft.),Offices,Ground Level Offices,Ground Level Office / Storage Combo Units,0,2026-04-01,2026-Q2,28.0,0.025362318840579712,0.15135135135135136,-0.5,0.0043616726668512865,0.007739557739557729,88.0,0.024696979612017566,0.13560850112707698,21.0,23.0,0.9130434782608695,-0.08695652173913049,-0.3282442748091603,-0.18347162296714242,10,316,2335,10937,2026-04-01,True,14,88,471,0.029723991507430998,0.1590909090909091,0.02889274938282893,0.13533190578158458,0.029433056763820273,0.1507752579326455,14,316,10,True,False,0.10236220472440945,0.10183968462549277,1.0,0.8150807899461401,0.35297874026707976,Medium,0.07041142693929806,0.22542132253989172,0.2548111190306486,0.27144534741710763,0.2108335295485256,0.027555001847096874,0.04463358664670288,0.06954448824545598,0.1507752579326455,Declining Product,True,No review flag
MO5010,Home Builders & Developers,2026,2,11,97,471,0.1134020618556701,0.02335456475583864,50x10 Mobile Office or Similar,50x10 Mobile Office or Similar,Medium Mobile Office - 2 offices + Med. Open Area (up to 560 SF) - MO5010 or similar,Offices,Mobile Offices,Mobile Offices,0,2026-04-01,2026-Q2,37.0,0.03351449275362319,0.15611814345991562,-0.7027027027027026,-0.010159927997784552,-0.04271608160424552,107.0,0.02821369082167755,0.15464687295116236,24.0,29.5,0.8135593220338984,-0.18644067796610164,-0.20149253731343286,-0.19246142170503414,10,291,1910,10937,2026-04-01,True,11,97,471,0.02335456475583864,0.1134020618556701,0.02660693060254183,0.15235602094240838,0.02449289280218476,0.1270359475360285,11,291,10,True,False,0.07874015748031496,0.09362680683311432,1.0,0.8150807899461401,0.34183651650431424,Low,0.05670205650373203,0.1892658227889499,0.21811614337315927,0.2663503986842185,0.18971504746182133,0.027555001847096874,0.04463358664670288,0.06954448824545598,0.12706104604091326,Declining Product,False,Low confidence
HQ208,Home Builders & Developers,2026,2,5,24,471,0.20833333333333334,0.010615711252653927,20x8 HQ Ground Level Office,HQ Ground Level Office - 20' x 8',Small HQ Ground Level Office+ (160 SF),Offices,Ground Level Offices,Standard Ground Level Offices,0,2026-04-01,2026-Q2,8.0,0.007246376811594203,0.22857142857142856,-0.375,0.003369334441059724,-0.02023809523809522,36.0,0.009964561268451494,0.21498015873015872,6.5,11.5,0.5652173913043478,-0.4347826086956522,-0.23404255319148937,-0.35448658649398707,10,117,845,10937,2026-04-01,True,5,24,471,0.010615711252653927,0.20833333333333334,0.010697631891743623,0.13846153846153847,0.01064438347633532,0.18387820512820513,5,117,10,True,False,0.031496062992125984,0.03646517739816032,1.0,0.8150807899461401,0.30529451313121425,Low,0.018271278537082,0.2758378501933258,0.12651461154668567,0.17452299163025028,0.15792450162334656,0.027555001847096874,0.04463358664670288,0.06954448824545598,0.18237200475740722,Declining Product,False,Low confidence
40W,Home Builders & Developers,2026,2,16,282,471,0.05673758865248227,0.03397027600849257,40' OPEN BAY OFFICE,Ground Level Office - 40' x 8',Large Ground Level Office (320 SF),Offices,Ground Level Offices,Standard Ground Level Offices,0,2026-04-01,2026-Q2,40.0,0.036231884057971016,0.04932182490752158,-0.6,-0.0022616080494784474,0.007415763744960689,166.0,0.043332078063639354,0.07157094863744151,28.0,55.0,0.509090909090909,-0.49090909090909096,-0.16582914572864327,-0.3608771128369119,10,494,7087,10937,2026-04-01,True,16,282,471,0.03397027600849257,0.05673758865248227,0.045167779098473075,0.06970509383378017,0.037889402089985744,0.061276215465936534,16,494,10,True,False,0.11811023622047244,0.16031537450722733,1.0,0.8150807899461401,0.37895704274930897,Medium,0.09387849635395148,0.0891122826582715,0.10581222056631892,0.17090117483071032,0.14962718218810644,0.027555001847096874,0.04463358664670288,0.06954448824545598,0.09438105631427836,Declining Product,True,No review flag
18W,Home Builders & Developers,2026,2,2,35,471,0.05714285714285714,0.004246284501061571,OFFICE-STEEL-18'X10'-OPEN BAY,Ground Level Office - 18' x 10',Small Ground Level Office (180 SF),Offices,Ground Level Offices,Standard Ground Level Offices,0,2026-04-01,2026-Q2,17.0,0.015398550724637682,0.16346153846153846,-0.8823529411764706,-0.01115226622357611,-0.10631868131868133,51.0,0.012502798896898168,0.1518402880902881,9.5,16.0,0.59375,-0.40625,-0.45744680851063835,-0.4267287234042554,10,200,1140,10937,2026-04-01,True,2,35,471,0.004246284501061571,0.05714285714285714,0.018286550242296792,0.17543859649122806,0.009160377510493898,0.09854636591478697,2,200,10,False,True,0.007874015748031496,0.06373193166885677,1.0,0.8150807899461401,0.3065701605905249,Low,0.014153037184709037,0.14587555390573817,0.13703893442622953,0.1335799188603591,0.12685132073943886,0.027555001847096874,0.04463358664670288,0.06954448824545598,0.16254385964912282,Insufficient Data,False,Insufficient current observation history; Low confidence
MO6012,Manufacturing,2026,2,72,782,184,0.09207161125319693,0.391304347826087,60x12 Mobile Office or Similar,60x12 Mobile Office or Similar,Large Mobile Office - 2 offices + Lg. Open Area (up to 720 SF) - MO6012 or similar,Offices,Mobile Offices,Mobile Offices,0,2026-04-01,2026-Q2,207.0,0.35506003430531735,0.09759547383309759,-0.6521739130434783,0.03624431352076962,-0.00552386257990066,505.0,0.32616178995410483,0.08429310896479598,139.5,113.0,1.2345132743362832,0.23451327433628322,-0.24851190476190477,0.04130320269700802,10,1472,17125,4681,2026-04-01,True,72,782,184,0.391304347826087,0.09207161125319693,0.31446272164067507,0.08595620437956204,0.36440977866119284,0.08993121884742472,72,1472,10,True,False,0.5590551181102362,0.4816031537450723,1.0,0.2998204667863555,0.5942124418279935,Medium,1.0,0.132754492575636,0.37338604381256346,0.3988359872515562,0.5501853716395724,0.019364649415305166,0.03002833494329528,0.06606042988306103,0.1079011824444154,Core Recommendation,True,No review flag
30W,Manufacturing,2026,2,6,96,184,0.0625,0.03260869565217391,30' OPEN BAY OFFICE,Ground Level Office - 30' x 10',Medium Size Ground Level Office (300 SF),Offices,Ground Level Offices,Standard Ground Level Offices,0,2026-04-01,2026-Q2,25.0,0.04288164665523156,0.1016260162601626,-0.76,-0.010272951003057647,-0.0391260162601626,44.0,0.026752773328470078,0.05774373919832841,15.5,6.5,2.3846153846153846,1.3846153846153846,-0.3125,0.7057692307692307,10,150,2034,4681,2026-04-01,True,6,96,184,0.03260869565217391,0.0625,0.03204443494979705,0.07374631268436578,0.03241120440634201,0.06643620943952802,6,150,10,True,False,0.03937007874015748,0.04730617608409987,1.0,0.2998204667863555,0.2603187358671256,Low,0.07867603709398233,0.09697106868491338,0.7976040353089534,0.7754206524348846,0.35787874017226956,0.019364649415305166,0.03002833494329528,0.06606042988306103,0.11106962881022621,Low Priority,False,Low confidence
20W,Manufacturing,2026,2,24,415,184,0.05783132530120482,0.13043478260869565,20' OPEN BAY OFFICE,Ground Level Office - 20' x 8',Small Ground Level Office (160 SF),Offices,Ground Level Offices,Standard Ground Level Offices,0,2026-04-01,2026-Q2,84.0,0.14408233276157806,0.06924979389942292,-0.7142857142857143,-0.01364755015288241,-0.011418468598218094,200.0,0.12367463978206863,0.054454196270320304,54.0,46.0,1.173913043478261,0.17391304347826098,-0.16317991631799167,0.03907585955975991,10,567,11726,4681,2026-04-01,True,24,415,184,0.13043478260869565,0.05783132530120482,0.12112796411023286,0.048354084939450794,0.12717739613423368,0.05451429117459091,24,567,10,True,False,0.18110236220472442,0.18429697766097242,1.0,0.2998204667863555,0.3578718156316294,Medium,0.34166018848142443,0.07881372099211315,0.3510334996436209,0.3975736454099086,0.30178431982780485,0.019364649415305166,0.03002833494329528,0.06606042988306103,0.10797409936522484,Core Recommendation,True,No review flag
10W,Manufacturing,2026,2,9,138,184,0.06521739130434782,0.04891304347826087,10' OPEN BAY OFFICE,Ground Level Office - 10' x 8',Small Ground Level Office (80 SF),Offices,Ground Level Offices,Standard Ground Level Offices,0,2026-04-01,2026-Q2,23.0,0.03945111492281304,0.08098591549295775,-0.6086956521739131,0.009461928555447835,-0.015768524188609925,61.0,0.039423742147531055,0.06483676983108451,16.0,14.5,1.103448275862069,0.10344827586206895,0.24489795918367352,0.1600281491907108,10,136,2554,4681,2026-04-01,True,9,138,184,0.04891304347826087,0.06521739130434782,0.029053621021149327,0.05324980422866092,0.04196224561827183,0.06102873582785741,9,136,10,True,False,0.06299212598425197,0.042706964520367936,1.0,0.2998204667863555,0.26697672835525255,Low,0.10518097964984727,0.08873536564411054,0.32504239683436975,0.4661230904823326,0.224274819216288,0.019364649415305166,0.03002833494329528,0.06606042988306103,0.0946909082655227,Low Priority,False,Low confidence
40W,Manufacturing,2026,2,15,282,184,0.05319148936170213,0.08152173913043478,40' OPEN BAY OFFICE,Ground Level Office - 40' x 8',Large Ground Level Office (320 SF),Offices,Ground Level Offices,Standard Ground Level Offices,0,2026-04-01,2026-Q2,73.0,0.12521440823327615,0.09001233045622688,-0.7945205479452055,-0.043692669102841364,-0.03682084109452475,216.0,0.13007775866427054,0.0878505575450033,44.0,64.0,0.6875,-0.3125,-0.31645569620253167,-0.31408227848101267,10,685,7087,4681,2026-04-01,True,15,282,184,0.08152173913043478,0.05319148936170213,0.14633625293740654,0.09665584873712431,0.1042068189628749,0.06840401514309989,15,685,10,True,False,0.11023622047244094,0.22306176084099869,1.0,0.2998204667863555,0.34663634013833944,Low,0.2779149051251494,0.09996808070576524,0.17161885245901642,0.19742204464756452,0.21930061588838673,0.019364649415305166,0.03002833494329528,0.06606042988306103,0.09438105631427836,Declining Product,False,Low confidence
MO3610,Manufacturing,2026,2,13,263,184,0.049429657794676805,0.07065217391304347,36x10 Mobile Office or Similar,36x10 Mobile Office or Similar,Small Mobile Office - 1 office + Sm. Open Area (up to 360 SF) - MO3610 or similar,Offices,Mobile Offices,Mobile Offices,0,2026-04-01,2026-Q2,27.0,0.04631217838765009,0.05636743215031315,-0.5185185185185186,0.024339995525393385,-0.0069377743556363475,81.0,0.05478328580805404,0.04753327710879601,20.0,20.5,0.975609756097561,-0.024390243902439046,-0.22857142857142854,-0.10606271777003484,10,232,4825,4681,2026-04-01,True,13,263,184,0.07065217391304347,0.049429657794676805,0.04956205938901944,0.048082901554404145,0.06327063382963506,0.04895829311058138,13,232,10,True,False,0.09448818897637795,0.07424441524310119,1.0,0.2998204667863555,0.28903845815545326,Low,0.16431354886071098,0.07035181189435954,0.2778888444622151,0.31531667479020886,0.20959546587137753,0.019364649415305166,0.03002833494329528,0.06606042988306103,0.11896421127287773,Declining Product,False,Low confidence
HQ208,Manufacturing,2026,2,6,24,184,0.25,0.03260869565217391,20x8 HQ Ground Level Office,HQ Ground Level Office - 20' x 8',Small HQ Ground Level Office+ (160 SF),Offices,Ground Level Offices,Standard Ground Level Offices,0,2026-04-01,2026-Q2,1.0,0.0029498525073746312,0.014285714285714285,5.0,0.02965884314479928,0.2357142857142857,14.0,0.012431854706473656,0.09066293183940242,3.5,3.5,1.0,0.0,-0.06666666666666665,-0.02666666666666666,8,29,733,3468,2026-04-01,True,6,24,184,0.03260869565217391,0.25,0.008362168396770472,0.03956343792633015,0.024122411112782707,0.17634720327421555,6,29,8,True,False,0.03937007874015748,0.0075558475689881735,0.7142857142857143,0.2998204667863555,0.1892632637439794,Low,0.055673938660063226,0.2643679662284123,0.2868852459016394,0.3603142127507057,0.20938944549823205,0.019364649415305166,0.03002833494329528,0.06606042988306103,0.18237200475740722,Low Priority,False,Low confidence
MO4412,Manufacturing,2026,2,14,293,184,0.04778156996587031,0.07608695652173914,44x12 Mobile Office or Similar,44x12 Mobile Office or Similar,Medium Mobile Office - 2 offices + Med. Open Area (up to 576 SF) - MO4412 or similar,Offices,Mobile Offices,Mobile Offices,0,2026-04-01,2026-Q2,39.0,0.06689536878216124,0.06598984771573604,-0.641025641025641,0.0091915877395779,-0.018208277749865734,127.0,0.08007685532831271,0.06258992937308075,26.5,37.0,0.7162162162162162,-0.28378378378378377,0.040983606557376984,-0.15387682764731947,10,334,5542,4681,2026-04-01,True,14,293,184,0.07608695652173914,0.04778156996587031,0.07135227515488143,0.06026705160591844,0.07442981804333894,0.05215148853988716,14,334,10,True,False,0.10236220472440945,0.10775295663600526,1.0,0.2998204667863555,0.3035223531547807,Low,0.19528122348293928,0.0752151198262288,0.1822108994240142,0.2882181328054274,0.1988306437889616,0.019364649415305166,0.03002833494329528,0.06606042988306103,0.13654530775228074,Declining Product,False,Low confidence
MO5010,Manufacturing,2026,2,2,97,184,0.020618556701030927,0.010869565217391304,50x10 Mobile Office or Similar,50x10 Mobile Office or Similar,Medium Mobile Office - 2 offices + Med. Open Area (up to 560 SF) - MO5010 or similar,Offices,Mobile Offices,Mobile Offices,0,2026-04-01,2026-Q2,14.0,0.024013722126929673,0.05907172995780591,-0.8571428571428572,-0.013144156909538369,-0.03845317325677498,27.0,0.015766145670517453,0.03581297037738577,8.0,5.5,1.1,0.4545454545454546,-0.44897959183673475,0.09313543599257884,10,87,1910,4681,2026-04-01,True,2,97,184,0.010869565217391304,0.020618556701030927,0.01858577227088229,0.04554973821989529,0.013570237686113148,0.029344470232633455,2,87,10,False,True,0.007874015748031496,0.026609724047306178,1.0,0.2998204667863555,0.24205135560700375,Low,0.026390770018296924,0.04047952174225297,0.32377049180327877,0.4282117918776358,0.18130670583729136,0.019364649415305166,0.03002833494329528,0.06606042988306103,0.12706104604091326,Insufficient Data,False,Insufficient current observation history; Low confidence
MO5012,Manufacturing,2026,2,2,81,184,0.024691358024691357,0.010869565217391304,50x12 Mobile Office or Similar,50x12 Mobile Office or Similar,Medium Mobile Office - 2 offices + Med. Open Area (up to 672 SF) - MO5012 or similar,Offices,Mobile Offices,Mobile Offices,0,2026-04-01,2026-Q2,12.0,0.02058319039451115,0.0736196319018405,-0.8333333333333334,-0.009713625177119847,-0.04892827387714914,26.0,0.015005913527750664,0.046638269542155025,7.0,6.0,1.1,0.16666666666666674,-0.2777777777777778,-0.011111111111111072,10,78,1532,4681,2026-04-01,True,2,81,184,0.010869565217391304,0.024691358024691357,0.01666310617389447,0.050913838120104436,0.01289730455216741,0.033869226058085934,2,78,10,False,True,0.007874015748031496,0.023653088042049936,1.0,0.2998204667863555,0.24101653300516407,Low,0.024523323981430114,0.04737082588660305,0.32377049180327877,0.36913028977066253,0.17310728414877938,0.019364649415305166,0.03002833494329528,0.06606042988306103,0.15432501692292816,Insufficient Data,False,Insufficient current observation history; Low confidence
40U,Manufacturing,2026,2,4,88,184,0.045454545454545456,0.021739130434782608,40' COMBO W/15' OFFICE,Ground Level Office Combo / ftorage Combo - 40' u 8',Large Ground Level Office Combo (320 sq. ft.),Offices,Ground Level Offices,Ground Level Office / Storage Combo Units,0,2026-04-01,2026-Q2,6.0,0.010291595197255575,0.032432432432432434,-0.33333333333333337,0.011447535237527033,0.013022113022113022,22.0,0.015363760144953203,0.0348097217679261,5.0,6.0,0.8333333333333334,-0.16666666666666663,-0.42105263157894735,-0.2684210526315789,10,94,2335,4681,2026-04-01,True,4,88,184,0.021739130434782608,0.045454545454545456,0.020081179235206154,0.04025695931477516,0.02115884751493085,0.043635390305625854,4,94,10,False,True,0.023622047244094488,0.02890932982917214,1.0,0.2998204667863555,0.24836802865427887,Low,0.04744980045577998,0.0622449120803581,0.22540983606557383,0.2233004443277666,0.1425161607132272,0.019364649415305166,0.03002833494329528,0.06606042988306103,0.1507752579326455,Low Priority,False,Below minimum support thresholds; Low confidence
25W,Manufacturing,2026,2,3,89,184,0.033707865168539325,0.016304347826086956,25' OPEN BAY OFFICE,Ground Level Office - 25' x 10',Medium Size Ground Level Office (250 SF),Offices,Ground Level Offices,Standard Ground Level Offices,0,2026-04-01,2026-Q2,25.0,0.04288164665523156,0.11013215859030837,-0.88,-0.026577298829144603,-0.07642429342176904,76.0,0.04656770880195891,0.08997983723731774,14.0,24.0,0.5833333333333334,-0.41666666666666663,-0.3027522935779816,-0.3711009174311926,10,228,2364,4681,2026-04-01,True,3,89,184,0.016304347826086956,0.033707865168539325,0.04870754112369152,0.09644670050761421,0.02764546548024855,0.05566645753721554,3,228,10,False,True,0.015748031496062992,0.07293035479632064,1.0,0.2998204667863555,0.2610194818809698,Low,0.06545071080028142,0.08056849608629005,0.13319672131147545,0.16510685598312808,0.12630720739925222,0.019364649415305166,0.03002833494329528,0.06606042988306103,0.10826047073138274,Low Priority,False,Below minimum support thresholds; Low confidence
MO4410,Manufacturing,2026,2,7,250,184,0.028,0.03804347826086957,44x10 Mobile Office or Similar,44x10 Mobile Office or Similar,Medium Mobile Office - 2 offices + Sm. Open Area (up to 480 SF) - MO4410 or similar,Offices,Mobile Offices,Mobile Offices,0,2026-04-01,2026-Q2,20.0,0.03430531732418525,0.04184100418410042,-0.65,0.0037381609366843177,-0.013841004184100416,84.0,0.051161724415270775,0.05144705228826113,13.5,28.5,0.47368421052631576,-0.5263157894736843,-0.19999999999999996,-0.3957894736842106,10,234,4476,4681,2026-04-01,True,7,250,184,0.03804347826086957,0.028,0.0499893185216834,0.05227882037533512,0.04222452235215441,0.03649758713136729,7,234,10,True,False,0.047244094488188976,0.07490144546649145,1.0,0.2998204667863555,0.2727329856627737,Low,0.10590881964247702,0.051373878483444775,0.09275237273511648,0.15111467083353305,0.12417504461090137,0.019364649415305166,0.03002833494329528,0.06606042988306103,0.12654336014298484,Declining Product,False,Low confidence
MO248,Manufacturing,2026,2,3,88,184,0.03409090909090909,0.016304347826086956,24x8 Mobile Office (20x8 Box),24x8 Mobile Office (20x8 Box),"Small Mobile Office - Open Space
(up to 192 SF) - MO248 or similar",Offices,Mobile Offices,Mobile Offices,0,2026-04-01,2026-Q2,6.0,0.010291595197255575,0.02564102564102564,-0.5,0.006012752628831381,0.008449883449883448,22.0,0.014955881731791553,0.030297116438078846,4.5,6.5,0.6923076923076923,-0.3076923076923077,-0.3529411764705882,-0.3257918552036199,10,85,2294,4681,2026-04-01,True,3,88,184,0.016304347826086956,0.03409090909090909,0.01815851313821833,0.037053182214472534,0.016953305685332938,0.0351277046841563,3,85,10,False,True,0.015748031496062992,0.0259526938239159,1.0,0.2998204667863555,0.24457730054062818,Low,0.035779068214508734,0.04928751693159385,0.1733921815889029,0.1907856677024331,0.12057410540491117,0.019364649415305166,0.03002833494329528,0.06606042988306103,0.12824215344376635,Low Priority,False,Below minimum support thresholds; Low confidence
18W,Manufacturing,2026,2,1,35,184,0.02857142857142857,0.005434782608695652,OFFICE-STEEL-18'X10'-OPEN BAY,Ground Level Office - 18' x 10',Small Ground Level Office (180 SF),Offices,Ground Level Offices,Standard Ground Level Offices,0,2026-04-01,2026-Q2,5.0,0.008576329331046312,0.04807692307692308,-0.8,-0.0031415467223506605,-0.01950549450549451,14.0,0.008335712438841727,0.041797223047223046,3.0,4.0,0.75,-0.25,-0.4814814814814815,-0.3425925925925926,10,57,1140,4681,2026-04-01,True,1,35,184,0.005434782608695652,0.02857142857142857,0.01217688528092288,0.05,0.007794518543975181,0.036071428571428574,1,57,10,False,True,0.0,0.016754270696452037,1.0,0.2998204667863555,0.23584604142239377,Low,0.010362663691003122,0.05072482948200783,0.194672131147541,0.18126388660729542,0.11475468043766408,0.019364649415305166,0.03002833494329528,0.06606042988306103,0.16254385964912282,Insufficient Data,False,Insufficient current observation history; Low confidence
MO328,Manufacturing,2026,2,3,130,184,0.023076923076923078,0.016304347826086956,32x8 Mobile Office or Similar,32x8 Mobile Office or Similar,Small Mobile Office - 1 office + Sm. Open Area (up to 288 SF) - MO328 or similar,Offices,Mobile Offices,Mobile Offices,0,2026-04-01,2026-Q2,12.0,0.02058319039451115,0.03519061583577713,-0.75,-0.004278842568424195,-0.012113692758854051,46.0,0.028669575692605233,0.03885977241402496,7.5,15.5,0.4838709677419355,-0.5161290322580645,0.09523809523809534,-0.27158218125960054,10,128,3461,4681,2026-04-01,True,3,130,184,0.016304347826086956,0.023076923076923078,0.027344584490493484,0.03698353077145334,0.020168430658629243,0.02794423577000867,3,128,10,False,True,0.015748031496062992,0.04007884362680683,1.0,0.2998204667863555,0.24952145297164,Low,0.04470131039065017,0.03834693339327106,0.09650978318350081,0.2215088816056833,0.11103628661914791,0.019364649415305166,0.03002833494329528,0.06606042988306103,0.1366038717133777,Low Priority,False,Below minimum support thresholds; Low confidence
MO6012,Mining & Utilities,2026,2,32,782,145,0.04092071611253197,0.2206896551724138,60x12 Mobile Office or Similar,60x12 Mobile Office or Similar,Large Mobile Office - 2 offices + Lg. Open Area (up to 720 SF) - MO6012 or similar,Offices,Mobile Offices,Mobile Offices,0,2026-04-01,2026-Q2,280.0,0.45528455284552843,0.132013201320132,-0.8857142857142857,-0.23459489767311464,-0.09109248520760002,560.0,0.33051653704713474,0.08417618825450153,156.0,124.0,1.2580645161290323,0.25806451612903225,-0.25531914893617025,0.052711050102951226,10,1954,17125,4922,2026-04-01,True,32,782,145,0.2206896551724138,0.04092071611253197,0.39699309223892726,0.11410218978102189,0.28239585814569346,0.06653423189650344,32,1954,10,True,False,0.2440944881889764,0.6399474375821288,1.0,0.22980251346499103,0.5323949253663859,Medium,0.7724044736264556,0.09712035907539021,0.3820729772607087,0.40530135976773046,0.4682144521252739,0.02192877860135353,0.03208609480306576,0.07531785509114601,0.1079011824444154,Core Recommendation,True,No review flag
40W,Mining & Utilities,2026,2,23,282,145,0.08156028368794327,0.15862068965517243,40' OPEN BAY OFFICE,Ground Level Office - 40' x 8',Large Ground Level Office (320 SF),Offices,Ground Level Offices,Standard Ground Level Offices,0,2026-04-01,2026-Q2,93.0,0.15121951219512195,0.11467324290998766,-0.7526881720430108,0.007401177460050479,-0.033112959222044394,214.0,0.13826697074806216,0.08750325130571536,58.0,49.0,1.183673469387755,0.18367346938775508,-0.20446096654275092,0.02841969501555268,10,594,7087,4922,2026-04-01,True,23,282,145,0.15862068965517243,0.08156028368794327,0.12068264932954084,0.08381543671511217,0.14534237554120139,0.0823495872474524,23,594,10,True,False,0.1732283464566929,0.19316688567674112,1.0,0.22980251346499103,0.351218582593201,Medium,0.3920695339158021,0.12120749837720321,0.35463365674138514,0.3915342875082544,0.32420202171367657,0.02192877860135353,0.03208609480306576,0.07531785509114601,0.09438105631427836,Core Recommendation,True,No review flag
MO4410,Mining & Utilities,2026,2,17,250,145,0.068,0.11724137931034483,44x10 Mobile Office or Similar,44x10 Mobile Office or Similar,Medium Mobile Office - 2 offices + Sm. Open Area (up to 480 SF) - MO4410 or similar,Offices,Mobile Offices,Mobile Offices,0,2026-04-01,2026-Q2,44.0,0.07154471544715447,0.09205020920502092,-0.6136363636363636,0.04569666386319035,-0.02405020920502092,108.0,0.0759713465980908,0.06796286286026144,30.5,23.5,1.297872340425532,0.2978723404255319,-0.1428571428571429,0.12158054711246197,10,306,4476,4922,2026-04-01,True,17,250,145,0.11724137931034483,0.068,0.06216984965461195,0.06836461126005362,0.0979663439308383,0.06812761394101877,17,306,10,True,False,0.12598425196850394,0.09855453350854139,1.0,0.22980251346499103,0.301568826263465,Low,0.2605970621198402,0.0995471155039105,0.39675619114056515,0.4443329962652579,0.2893250533441556,0.02192877860135353,0.03208609480306576,0.07531785509114601,0.12654336014298484,Low Priority,False,Low confidence
10W,Mining & Utilities,2026,2,7,138,145,0.050724637681159424,0.04827586206896552,10' OPEN BAY OFFICE,Ground Level Office - 10' x 8',Small Ground Level Office (80 SF),Offices,Ground Level Offices,Standard Ground Level Offices,0,2026-04-01,2026-Q2,9.0,0.014634146341463415,0.03169014084507042,-0.2222222222222222,0.0336417157275021,0.019034496836089,28.0,0.023875709764734472,0.033050630955145766,8.0,6.0,1.3333333333333333,0.33333333333333326,-0.31707317073170727,0.07317073170731705,10,89,2554,4922,2026-04-01,True,7,138,145,0.04827586206896552,0.050724637681159424,0.018082080455099552,0.03484729835552075,0.037708038504112425,0.04516756891718589,7,89,10,True,False,0.047244094488188976,0.027266754270696452,1.0,0.22980251346499103,0.24905904841210902,Low,0.0933751971514212,0.06457845431402601,0.40983606557377056,0.4168968394780944,0.2227888463065162,0.02192877860135353,0.03208609480306576,0.07531785509114601,0.0946909082655227,Low Priority,False,Low confidence
20W,Mining & Utilities,2026,2,10,415,145,0.024096385542168676,0.06896551724137931,20' OPEN BAY OFFICE,Ground Level Office - 20' x 8',Small Ground Level Office (160 SF),Offices,Ground Level Offices,Standard Ground Level Offices,0,2026-04-01,2026-Q2,56.0,0.0910569105691057,0.046166529266281946,-0.8214285714285714,-0.02209139332772639,-0.02207014372411327,130.0,0.08156849611825015,0.0343367545555743,33.0,32.0,1.03125,0.03125,-0.2817679558011049,-0.09395718232044196,10,416,11726,4922,2026-04-01,True,10,415,145,0.06896551724137931,0.024096385542168676,0.08451848841934173,0.03547671840354767,0.07440905715366615,0.028079502043651325,10,416,10,True,False,0.07086614173228346,0.13469119579500657,1.0,0.22980251346499103,0.29492531948105066,Low,0.19522361026821475,0.03855294694805801,0.2984118852459017,0.32217746047608653,0.21852546651282692,0.02192877860135353,0.03208609480306576,0.07531785509114601,0.10797409936522484,Low Priority,False,Low confidence
MO4412,Mining & Utilities,2026,2,10,293,145,0.034129692832764506,0.06896551724137931,44x12 Mobile Office or Similar,44x12 Mobile Office or Similar,Medium Mobile Office - 2 offices + Med. Open Area (up to 576 SF) - MO4412 or similar,Offices,Mobile Offices,Mobile Offices,0,2026-04-01,2026-Q2,44.0,0.07154471544715447,0.07445008460236886,-0.7727272727272727,-0.0025791982057751656,-0.040320391769604357,120.0,0.07831908457179064,0.058327169411411195,27.0,33.0,0.8181818181818182,-0.18181818181818177,-0.39698492462311563,-0.26788487894015534,10,420,5542,4922,2026-04-01,True,10,293,145,0.06896551724137931,0.034129692832764506,0.08533116619260463,0.0757849151930711,0.07469349437430817,0.04870902065887181,10,420,10,True,False,0.07086614173228346,0.1360052562417871,1.0,0.22980251346499103,0.29538524063742383,Low,0.19601294747518333,0.0699721643850121,0.21982116244411332,0.2236043195923165,0.19461098364284113,0.02192877860135353,0.03208609480306576,0.07531785509114601,0.13654530775228074,Declining Product,False,Low confidence
MO5012,Mining & Utilities,2026,2,6,81,145,0.07407407407407407,0.041379310344827586,50x12 Mobile Office or Similar,50x12 Mobile Office or Similar,Medium Mobile Office - 2 offices + Med. Open Area (up to 672 SF) - MO5012 or similar,Offices,Mobile Offices,Mobile Offices,0,2026-04-01,2026-Q2,8.0,0.013008130081300813,0.049079754601226995,-0.25,0.028371180263526773,0.024994319472847075,31.0,0.02459894904719815,0.06308517696554507,7.0,8.5,0.8235294117647058,-0.17647058823529416,0.14814814814814814,-0.046623093681917235,10,73,1532,4922,2026-04-01,True,6,81,145,0.041379310344827586,0.07407407407407407,0.014831369362047948,0.047650130548302874,0.032087531000854715,0.06482569384005415,6,73,10,True,False,0.03937007874015748,0.022010512483574246,1.0,0.22980251346499103,0.24446345827480523,Low,0.07777781617450956,0.09451821746965808,0.2217936354869817,0.349003951475803,0.17561582690627206,0.02192877860135353,0.03208609480306576,0.07531785509114601,0.15432501692292816,Declining Product,False,Low confidence
MO3610,Mining & Utilities,2026,2,13,263,145,0.049429657794676805,0.0896551724137931,36x10 Mobile Office or Similar,36x10 Mobile Office or Similar,Small Mobile Office - 1 office + Sm. Open Area (up to 360 SF) - MO3610 or similar,Offices,Mobile Offices,Mobile Offices,0,2026-04-01,2026-Q2,22.0,0.03577235772357724,0.04592901878914405,-0.40909090909090906,0.053882814690215865,0.0035006390055327546,93.0,0.06917039101731638,0.053749215048541805,17.5,29.0,0.603448275862069,-0.39655172413793105,-0.23140495867768596,-0.330493017953833,10,266,4825,4922,2026-04-01,True,13,263,145,0.0896551724137931,0.049429657794676805,0.05404307192198293,0.055129533678756476,0.07719093724165954,0.05142461435410469,13,266,10,True,False,0.09448818897637795,0.08541392904073587,1.0,0.22980251346499103,0.28594599265248893,Low,0.202943561454005,0.07410807421268945,0.140616167326173,0.18812129401669683,0.17493800974435186,0.02192877860135353,0.03208609480306576,0.07531785509114601,0.11896421127287773,Declining Product,False,Low confidence
30W,Mining & Utilities,2026,2,5,96,145,0.052083333333333336,0.034482758620689655,30' OPEN BAY OFFICE,Ground Level Office - 30' x 10',Medium Size Ground Level Office (300 SF),Offices,Ground Level Offices,Standard Ground Level Offices,0,2026-04-01,2026-Q2,8.0,0.013008130081300813,0.032520325203252036,-0.375,0.02147462853938884,0.0195630081300813,31.0,0.023283225797667166,0.04430880937098845,6.5,9.0,0.7222222222222222,-0.2777777777777778,0.03333333333333344,-0.1533333333333333,10,88,2034,4922,2026-04-01,True,5,96,145,0.034482758620689655,0.052083333333333336,0.017878911011783828,0.043264503441494594,0.028671411957572616,0.048996742871189776,5,88,10,True,False,0.031496062992125984,0.026938239159001315,1.0,0.22980251346499103,0.24343225709939367,Low,0.0682977985516044,0.07041037173821664,0.18442622950819673,0.288526157016771,0.1512504219321887,0.02192877860135353,0.03208609480306576,0.07531785509114601,0.11106962881022621,Declining Product,False,Low confidence
20X,Mining & Utilities,2026,2,4,62,145,0.06451612903225806,0.027586206896551724,20' COMBO W/10' OFFICE,Ground Level Office / Storage Combo - 20' x 8',Small Ground Level Office Combo (160 SF),Offices,Ground Level Offices,Ground Level Office / Storage Combo Units,0,2026-04-01,2026-Q2,3.0,0.004878048780487805,0.019736842105263157,0.33333333333333326,0.022708158116063918,0.044779286926994906,16.0,0.014227219665855311,0.033871809324768916,3.5,4.5,0.7777777777777778,-0.2222222222222222,-0.1578947368421053,-0.19649122807017544,10,42,2142,4922,2026-04-01,True,4,62,145,0.027586206896551724,0.06451612903225806,0.008533116619260463,0.0196078431372549,0.02091762529949978,0.04879822896900696,4,42,10,False,True,0.023622047244094488,0.011826544021024968,1.0,0.22980251346499103,0.23538725828929094,Low,0.04678038852242836,0.07010803063306169,0.20491803278688528,0.2640665147583943,0.14395739519787068,0.02192877860135353,0.03208609480306576,0.07531785509114601,0.17380877082015603,Low Priority,False,Below minimum support thresholds; Low confidence
40U,Mining & Utilities,2026,2,3,88,145,0.03409090909090909,0.020689655172413793,40' COMBO W/15' OFFICE,Ground Level Office Combo / ftorage Combo - 40' u 8',Large Ground Level Office Combo (320 sq. ft.),Offices,Ground Level Offices,Ground Level Office / Storage Combo Units,0,2026-04-01,2026-Q2,4.0,0.011730205278592375,0.0196078431372549,-0.25,0.008959449893821417,0.014483065953654187,16.0,0.013879690247314436,0.024815296932169995,3.5,4.5,0.7777777777777778,-0.2222222222222222,-0.4666666666666667,-0.32,9,61,2150,4307,2026-04-01,True,3,88,145,0.020689655172413793,0.03409090909090909,0.014162990480612956,0.028372093023255815,0.0184053225302835,0.032089323467230445,3,61,9,False,True,0.015748031496062992,0.01806833114323259,0.8571428571428571,0.22980251346499103,0.206244549698824,Low,0.039808537066291304,0.044659994501646434,0.20491803278688528,0.19406818894580424,0.12190507737428798,0.02192877860135353,0.03208609480306576,0.07531785509114601,0.1507752579326455,Low Priority,False,Below minimum support thresholds; Low confidence
MO248,Mining & Utilities,2026,2,3,88,145,0.03409090909090909,0.020689655172413793,24x8 Mobile Office (20x8 Box),24x8 Mobile Office (20x8 Box),"Small Mobile Office - Open Space
(up to 192 SF) - MO248 or similar",Offices,Mobile Offices,Mobile Offices,0,2026-04-01,2026-Q2,10.0,0.016260162601626018,0.042735042735042736,-0.7,0.004429492570787775,-0.008644133644133647,32.0,0.021056372747183007,0.04265996300311403,6.5,9.5,0.6842105263157895,-0.3157894736842105,-0.4576271186440678,-0.3725245316681534,10,124,2294,4922,2026-04-01,True,3,88,145,0.020689655172413793,0.03409090909090909,0.02519301097114994,0.05405405405405406,0.022265829701971444,0.041078009828009826,3,124,10,False,True,0.015748031496062992,0.03876478318002628,1.0,0.22980251346499103,0.24205973648313037,Low,0.05052176911624692,0.05834996451546648,0.17040552200172565,0.1643000257342868,0.12186159237092507,0.02192877860135353,0.03208609480306576,0.07531785509114601,0.12824215344376635,Low Priority,False,Below minimum support thresholds; Low confidence
MO328,Mining & Utilities,2026,2,5,130,145,0.038461538461538464,0.034482758620689655,32x8 Mobile Office or Similar,32x8 Mobile Office or Similar,Small Mobile Office - 1 office + Sm. Open Area (up to 288 SF) - MO328 or similar,Offices,Mobile Offices,Mobile Offices,0,2026-04-01,2026-Q2,11.0,0.01788617886178862,0.03225806451612903,-0.5454545454545454,0.016596579758901036,0.006203473945409432,45.0,0.03094363837977877,0.0395920462075215,8.0,14.5,0.5517241379310345,-0.4482758620689655,-0.25,-0.36896551724137927,10,136,3461,4922,2026-04-01,True,5,130,145,0.034482758620689655,0.038461538461538464,0.02763104429093864,0.03929500144466917,0.0320846586052768,0.03875325050563421,5,136,10,True,False,0.031496062992125984,0.042706964520367936,1.0,0.22980251346499103,0.248951310975872,Low,0.07776984503522737,0.0548093041636338,0.12153759185980782,0.16631708936081682,0.12089059276575986,0.02192877860135353,0.03208609480306576,0.07531785509114601,0.1366038717133777,Declining Product,False,Low confidence
18W,Mining & Utilities,2026,2,1,35,145,0.02857142857142857,0.006896551724137931,OFFICE-STEEL-18'X10'-OPEN BAY,Ground Level Office - 18' x 10',Small Ground Level Office (180 SF),Offices,Ground Level Offices,Standard Ground Level Offices,0,2026-04-01,2026-Q2,4.0,0.0065040650406504065,0.038461538461538464,-0.75,0.00039248668348752444,-0.009890109890109893,16.0,0.010278139300799516,0.04777175527175528,2.5,5.5,0.45454545454545453,-0.5454545454545454,0.33333333333333326,-0.1939393939393939,10,32,1140,4922,2026-04-01,True,1,35,145,0.006896551724137931,0.02857142857142857,0.00650142218610321,0.028070175438596492,0.006758256385825778,0.028395989974937343,1,32,10,False,True,0.0,0.008541392904073587,1.0,0.22980251346499103,0.22596973886292487,Low,0.007486949057894873,0.039034965133490154,0.08569299552906111,0.2655127611594809,0.10091405185323958,0.02192877860135353,0.03208609480306576,0.07531785509114601,0.16254385964912282,Insufficient Data,False,Insufficient current observation history; Low confidence
25W,Mining & Utilities,2026,2,2,89,145,0.02247191011235955,0.013793103448275862,25' OPEN BAY OFFICE,Ground Level Office - 25' x 10',Medium Size Ground Level Office (250 SF),Offices,Ground Level Offices,Standard Ground Level Offices,0,2026-04-01,2026-Q2,16.0,0.026016260162601626,0.07048458149779736,-0.875,-0.012223156714325764,-0.04801267138543781,62.0,0.03798900448953762,0.07133683782276598,9.0,22.0,0.4090909090909091,-0.5909090909090908,-0.1842105263157895,-0.4282296650717703,10,162,2364,4922,2026-04-01,True,2,89,145,0.013793103448275862,0.02247191011235955,0.0329134498171475,0.06852791878172589,0.020485224677380932,0.038591513146637765,2,162,10,False,True,0.007874015748031496,0.051248357424441525,1.0,0.22980251346499103,0.24367308195686468,Low,0.04558044043341109,0.05456297455484502,0.0689269746646796,0.13272926345972008,0.09483247378641596,0.02192877860135353,0.03208609480306576,0.07531785509114601,0.10826047073138274,Insufficient Data,False,Insufficient current observation history; Low confidence
MO5010,Mining & Utilities,2026,2,4,97,145,0.041237113402061855,0.027586206896551724,50x10 Mobile Office or Similar,50x10 Mobile Office or Similar,Medium Mobile Office - 2 offices + Med. Open Area (up to 560 SF) - MO5010 or similar,Offices,Mobile Offices,Mobile Offices,0,2026-04-01,2026-Q2,5.0,0.008130081300813009,0.02109704641350211,-0.19999999999999996,0.019456125595738713,0.020140066988559746,36.0,0.026126008269697642,0.0518938087422574,4.5,13.5,0.3333333333333333,-0.6666666666666667,-0.26530612244897955,-0.5061224489795919,10,102,1910,4922,2026-04-01,True,4,97,145,0.027586206896551724,0.041237113402061855,0.02072328321820398,0.05340314136125655,0.025184183609130013,0.04549522318778,4,102,10,False,True,0.023622047244094488,0.03153745072273324,1.0,0.22980251346499103,0.24228607563488883,Low,0.05862044662695707,0.0650774790835302,0.04098360655737705,0.08858369888777774,0.08842881729466856,0.02192877860135353,0.03208609480306576,0.07531785509114601,0.12706104604091326,Low Priority,False,Below minimum support thresholds; Low confidence
MO6012,Non-Residential & GCs,2026,2,128,782,450,0.1636828644501279,0.28444444444444444,60x12 Mobile Office or Similar,60x12 Mobile Office or Similar,Large Mobile Office - 2 offices + Lg. Open Area (up to 720 SF) - MO6012 or similar,Offices,Mobile Offices,Mobile Offices,0,2026-04-01,2026-Q2,390.0,0.35977859778597787,0.18387553041018387,-0.6717948717948719,-0.07533415334153343,-0.020192665960055978,1102.0,0.30850452569226694,0.18258476680501418,259.0,292.0,0.886986301369863,-0.113013698630137,-0.0885028949545078,-0.10320937715988532,10,3050,17125,10570,2026-04-01,True,128,782,450,0.28444444444444444,0.1636828644501279,0.28855250709555347,0.1781021897810219,0.2858822663723326,0.1687296283159408,128,3050,10,True,False,1.0,1.0,1.0,0.77737881508079,0.9777378815080789,High,0.7820795496441304,0.2527662294927937,0.24519986525937573,0.3169337993277035,0.5284178359690404,0.02049595290654893,0.031248712288447385,0.07531125827814569,0.1079011824444154,Declining Product,True,No review flag
MO4412,Non-Residential & GCs,2026,2,45,293,450,0.15358361774744028,0.1,44x12 Mobile Office or Similar,44x12 Mobile Office or Similar,Medium Mobile Office - 2 offices + Med. Open Area (up to 576 SF) - MO4412 or similar,Offices,Mobile Offices,Mobile Offices,0,2026-04-01,2026-Q2,88.0,0.08118081180811808,0.14890016920473773,-0.48863636363636365,0.018819188191881928,0.004683448542702556,312.0,0.09031601471323762,0.15896666309602006,66.5,89.5,0.7430167597765364,-0.25698324022346364,-0.1567567567567567,-0.2168926468367809,10,896,5542,10570,2026-04-01,True,45,293,450,0.1,0.15358361774744028,0.0847682119205298,0.16167448574521834,0.09466887417218543,0.1564154215466626,45,896,10,True,False,0.3464566929133858,0.2923784494086728,1.0,0.77737881508079,0.5013301813207995,Medium,0.2514463062395672,0.23401141764943317,0.19209634581921425,0.2525040553836437,0.27373058007126616,0.02049595290654893,0.031248712288447385,0.07531125827814569,0.13654530775228074,Declining Product,True,No review flag
MO4410,Non-Residential & GCs,2026,2,36,250,450,0.144,0.08,44x10 Mobile Office or Similar,44x10 Mobile Office or Similar,Medium Mobile Office - 2 offices + Sm. Open Area (up to 480 SF) - MO4410 or similar,Offices,Mobile Offices,Mobile Offices,0,2026-04-01,2026-Q2,79.0,0.07287822878228782,0.16527196652719664,-0.5443037974683544,0.007121771217712181,-0.02127196652719665,238.0,0.0693715855733823,0.15640054856761695,57.5,61.5,0.9349593495934959,-0.06504065040650409,-0.2171052631578947,-0.12586649550706033,10,704,4476,10570,2026-04-01,True,36,250,450,0.08,0.144,0.06660359508041627,0.1572832886505809,0.07531125827814569,0.14864915102770332,36,704,10,True,False,0.2755905511811024,0.22930354796320632,1.0,0.77737881508079,0.45445081620858707,Medium,0.1977272942590553,0.22218321425503323,0.26289484206317476,0.30409292715919806,0.27011536104652595,0.02049595290654893,0.031248712288447385,0.07531125827814569,0.12654336014298484,Declining Product,True,No review flag
20W,Non-Residential & GCs,2026,2,47,415,450,0.11325301204819277,0.10444444444444445,20' OPEN BAY OFFICE,Ground Level Office - 20' x 8',Small Ground Level Office (160 SF),Offices,Ground Level Offices,Standard Ground Level Offices,0,2026-04-01,2026-Q2,85.0,0.07841328413284133,0.07007419620774938,-0.44705882352941173,0.026031160311603116,0.04317881584044339,318.0,0.09283846203944247,0.09490212900299516,66.0,93.0,0.7096774193548387,-0.29032258064516125,-0.364,-0.3197935483870967,10,1173,11726,10570,2026-04-01,True,47,415,450,0.10444444444444445,0.11325301204819277,0.11097445600756858,0.10003411222923418,0.10672994849153791,0.10862639711155728,47,1173,10,True,False,0.36220472440944884,0.38337713534822604,1.0,0.77737881508079,0.5386915324232652,Medium,0.2849168017492252,0.16122766647073714,0.17979904812268646,0.19418519494496317,0.26361189254868655,0.02049595290654893,0.031248712288447385,0.07531125827814569,0.10797409936522484,Declining Product,True,No review flag
MO3610,Non-Residential & GCs,2026,2,42,263,450,0.1596958174904943,0.09333333333333334,36x10 Mobile Office or Similar,36x10 Mobile Office or Similar,Small Mobile Office - 1 office + Sm. Open Area (up to 360 SF) - MO3610 or similar,Offices,Mobile Offices,Mobile Offices,0,2026-04-01,2026-Q2,76.0,0.07011070110701106,0.15866388308977036,-0.4473684210526315,0.023222632226322273,0.0010319344007239384,295.0,0.08533256416108516,0.17017785553492376,59.0,88.5,0.6666666666666666,-0.33333333333333337,-0.14492753623188404,-0.2579710144927536,10,820,4825,10570,2026-04-01,True,42,263,450,0.09333333333333334,0.1596958174904943,0.07757805108798486,0.1699481865284974,0.08781898454746137,0.1632841466537954,42,820,10,True,False,0.3228346456692913,0.26741130091984233,1.0,0.77737881508079,0.4843239628142758,Medium,0.23243728649096093,0.2444726393425291,0.1639344262295082,0.22922298054091186,0.2584446405649739,0.02049595290654893,0.031248712288447385,0.07531125827814569,0.11896421127287773,Declining Product,True,No review flag
MO328,Non-Residential & GCs,2026,2,31,130,450,0.23846153846153847,0.06888888888888889,32x8 Mobile Office or Similar,32x8 Mobile Office or Similar,Small Mobile Office - 1 office + Sm. Open Area (up to 288 SF) - MO328 or similar,Offices,Mobile Offices,Mobile Offices,0,2026-04-01,2026-Q2,44.0,0.04059040590405904,0.12903225806451613,-0.2954545454545454,0.02829848298482985,0.10942928039702235,194.0,0.057636070712313116,0.18612730343303185,37.5,59.5,0.6302521008403361,-0.3697478991596639,-0.10185185185185186,-0.26258948023653905,10,530,3461,10570,2026-04-01,True,31,130,450,0.06888888888888889,0.23846153846153847,0.050141911069063384,0.153134932100549,0.06232744665194996,0.20859722623519217,31,530,10,True,False,0.23622047244094488,0.1721419185282523,1.0,0.77737881508079,0.420664718347298,Medium,0.16169612512551165,0.3134854712297211,0.15050282408045187,0.22660547520233185,0.23839702563213258,0.02049595290654893,0.031248712288447385,0.07531125827814569,0.1366038717133777,Declining Product,True,No review flag
40W,Non-Residential & GCs,2026,2,25,282,450,0.08865248226950355,0.05555555555555555,40' OPEN BAY OFFICE,Ground Level Office - 40' x 8',Large Ground Level Office (320 SF),Offices,Ground Level Offices,Standard Ground Level Offices,0,2026-04-01,2026-Q2,63.0,0.058118081180811805,0.07768187422934648,-0.6031746031746033,-0.0025625256252562525,0.010970608040157065,191.0,0.05471606862986336,0.08590578518005547,44.0,51.5,0.8543689320388349,-0.1456310679611651,-0.3838709677419355,-0.24092702787347325,10,691,7087,10570,2026-04-01,True,25,282,450,0.05555555555555555,0.08865248226950355,0.06537369914853358,0.09750246931000424,0.058991905813097864,0.0917499777336788,25,691,10,True,False,0.1889763779527559,0.2250328515111695,1.0,0.77737881508079,0.42264111182045294,Medium,0.15243971879610654,0.1355245029660117,0.23316886837498013,0.23888262260422768,0.21869915007073243,0.02049595290654893,0.031248712288447385,0.07531125827814569,0.09438105631427836,Declining Product,True,No review flag
MO5012,Non-Residential & GCs,2026,2,12,81,450,0.14814814814814814,0.02666666666666667,50x12 Mobile Office or Similar,50x12 Mobile Office or Similar,Medium Mobile Office - 2 offices + Med. Open Area (up to 672 SF) - MO5012 or similar,Offices,Mobile Offices,Mobile Offices,0,2026-04-01,2026-Q2,33.0,0.03044280442804428,0.20245398773006135,-0.6363636363636364,-0.0037761377613776126,-0.05430583958191321,98.0,0.02767327308529029,0.18836663468565307,22.5,26.5,0.8490566037735849,-0.15094339622641506,-0.05769230769230771,-0.11364296081277211,10,254,1532,10570,2026-04-01,True,12,81,450,0.02666666666666667,0.14814814814814814,0.02403027436140019,0.16579634464751958,0.0257439293598234,0.15432501692292816,12,254,10,True,False,0.08661417322834646,0.08147174770039421,1.0,0.77737881508079,0.3365679538331382,Low,0.060173788156829916,0.23082768473596282,0.23120940303124038,0.3110205886584026,0.20759783537422075,0.02049595290654893,0.031248712288447385,0.07531125827814569,0.15432501692292816,Declining Product,False,Low confidence
MO248,Non-Residential & GCs,2026,2,14,88,450,0.1590909090909091,0.03111111111111111,24x8 Mobile Office (20x8 Box),24x8 Mobile Office (20x8 Box),"Small Mobile Office - Open Space
(up to 192 SF) - MO248 or similar",Offices,Mobile Offices,Mobile Offices,0,2026-04-01,2026-Q2,33.0,0.03044280442804428,0.14102564102564102,-0.5757575757575757,0.0006683066830668292,0.018065268065268064,107.0,0.030717417484967233,0.14506935953664263,23.5,30.0,0.7833333333333333,-0.21666666666666667,-0.1640625,-0.195625,10,333,2294,10570,2026-04-01,True,14,88,450,0.03111111111111111,0.1590909090909091,0.0315042573320719,0.14516129032258066,0.031248712288447385,0.15421554252199413,14,333,10,True,False,0.10236220472440945,0.10742444152431012,1.0,0.77737881508079,0.3511632076951309,Medium,0.07545002370729974,0.23066095277915463,0.20696721311475413,0.26455744761876315,0.20251873858805577,0.02049595290654893,0.031248712288447385,0.07531125827814569,0.12824215344376635,Declining Product,True,No review flag
10W,Non-Residential & GCs,2026,2,16,138,450,0.11594202898550725,0.035555555555555556,10' OPEN BAY OFFICE,Ground Level Office - 10' x 8',Small Ground Level Office (80 SF),Offices,Ground Level Offices,Standard Ground Level Offices,0,2026-04-01,2026-Q2,39.0,0.035977859778597784,0.13732394366197184,-0.5897435897435898,-0.00042230422304222887,-0.021381914676464595,125.0,0.03568202311107291,0.13425762251709603,27.5,35.0,0.7857142857142857,-0.2142857142857143,-0.1496598639455783,-0.1884353741496599,10,355,2554,10570,2026-04-01,True,16,138,450,0.035555555555555556,0.11594202898550725,0.03358561967833491,0.13899765074393108,0.03486607799852833,0.12401149660095559,16,355,10,True,False,0.11811023622047244,0.11465177398160316,1.0,0.77737881508079,0.3592045850788055,Medium,0.08548851775436693,0.18465951648927964,0.20784543325526933,0.2686321523128449,0.19832305588396743,0.02049595290654893,0.031248712288447385,0.07531125827814569,0.0946909082655227,Declining Product,True,No review flag
18W,Non-Residential & GCs,2026,2,7,35,450,0.2,0.015555555555555555,OFFICE-STEEL-18'X10'-OPEN BAY,Ground Level Office - 18' x 10',Small Ground Level Office (180 SF),Offices,Ground Level Offices,Standard Ground Level Offices,0,2026-04-01,2026-Q2,13.0,0.011992619926199263,0.125,-0.46153846153846156,0.0035629356293562925,0.07500000000000001,44.0,0.012925017645569163,0.1500337837837838,10.0,12.0,0.8333333333333334,-0.16666666666666663,-0.2786885245901639,-0.21147540983606555,10,146,1140,10570,2026-04-01,True,7,35,450,0.015555555555555555,0.2,0.01381267738883633,0.1280701754385965,0.014945548197203826,0.17482456140350877,7,146,10,True,False,0.047244094488188976,0.045992115637319315,1.0,0.77737881508079,0.31037055505200695,Low,0.030207372343015643,0.2620489486639864,0.22540983606557383,0.25557426258152227,0.19144569129384612,0.02049595290654893,0.031248712288447385,0.07531125827814569,0.16254385964912282,Declining Product,False,Low confidence
MO5010,Non-Residential & GCs,2026,2,13,97,450,0.13402061855670103,0.028888888888888888,50x10 Mobile Office or Similar,50x10 Mobile Office or Similar,Medium Mobile Office - 2 offices + Med. Open Area (up to 560 SF) - MO5010 or similar,Offices,Mobile Offices,Mobile Offices,0,2026-04-01,2026-Q2,35.0,0.03228782287822878,0.14767932489451477,-0.6285714285714286,-0.0033989339893398945,-0.013658706337813742,118.0,0.03285884305696175,0.16346539351522663,24.0,35.0,0.6857142857142857,-0.3142857142857143,-0.07086614173228345,-0.21691788526434194,10,301,1910,10570,2026-04-01,True,13,97,450,0.028888888888888888,0.13402061855670103,0.02847682119205298,0.15759162303664923,0.02874466519499632,0.14227047012468289,13,301,10,True,False,0.09448818897637795,0.0969119579500657,1.0,0.77737881508079,0.3447279329323343,Low,0.06850108244567044,0.21246834082579671,0.17096018735363,0.2524897515601353,0.1868186830434569,0.02049595290654893,0.031248712288447385,0.07531125827814569,0.12706104604091326,Declining Product,False,Low confidence
30W,Non-Residential & GCs,2026,2,7,96,450,0.07291666666666667,0.015555555555555555,30' OPEN BAY OFFICE,Ground Level Office - 30' x 10',Medium Size Ground Level Office (300 SF),Offices,Ground Level Offices,Standard Ground Level Offices,0,2026-04-01,2026-Q2,32.0,0.02952029520295203,0.13008130081300814,-0.78125,-0.013964739647396474,-0.05716463414634147,81.0,0.02188859956027616,0.10563670991503149,19.5,21.0,0.9285714285714286,-0.0714285714285714,-0.3414634146341463,-0.17944250871080136,10,251,2034,10570,2026-04-01,True,7,96,450,0.015555555555555555,0.07291666666666667,0.023746452223273415,0.12340216322517207,0.018422369389256805,0.09058659046214357,7,251,10,True,False,0.047244094488188976,0.0804862023653088,1.0,0.77737881508079,0.32244348540680323,Low,0.039855843533494174,0.13375263817703978,0.26053864168618274,0.2737288390917861,0.18024085770748116,0.02049595290654893,0.031248712288447385,0.07531125827814569,0.11106962881022621,Declining Product,False,Low confidence
20X,Non-Residential & GCs,2026,2,10,62,450,0.16129032258064516,0.022222222222222223,20' COMBO W/10' OFFICE,Ground Level Office / Storage Combo - 20' x 8',Small Ground Level Office Combo (160 SF),Offices,Ground Level Offices,Ground Level Office / Storage Combo Units,0,2026-04-01,2026-Q2,20.0,0.01845018450184502,0.13157894736842105,-0.5,0.0037720377203772047,0.02971137521222411,89.0,0.025105410094914557,0.15489579726241015,15.0,29.5,0.5084745762711864,-0.4915254237288136,-0.2457627118644068,-0.39322033898305087,10,348,2142,10570,2026-04-01,True,10,62,450,0.022222222222222223,0.16129032258064516,0.03292336802270577,0.16246498599439776,0.025967623252391464,0.16170145477545858,10,348,10,True,False,0.07086614173228346,0.11235216819973719,1.0,0.77737881508079,0.3418642899842862,Low,0.060794557520196156,0.2420621642757732,0.10558488469019173,0.152570722294966,0.16193302889113967,0.02049595290654893,0.031248712288447385,0.07531125827814569,0.17380877082015603,Declining Product,False,Low confidence
25W,Non-Residential & GCs,2026,2,8,89,450,0.0898876404494382,0.017777777777777778,25' OPEN BAY OFFICE,Ground Level Office - 25' x 10',Medium Size Ground Level Office (250 SF),Offices,Ground Level Offices,Standard Ground Level Offices,0,2026-04-01,2026-Q2,25.0,0.023062730627306273,0.11013215859030837,-0.6799999999999999,-0.005284952849528495,-0.020244518140870166,90.0,0.02459817930495972,0.11267905803336697,16.5,28.5,0.5789473684210527,-0.42105263157894735,-0.1964285714285714,-0.33120300751879694,10,268,2364,10570,2026-04-01,True,8,89,450,0.017777777777777778,0.0898876404494382,0.02535477767265847,0.11336717428087986,0.02042972774098602,0.09810547729044278,8,268,10,True,False,0.05511811023622047,0.08607095926412615,1.0,0.77737881508079,0.32715405583320034,Low,0.045426431767912265,0.14520407068734018,0.13157894736842107,0.18771890898674834,0.14621547786451822,0.02049595290654893,0.031248712288447385,0.07531125827814569,0.10826047073138274,Declining Product,False,Low confidence
40U,Non-Residential & GCs,2026,2,8,88,450,0.09090909090909091,0.017777777777777778,40' COMBO W/15' OFFICE,Ground Level Office Combo / ftorage Combo - 40' u 8',Large Ground Level Office Combo (320 sq. ft.),Offices,Ground Level Offices,Ground Level Office / Storage Combo Units,0,2026-04-01,2026-Q2,16.0,0.014760147601476014,0.08648648648648649,-0.5,0.0030176301763017634,0.00442260442260442,71.0,0.020052802871145962,0.10402381694951354,12.0,23.5,0.5106382978723404,-0.4893617021276596,-0.4132231404958677,-0.4589062774749429,10,270,2335,10570,2026-04-01,True,8,88,450,0.017777777777777778,0.09090909090909091,0.02554399243140965,0.11563169164882227,0.02049595290654893,0.09956200116799689,8,270,10,True,False,0.05511811023622047,0.08672798948751642,1.0,0.77737881508079,0.3273840164113869,Low,0.04561021217154042,0.14742238907200786,0.10638297872340426,0.11534336061029428,0.13085324376379673,0.02049595290654893,0.031248712288447385,0.07531125827814569,0.1507752579326455,Declining Product,False,Low confidence
HQ208,Non-Residential & GCs,2026,2,1,24,450,0.041666666666666664,0.0022222222222222222,20x8 HQ Ground Level Office,HQ Ground Level Office - 20' x 8',Small HQ Ground Level Office+ (160 SF),Offices,Ground Level Offices,Standard Ground Level Offices,0,2026-04-01,2026-Q2,3.0,0.0027675276752767526,0.08571428571428572,-0.6666666666666667,-0.0005453054530545304,-0.04404761904761905,17.0,0.004615508336883843,0.08839285714285715,2.0,6.5,0.3076923076923077,-0.6923076923076923,-0.5641025641025641,-0.641025641025641,10,79,845,10570,2026-04-01,True,1,24,450,0.0022222222222222222,0.041666666666666664,0.007473982970671713,0.09349112426035502,0.004060338484179544,0.05980522682445759,1,79,10,False,True,0.0,0.023981603153745073,1.0,0.77737881508079,0.28613144261188983,Low,0.0,0.086871934115198,0.03152585119798236,0.0121276104460346,0.06841841502132473,0.02049595290654893,0.031248712288447385,0.07531125827814569,0.18237200475740722,Insufficient Data,False,Insufficient current observation history; Low confidence
MO6012,Other,2026,2,11,782,35,0.014066496163682864,0.3142857142857143,60x12 Mobile Office or Similar,60x12 Mobile Office or Similar,Large Mobile Office - 2 offices + Lg. Open Area (up to 720 SF) - MO6012 or similar,Offices,Mobile Offices,Mobile Offices,0,2026-04-01,2026-Q2,11.0,0.1506849315068493,0.005186232909005186,0.0,0.16360078277886497,0.008880263254677678,61.0,0.22668317911862373,0.011339936132619098,11.0,19.5,0.5641025641025641,-0.4358974358974359,-0.4601769911504425,-0.4456092579986386,10,276,17125,1206,2026-04-01,True,11,782,35,0.3142857142857143,0.014066496163682864,0.22885572139303484,0.016116788321167884,0.2843852167732765,0.01478409841880262,11,276,10,True,False,0.07874015748031496,0.08869908015768725,1.0,0.03231597845601436,0.2618353310189022,Low,0.7779251111126851,0.018303750386923216,0.12610340479192939,0.12287941725708493,0.31996617661097415,0.03489605543710021,0.0556191382025447,0.1034387495334223,0.1079011824444154,Declining Product,False,Low confidence
20W,Other,2026,2,8,415,35,0.01927710843373494,0.22857142857142856,20' OPEN BAY OFFICE,Ground Level Office - 20' x 8',Small Ground Level Office (160 SF),Offices,Ground Level Offices,Standard Ground Level Offices,0,2026-04-01,2026-Q2,20.0,0.273972602739726,0.016488046166529265,-0.6,-0.04540117416829745,0.002789062267205676,61.0,0.2172860824918006,0.017477232821884292,14.0,16.5,0.8484848484848485,-0.1515151515151515,-0.29885057471264365,-0.21044932079414835,10,216,11726,1206,2026-04-01,True,8,415,35,0.22857142857142856,0.01927710843373494,0.1791044776119403,0.018420603786457445,0.21125799573560766,0.018977331807187817,8,216,10,True,False,0.05511811023622047,0.06898817345597898,1.0,0.03231597845601436,0.24666879713787124,Low,0.5749909231152047,0.024690138457867647,0.2309985096870343,0.2561557962972786,0.29905869557881426,0.03489605543710021,0.0556191382025447,0.1034387495334223,0.10797409936522484,Declining Product,False,Low confidence
MO3610,Other,2026,2,4,263,35,0.015209125475285171,0.11428571428571428,36x10 Mobile Office or Similar,36x10 Mobile Office or Similar,Small Mobile Office - 1 office + Sm. Open Area (up to 360 SF) - MO3610 or similar,Offices,Mobile Offices,Mobile Offices,0,2026-04-01,2026-Q2,11.0,0.1506849315068493,0.022964509394572025,-0.6363636363636364,-0.036399217221135025,-0.007755383919286854,37.0,0.12734271122414886,0.020849108727661096,7.5,11.0,0.6818181818181818,-0.31818181818181823,-0.4307692307692308,-0.3632167832167833,10,139,4825,1206,2026-04-01,True,4,263,35,0.11428571428571428,0.015209125475285171,0.11525704809286899,0.028808290155440414,0.11462568111821844,0.019968833113339506,4,139,10,False,True,0.023622047244094488,0.04369250985545335,1.0,0.03231597845601436,0.22679169283044318,Low,0.3068281237782033,0.02620021708393989,0.1695230998509687,0.16957517177047943,0.19064813021058108,0.03489605543710021,0.0556191382025447,0.1034387495334223,0.11896421127287773,Low Priority,False,Below minimum support thresholds; Low confidence
30W,Other,2026,2,3,96,35,0.03125,0.08571428571428572,30' OPEN BAY OFFICE,Ground Level Office - 30' x 10',Medium Size Ground Level Office (300 SF),Offices,Ground Level Offices,Standard Ground Level Offices,0,2026-04-01,2026-Q2,1.0,0.0136986301369863,0.0040650406504065045,2.0,0.07201565557729941,0.027184959349593495,10.0,0.040657111491439205,0.01623819283519219,2.0,3.0,0.6666666666666666,-0.33333333333333337,1.0,0.1,7,15,1343,714,2026-04-01,True,3,96,35,0.08571428571428572,0.03125,0.02100840336134454,0.011169024571854059,0.0630672268907563,0.02422165860014892,3,15,7,False,True,0.015748031496062992,0.002956636005256242,0.5714285714285714,0.03231597845601436,0.12406394575677746,Low,0.1637490774998596,0.03267736525127036,0.1639344262295082,0.4321022684846403,0.17187201368232624,0.03489605543710021,0.0556191382025447,0.1034387495334223,0.11106962881022621,Low Priority,False,Below minimum support thresholds; Low confidence
10W,Other,2026,2,3,138,35,0.021739130434782608,0.08571428571428572,10' OPEN BAY OFFICE,Ground Level Office - 10' x 8',Small Ground Level Office (80 SF),Offices,Ground Level Offices,Standard Ground Level Offices,0,2026-04-01,2026-Q2,4.0,0.0547945205479452,0.014084507042253521,-0.25,0.030919765166340513,0.007654623392529087,20.0,0.07127702734952986,0.0219274752483139,3.5,6.5,0.5384615384615384,-0.46153846153846156,0.33333333333333326,-0.14358974358974363,9,45,2315,1112,2026-04-01,True,3,138,35,0.08571428571428572,0.021739130434782608,0.040467625899280574,0.019438444924406047,0.06987795477903391,0.020933890506150812,3,45,9,False,True,0.015748031496062992,0.012812089356110381,0.8571428571428571,0.03231597845601436,0.18465621157243353,Low,0.18264942013652913,0.027670021039593384,0.11664564943253469,0.2940483151501505,0.15546363914377195,0.03489605543710021,0.0556191382025447,0.1034387495334223,0.0946909082655227,Low Priority,False,Below minimum support thresholds; Low confidence
20X,Other,2026,2,2,62,35,0.03225806451612903,0.05714285714285714,20' COMBO W/10' OFFICE,Ground Level Office / Storage Combo - 20' x 8',Small Ground Level Office Combo (160 SF),Offices,Ground Level Offices,Ground Level Office / Storage Combo Units,0,2026-04-01,2026-Q2,2.0,0.0273972602739726,0.013157894736842105,0.0,0.02974559686888454,0.019100169779286927,9.0,0.03488565155430699,0.018174532401535586,2.0,2.5,0.8,-0.19999999999999996,-0.3571428571428571,-0.2628571428571428,10,38,2142,1206,2026-04-01,True,2,62,35,0.05714285714285714,0.03225806451612903,0.03150912106135987,0.017740429505135387,0.0481710495143331,0.027176892262281257,2,38,10,False,True,0.007874015748031496,0.010512483574244415,1.0,0.03231597845601436,0.209666872608398,Low,0.1224109325894476,0.03717825209886923,0.2131147540983607,0.22645377799870717,0.15219997860734605,0.03489605543710021,0.0556191382025447,0.1034387495334223,0.17380877082015603,Insufficient Data,False,Insufficient current observation history; Low confidence
MO4410,Other,2026,2,1,250,35,0.004,0.02857142857142857,44x10 Mobile Office or Similar,44x10 Mobile Office or Similar,Medium Mobile Office - 2 offices + Sm. Open Area (up to 480 SF) - MO4410 or similar,Offices,Mobile Offices,Mobile Offices,0,2026-04-01,2026-Q2,5.0,0.0684931506849315,0.010460251046025104,-0.8,-0.039921722113502936,-0.006460251046025104,13.0,0.043616567910157715,0.008021118662127394,3.0,3.5,0.8571428571428571,-0.1428571428571429,-0.0714285714285714,-0.1142857142857143,10,46,4476,1206,2026-04-01,True,1,250,35,0.02857142857142857,0.004,0.03814262023217247,0.010277033065236819,0.031921345652688934,0.006196961572832886,1,46,10,False,True,0.0,0.013140604467805518,1.0,0.03231597845601436,0.20783080940933338,Low,0.07731663785802835,0.005225349249373476,0.234192037470726,0.31065630953625456,0.14885153654326658,0.03489605543710021,0.0556191382025447,0.1034387495334223,0.12654336014298484,Insufficient Data,False,Insufficient current observation history; Low confidence
25W,Other,2026,2,1,89,35,0.011235955056179775,0.02857142857142857,25' OPEN BAY OFFICE,Ground Level Office - 25' x 10',Medium Size Ground Level Office (250 SF),Offices,Ground Level Offices,Standard Ground Level Offices,0,2026-04-01,2026-Q2,2.0,0.0273972602739726,0.00881057268722467,-0.5,0.0011741682974559693,0.0024253823689551045,7.0,0.024694013923644967,0.009297374051059652,1.5,2.0,0.75,-0.25,-0.6111111111111112,-0.3944444444444445,9,30,2105,1112,2026-04-01,True,1,89,35,0.02857142857142857,0.011235955056179775,0.02697841726618705,0.014251781472684086,0.028013874614594036,0.012291494301956283,1,30,9,False,True,0.0,0.00788436268068331,0.8571428571428571,0.03231597845601436,0.17741969621241202,Low,0.06647307712937718,0.01450745866571647,0.194672131147541,0.15187696320743913,0.11117234001444233,0.03489605543710021,0.0556191382025447,0.1034387495334223,0.10826047073138274,Insufficient Data,False,Insufficient current observation history; Low confidence
40W,Other,2026,2,1,282,35,0.0035460992907801418,0.02857142857142857,40' OPEN BAY OFFICE,Ground Level Office - 40' x 8',Large Ground Level Office (320 SF),Offices,Ground Level Offices,Standard Ground Level Offices,0,2026-04-01,2026-Q2,3.0,0.0410958904109589,0.0036991368680641184,-0.6666666666666667,-0.012524461839530331,-0.00015303757728397666,13.0,0.04236705373763271,0.005507380736960273,2.0,4.5,0.4444444444444444,-0.5555555555555556,-0.6666666666666667,-0.6000000000000001,10,87,7087,1206,2026-04-01,True,1,282,35,0.02857142857142857,0.0035460992907801418,0.07213930348258707,0.012275998306758854,0.043820184790334046,0.006601563946372691,1,87,10,False,True,0.0,0.026609724047306178,1.0,0.03231597845601436,0.2125450012621586,Low,0.1103369170953156,0.005841567697649612,0.0819672131147541,0.03537880258658017,0.08785140186838623,0.03489605543710021,0.0556191382025447,0.1034387495334223,0.09438105631427836,Insufficient Data,False,Insufficient current observation history; Low confidence
MO248,Other,2026,2,1,88,35,0.011363636363636364,0.02857142857142857,24x8 Mobile Office (20x8 Box),24x8 Mobile Office (20x8 Box),"Small Mobile Office - Open Space
(up to 192 SF) - MO248 or similar",Offices,Mobile Offices,Mobile Offices,0,2026-04-01,2026-Q2,2.0,0.0273972602739726,0.008547008547008548,-0.5,0.0011741682974559693,0.002816627816627816,9.0,0.03178709505853795,0.011651368618174226,1.5,3.0,0.5,-0.5,-0.4375,-0.475,9,32,2092,1144,2026-04-01,True,1,88,35,0.02857142857142857,0.011363636363636364,0.027972027972027972,0.015296367112810707,0.02836163836163836,0.012740092125847384,1,32,9,False,True,0.0,0.008541392904073587,0.8571428571428571,0.03231597845601436,0.1776496567905986,Low,0.0674381507725428,0.015190683167144243,0.10245901639344264,0.10622227863980524,0.08634217545844079,0.03489605543710021,0.0556191382025447,0.1034387495334223,0.12824215344376635,Insufficient Data,False,Insufficient current observation history; Low confidence
20W,Professional Services,2026,2,111,415,574,0.2674698795180723,0.19337979094076654,20' OPEN BAY OFFICE,Ground Level Office - 20' x 8',Small Ground Level Office (160 SF),Offices,Ground Level Offices,Standard Ground Level Offices,0,2026-04-01,2026-Q2,355.0,0.21712538226299694,0.29266281945589445,-0.6873239436619718,-0.02374559132223039,-0.02519293993782218,834.0,0.18481151959271544,0.23349014583095157,233.0,184.0,1.266304347826087,0.2663043478260869,-0.3191836734693878,0.03210913930789702,10,2721,11726,12991,2026-04-01,True,111,415,574,0.19337979094076654,0.2674698795180723,0.20945269802170732,0.23204843936551253,0.1990053084190958,0.25507237546467637,111,2721,10,True,False,0.8661417322834646,0.8919185282522996,1.0,1.0,0.9153210911875173,High,0.5409886854247756,0.38426816113595613,0.3851122594440485,0.39362527197524966,0.5125146442178486,0.018301523810239036,0.02772234168012859,0.06446669759578931,0.10797409936522484,Core Recommendation,True,No review flag
HQ408,Professional Services,2026,2,6,7,574,0.8571428571428571,0.010452961672473868,40x8 HQ Ground Level Office,HQ Ground Level Office - 40' x 8',Large HQ Ground Level Office+ (320 SF),Offices,Ground Level Offices,Standard Ground Level Offices,0,2026-04-01,2026-Q2,17.0,0.010397553516819572,0.37777777777777777,-0.6470588235294117,5.540815565429659e-05,0.4793650793650793,34.0,0.007435467618386376,0.384750566893424,11.5,5.5,2.090909090909091,1.0909090909090908,-0.15000000000000002,0.5945454545454544,10,99,339,12991,2026-04-01,True,6,7,574,0.010452961672473868,0.8571428571428571,0.007620660457239628,0.2920353982300885,0.009461656247141884,0.6593552465233882,6,99,10,True,False,0.03937007874015748,0.03055190538764783,1.0,1.0,0.32447269444473187,Low,0.014989111014877859,1.0,0.6892697466467959,0.7123848210152178,0.497879309952815,0.018301523810239036,0.02772234168012859,0.06446669759578931,0.5543773041118175,High Dependency Risk,False,Low confidence
MO6012,Professional Services,2026,2,128,782,574,0.1636828644501279,0.2229965156794425,60x12 Mobile Office or Similar,60x12 Mobile Office or Similar,Large Mobile Office - 2 offices + Lg. Open Area (up to 720 SF) - MO6012 or similar,Offices,Mobile Offices,Mobile Offices,0,2026-04-01,2026-Q2,317.0,0.19388379204892967,0.14945780292314945,-0.5962145110410095,0.029112723630512843,0.014225061526978444,1019.0,0.23227347439170581,0.1713988842792722,222.5,287.0,0.7752613240418118,-0.2247386759581882,0.024120603015075348,-0.12519496436888278,10,2624,17125,12991,2026-04-01,True,128,782,574,0.2229965156794425,0.1636828644501279,0.2019859903009776,0.15322627737226277,0.2156428317969798,0.1600230589728751,128,2624,10,True,False,1.0,0.8600525624178712,1.0,1.0,0.9510183968462548,High,0.5871592119273593,0.23950592999565123,0.20398983263837323,0.30447351596004985,0.4531707030259584,0.018301523810239036,0.02772234168012859,0.06446669759578931,0.1079011824444154,Declining Product,True,No review flag
40W,Professional Services,2026,2,59,282,574,0.20921985815602837,0.10278745644599303,40' OPEN BAY OFFICE,Ground Level Office - 40' x 8',Large Ground Level Office (320 SF),Offices,Ground Level Offices,Standard Ground Level Offices,0,2026-04-01,2026-Q2,266.0,0.16269113149847095,0.3279901356350185,-0.7781954887218046,-0.059903675052477914,-0.11877027747899013,535.0,0.11341798833523425,0.21996836375375067,162.5,105.0,1.5476190476190477,0.5476190476190477,0.07214428857715438,0.3574291440022903,10,1416,7087,12991,2026-04-01,True,59,282,574,0.10278745644599303,0.20921985815602837,0.10899853744900316,0.19980245519966136,0.10496133479704657,0.20592376712129992,59,1416,10,True,False,0.4566929133858268,0.4632063074901445,1.0,1.0,0.6219647273065899,Medium,0.28000875001582287,0.3094137333101454,0.4888758782201406,0.577999671672868,0.42365520715772276,0.018301523810239036,0.02772234168012859,0.06446669759578931,0.09438105631427836,Core Recommendation,True,No review flag
10W,Professional Services,2026,2,46,138,574,0.3333333333333333,0.08013937282229965,10' OPEN BAY OFFICE,Ground Level Office - 10' x 8',Small Ground Level Office (80 SF),Offices,Ground Level Offices,Standard Ground Level Offices,0,2026-04-01,2026-Q2,90.0,0.05504587155963303,0.31690140845070425,-0.48888888888888893,0.025093501262666615,0.016431924882629068,215.0,0.05159566983268875,0.2411049409526173,68.0,39.5,1.7215189873417722,0.7215189873417722,-0.06521739130434778,0.40682443588332423,10,592,2554,12991,2026-04-01,True,46,138,574,0.08013937282229965,0.3333333333333333,0.045570010006927876,0.2317932654659358,0.06804009583691953,0.2977943095797442,46,592,10,True,False,0.3543307086614173,0.19250985545335086,1.0,1.0,0.4913941974401689,Medium,0.17754920701780863,0.44933462062659096,0.5530192986096701,0.6059943450929968,0.4183438273325697,0.018301523810239036,0.02772234168012859,0.06446669759578931,0.0946909082655227,Core Recommendation,True,No review flag
MO4412,Professional Services,2026,2,60,293,574,0.20477815699658702,0.10452961672473868,44x12 Mobile Office or Similar,44x12 Mobile Office or Similar,Medium Mobile Office - 2 offices + Med. Open Area (up to 576 SF) - MO4412 or similar,Offices,Mobile Offices,Mobile Offices,0,2026-04-01,2026-Q2,92.0,0.056269113149847096,0.155668358714044,-0.34782608695652173,0.04826050357489158,0.04910979828254303,341.0,0.08214073561946653,0.17783562899841787,76.0,94.5,0.8042328042328042,-0.1957671957671958,-0.05540166204986152,-0.1396209822802621,10,876,5542,12991,2026-04-01,True,60,293,574,0.10452961672473868,0.20477815699658702,0.06743129859133246,0.158065680259834,0.0915452053780465,0.1884287901387235,60,876,10,True,False,0.4645669291338583,0.28580814717477004,1.0,1.0,0.5626312767080199,Medium,0.24277786265157522,0.2827684927632078,0.2146760343481655,0.2962976019244643,0.3011615960126198,0.018301523810239036,0.02772234168012859,0.06446669759578931,0.13654530775228074,Declining Product,True,No review flag
MO4410,Professional Services,2026,2,29,250,574,0.116,0.050522648083623695,44x10 Mobile Office or Similar,44x10 Mobile Office or Similar,Medium Mobile Office - 2 offices + Sm. Open Area (up to 480 SF) - MO4410 or similar,Offices,Mobile Offices,Mobile Offices,0,2026-04-01,2026-Q2,79.0,0.048318042813455656,0.16527196652719664,-0.6329113924050633,0.002204605270168039,-0.049271966527196634,206.0,0.04729063887299348,0.1338078984640973,54.0,49.0,1.1020408163265305,0.1020408163265305,-0.377643504531722,-0.08983291201677052,10,677,4476,12991,2026-04-01,True,29,250,574,0.050522648083623695,0.116,0.05211300130859826,0.15125111706881145,0.05107927171236479,0.12833789097408402,29,677,10,True,False,0.2204724409448819,0.2204336399474376,1.0,1.0,0.45431712831231186,Medium,0.13048149375530677,0.19124871171301336,0.32452325192372034,0.32451488163204795,0.2591236423455927,0.018301523810239036,0.02772234168012859,0.06446669759578931,0.12654336014298484,Low Priority,True,No review flag
18W,Professional Services,2026,2,7,35,574,0.2,0.012195121951219513,OFFICE-STEEL-18'X10'-OPEN BAY,Ground Level Office - 18' x 10',Small Ground Level Office (180 SF),Offices,Ground Level Offices,Standard Ground Level Offices,0,2026-04-01,2026-Q2,30.0,0.01834862385321101,0.28846153846153844,-0.7666666666666666,-0.006153501901991498,-0.08846153846153842,66.0,0.014377828176351186,0.20866943866943866,18.5,14.5,1.2758620689655173,0.27586206896551735,-0.4,0.005517241379310367,10,248,1140,12991,2026-04-01,True,7,35,574,0.012195121951219513,0.2,0.01909013932722654,0.21754385964912282,0.014608378032821973,0.20614035087719298,7,248,10,True,False,0.047244094488188976,0.0795006570302234,1.0,1.0,0.3443606630314443,Low,0.029271696782603433,0.30974359520593847,0.38863764838892034,0.37855437210234055,0.25689501302382056,0.018301523810239036,0.02772234168012859,0.06446669759578931,0.16254385964912282,High Dependency Risk,False,Low confidence
MO328,Professional Services,2026,2,19,130,574,0.14615384615384616,0.033101045296167246,32x8 Mobile Office or Similar,32x8 Mobile Office or Similar,Small Mobile Office - 1 office + Sm. Open Area (up to 288 SF) - MO328 or similar,Offices,Mobile Offices,Mobile Offices,0,2026-04-01,2026-Q2,54.0,0.03302752293577982,0.15835777126099707,-0.6481481481481481,7.352236038742771e-05,-0.012203925107150904,151.0,0.033475661604170016,0.13553367501786678,36.5,39.0,0.9358974358974359,-0.0641025641025641,-0.3228699551569507,-0.16760952052431877,10,536,3461,12991,2026-04-01,True,19,130,574,0.033101045296167246,0.14615384615384616,0.04125933338465091,0.15486853510546084,0.03595644612713653,0.1492039872869113,19,536,10,True,False,0.14173228346456693,0.17411300919842312,1.0,1.0,0.41054585243204655,Medium,0.0885143810055283,0.22302824226538634,0.2632408575031526,0.28043515921360346,0.2274552860022138,0.018301523810239036,0.02772234168012859,0.06446669759578931,0.1366038717133777,Declining Product,True,No review flag
40U,Professional Services,2026,2,18,88,574,0.20454545454545456,0.0313588850174216,40' COMBO W/15' OFFICE,Ground Level Office Combo / ftorage Combo - 40' u 8',Large Ground Level Office Combo (320 sq. ft.),Offices,Ground Level Offices,Ground Level Office / Storage Combo Units,0,2026-04-01,2026-Q2,37.0,0.022629969418960245,0.2,-0.5135135135135135,0.008728915598461357,0.004545454545454547,121.0,0.02907743311828279,0.18436649779529038,27.5,33.0,0.8333333333333334,-0.16666666666666663,-0.1768707482993197,-0.17074829931972785,10,375,2335,12991,2026-04-01,True,18,88,574,0.0313588850174216,0.20454545454545456,0.02886613809560465,0.16059957173447537,0.030486423594785667,0.18916439556161185,18,375,10,True,False,0.13385826771653545,0.12122207621550592,1.0,1.0,0.38927812037621445,Medium,0.07333460847788446,0.28388883624579786,0.22540983606557383,0.278656263210172,0.22405027454359766,0.018301523810239036,0.02772234168012859,0.06446669759578931,0.1507752579326455,Declining Product,True,No review flag
MO5010,Professional Services,2026,2,9,97,574,0.09278350515463918,0.0156794425087108,50x10 Mobile Office or Similar,50x10 Mobile Office or Similar,Medium Mobile Office - 2 offices + Med. Open Area (up to 560 SF) - MO5010 or similar,Offices,Mobile Offices,Mobile Offices,0,2026-04-01,2026-Q2,57.0,0.03486238532110092,0.24050632911392406,-0.8421052631578947,-0.01918294281239012,-0.14772282395928488,136.0,0.027416564368970997,0.16841394196901222,33.0,35.0,0.9428571428571428,-0.05714285714285716,0.402061855670103,0.1265390279823269,10,283,1910,12991,2026-04-01,True,9,97,574,0.0156794425087108,0.09278350515463918,0.021784312216149643,0.1481675392670157,0.017816146906314397,0.11216791709397095,9,283,10,True,False,0.06299212598425197,0.09099868593955322,1.0,1.0,0.3538967841733318,Medium,0.03817352516317947,0.16662148047387518,0.265807962529274,0.44714320443137506,0.2180939444402897,0.018301523810239036,0.02772234168012859,0.06446669759578931,0.12706104604091326,Low Priority,True,No review flag
MO3610,Professional Services,2026,2,29,263,574,0.11026615969581749,0.050522648083623695,36x10 Mobile Office or Similar,36x10 Mobile Office or Similar,Small Mobile Office - 1 office + Sm. Open Area (up to 360 SF) - MO3610 or similar,Offices,Mobile Offices,Mobile Offices,0,2026-04-01,2026-Q2,77.0,0.04709480122324159,0.16075156576200417,-0.6233766233766234,0.003427846860382104,-0.05048540606618668,259.0,0.0588247594163698,0.14628039921055175,53.0,76.5,0.6928104575163399,-0.30718954248366015,-0.24927536231884062,-0.28402387041773236,10,776,4825,12991,2026-04-01,True,29,263,574,0.050522648083623695,0.11026615969581749,0.05973366176583789,0.16082901554404144,0.053746502872398655,0.12796315924269586,29,776,10,True,False,0.2204724409448819,0.25295663600525625,1.0,1.0,0.4657001769325484,Medium,0.13788328452463236,0.19067798691964255,0.17357762777242047,0.21445758154219705,0.2162397720670141,0.018301523810239036,0.02772234168012859,0.06446669759578931,0.11896421127287773,Declining Product,True,No review flag
30W,Professional Services,2026,2,11,96,574,0.11458333333333333,0.01916376306620209,30' OPEN BAY OFFICE,Ground Level Office - 30' x 10',Medium Size Ground Level Office (300 SF),Offices,Ground Level Offices,Standard Ground Level Offices,0,2026-04-01,2026-Q2,52.0,0.031804281345565746,0.21138211382113822,-0.7884615384615384,-0.012640518279363657,-0.0967987804878049,134.0,0.02870883808530723,0.17362396602648528,31.5,35.5,0.8873239436619719,-0.11267605633802813,-0.1728395061728395,-0.13674143627195268,10,395,2034,12991,2026-04-01,True,11,96,574,0.01916376306620209,0.11458333333333333,0.030405665460703564,0.19419862340216323,0.023098428904277605,0.1424486848574238,11,395,10,True,False,0.07874015748031496,0.12779237844940866,1.0,1.0,0.3722863875754032,Medium,0.05283230191989764,0.2127397658426812,0.245324405449088,0.2979295783139349,0.20799491971772385,0.018301523810239036,0.02772234168012859,0.06446669759578931,0.11106962881022621,Declining Product,True,No review flag
20X,Professional Services,2026,2,11,62,574,0.1774193548387097,0.01916376306620209,20' COMBO W/10' OFFICE,Ground Level Office / Storage Combo - 20' x 8',Small Ground Level Office Combo (160 SF),Offices,Ground Level Offices,Ground Level Office / Storage Combo Units,0,2026-04-01,2026-Q2,21.0,0.012844036697247707,0.13815789473684212,-0.47619047619047616,0.006319726368954382,0.03926146010186757,71.0,0.016704625979831494,0.13218314289614874,16.0,19.5,0.8205128205128205,-0.17948717948717952,-0.36036036036036034,-0.25183645183645187,10,271,2142,12991,2026-04-01,True,11,62,574,0.01916376306620209,0.1774193548387097,0.020860595797090292,0.1265172735760971,0.01975765452201296,0.15960362639679526,11,271,10,True,False,0.07874015748031496,0.08705650459921156,1.0,1.0,0.3580288317278343,Medium,0.043561372067408996,0.23886712481779934,0.22068095838587642,0.23269973048202164,0.19358731259243625,0.018301523810239036,0.02772234168012859,0.06446669759578931,0.17380877082015603,Declining Product,True,No review flag
25W,Professional Services,2026,2,12,89,574,0.1348314606741573,0.020905923344947737,25' OPEN BAY OFFICE,Ground Level Office - 25' x 10',Medium Size Ground Level Office (250 SF),Offices,Ground Level Offices,Standard Ground Level Offices,0,2026-04-01,2026-Q2,37.0,0.022629969418960245,0.16299559471365638,-0.6756756756756757,-0.0017240460740125078,-0.028164134039499078,120.0,0.027246656629132133,0.15315370343747026,24.5,35.5,0.6901408450704225,-0.3098591549295775,-0.4029850746268657,-0.3471095228084928,10,422,2364,12991,2026-04-01,True,12,89,574,0.020905923344947737,0.1348314606741573,0.0324840274035871,0.1785109983079526,0.024958259765471516,0.15011929884598565,12,422,10,True,False,0.08661417322834646,0.1366622864651774,1.0,1.0,0.37814676089273336,Medium,0.057993488961787625,0.2244222822056056,0.17259293465712308,0.17870392630662174,0.1803286931409853,0.018301523810239036,0.02772234168012859,0.06446669759578931,0.10826047073138274,Declining Product,True,No review flag
MO248,Professional Services,2026,2,11,88,574,0.125,0.01916376306620209,24x8 Mobile Office (20x8 Box),24x8 Mobile Office (20x8 Box),"Small Mobile Office - Open Space
(up to 192 SF) - MO248 or similar",Offices,Mobile Offices,Mobile Offices,0,2026-04-01,2026-Q2,27.0,0.01651376146788991,0.11538461538461539,-0.5925925925925926,0.00265000159831218,0.009615384615384609,94.0,0.02187905556933506,0.12631640866043603,19.0,28.0,0.6785714285714286,-0.3214285714285714,-0.3037037037037037,-0.3143386243386243,10,308,2294,12991,2026-04-01,True,11,88,574,0.01916376306620209,0.125,0.023708721422523286,0.13426329555361813,0.020754498490914507,0.12824215344376635,11,308,10,True,False,0.07874015748031496,0.09921156373193167,1.0,1.0,0.3622831024242863,Medium,0.04632769791049028,0.19110290131685082,0.16832552693208436,0.1972767611945641,0.16971797456576165,0.018301523810239036,0.02772234168012859,0.06446669759578931,0.12824215344376635,Declining Product,True,No review flag
MO5012,Professional Services,2026,2,6,81,574,0.07407407407407407,0.010452961672473868,50x12 Mobile Office or Similar,50x12 Mobile Office or Similar,Medium Mobile Office - 2 offices + Med. Open Area (up to 672 SF) - MO5012 or similar,Offices,Mobile Offices,Mobile Offices,0,2026-04-01,2026-Q2,17.0,0.010397553516819572,0.10429447852760736,-0.6470588235294117,5.540815565429659e-05,-0.030220404453533287,63.0,0.014639191875384774,0.12290121645949866,11.5,20.0,0.575,-0.42500000000000004,-0.2674418604651163,-0.36197674418604653,10,208,1532,12991,2026-04-01,True,6,81,574,0.010452961672473868,0.07407407407407407,0.016011084597028713,0.13577023498694518,0.012398304696068063,0.09566773039357895,6,208,10,True,False,0.03937007874015748,0.06636005256241786,1.0,1.0,0.3370055459559014,Low,0.023138557417468685,0.14149132773693923,0.13012295081967212,0.17027796117351193,0.1373569490059749,0.018301523810239036,0.02772234168012859,0.06446669759578931,0.15432501692292816,Declining Product,False,Low confidence
HQ208,Professional Services,2026,2,2,24,574,0.08333333333333333,0.003484320557491289,20x8 HQ Ground Level Office,HQ Ground Level Office - 20' x 8',Small HQ Ground Level Office+ (160 SF),Offices,Ground Level Offices,Standard Ground Level Offices,0,2026-04-01,2026-Q2,4.0,0.0024464831804281344,0.11428571428571428,-0.5,0.0010378373770631548,-0.030952380952380953,26.0,0.0062619585494755395,0.14444444444444446,3.0,10.0,0.3,-0.7,-0.6060606060606061,-0.6624242424242424,10,118,845,12991,2026-04-01,True,2,24,574,0.003484320557491289,0.08333333333333333,0.009083211454083596,0.13964497041420118,0.005443932371298596,0.10304240631163708,2,118,10,False,True,0.007874015748031496,0.03679369250985545,1.0,1.0,0.3156336978902604,Low,0.0038395893897861864,0.1527231238112104,0.02868852459016394,0.0,0.0847792611807498,0.018301523810239036,0.02772234168012859,0.06446669759578931,0.18237200475740722,Insufficient Data,False,Insufficient current observation history; Low confidence
MO6012,Public Administration,2026,2,11,782,56,0.014066496163682864,0.19642857142857142,60x12 Mobile Office or Similar,60x12 Mobile Office or Similar,Large Mobile Office - 2 offices + Lg. Open Area (up to 720 SF) - MO6012 or similar,Offices,Mobile Offices,Mobile Offices,0,2026-04-01,2026-Q2,27.0,0.21951219512195122,0.01272984441301273,-0.5925925925925926,-0.023083623693379796,0.0013366517506701332,65.0,0.16845405610649514,0.010977649623689627,19.0,13.5,1.4074074074074074,0.40740740740740744,-0.044117647058823484,0.22679738562091506,10,184,17125,1059,2026-04-01,True,11,782,56,0.19642857142857142,0.014066496163682864,0.17374881964117092,0.010744525547445255,0.18849065830298123,0.0129038064479997,11,184,10,True,False,0.07874015748031496,0.05847568988173456,1.0,0.07001795332136446,0.2550273419088538,Low,0.5118096471253141,0.015440023734958175,0.43715846994535523,0.5039644088994151,0.3579113554948972,0.029454168352893564,0.039408808849318765,0.09876652502360718,0.1079011824444154,Low Priority,False,Low confidence
20W,Public Administration,2026,2,14,415,56,0.033734939759036145,0.25,20' OPEN BAY OFFICE,Ground Level Office - 20' x 8',Small Ground Level Office (160 SF),Offices,Ground Level Offices,Standard Ground Level Offices,0,2026-04-01,2026-Q2,18.0,0.14634146341463414,0.01483924154987634,-0.2222222222222222,0.10365853658536586,0.018895698209159803,66.0,0.18024379076208344,0.020206288300907302,16.0,17.0,0.9411764705882353,-0.05882352941176472,0.06451612903225801,-0.009487666034155625,10,166,11726,1059,2026-04-01,True,14,415,56,0.25,0.033734939759036145,0.15675165250236073,0.01415657513218489,0.21736307837582625,0.026882512139638208,14,166,10,True,False,0.10236220472440945,0.052562417871222074,1.0,0.07001795332136446,0.2612254132406075,Low,0.5919330408474248,0.03672990459959142,0.2651880424300868,0.3700503737101267,0.33265486970277325,0.029454168352893564,0.039408808849318765,0.09876652502360718,0.10797409936522484,Low Priority,False,Low confidence
30W,Public Administration,2026,2,7,96,56,0.07291666666666667,0.125,30' OPEN BAY OFFICE,Ground Level Office - 30' x 10',Medium Size Ground Level Office (300 SF),Offices,Ground Level Offices,Standard Ground Level Offices,0,2026-04-01,2026-Q2,8.0,0.06504065040650407,0.032520325203252036,-0.125,0.05995934959349593,0.040396341463414635,27.0,0.07619606003752345,0.04187531085196361,7.5,6.0,1.25,0.25,0.8,0.4700000000000001,10,53,2034,1059,2026-04-01,True,7,96,56,0.125,0.07291666666666667,0.05004721435316336,0.026057030481809244,0.09876652502360718,0.056515794001966574,7,53,10,True,False,0.047244094488188976,0.015440210249671484,1.0,0.07001795332136446,0.22894130199038762,Low,0.26281763194333096,0.0818620544848587,0.3790983606557377,0.6417989576021864,0.30164841155000466,0.029454168352893564,0.039408808849318765,0.09876652502360718,0.11106962881022621,Low Priority,False,Low confidence
40W,Public Administration,2026,2,8,282,56,0.028368794326241134,0.14285714285714285,40' OPEN BAY OFFICE,Ground Level Office - 40' x 8',Large Ground Level Office (320 SF),Offices,Ground Level Offices,Standard Ground Level Offices,0,2026-04-01,2026-Q2,10.0,0.08130081300813008,0.012330456226880395,-0.19999999999999996,0.06155632984901277,0.01603833809936074,37.0,0.10141494684177611,0.017652816105391884,9.0,9.5,0.9473684210526315,-0.052631578947368474,-0.09756097560975607,-0.07060333761232351,10,95,7087,1059,2026-04-01,True,8,282,56,0.14285714285714285,0.028368794326241134,0.08970727101038715,0.013404825737265416,0.12425468771077836,0.02313140532009963,8,95,10,True,False,0.05511811023622047,0.02923784494086728,1.0,0.07001795332136446,0.23652637964411716,Low,0.33354942682179867,0.031016885164161213,0.26747195858498707,0.33541320078272907,0.2455535338603962,0.029454168352893564,0.039408808849318765,0.09876652502360718,0.09438105631427836,Low Priority,False,Low confidence
MO4412,Public Administration,2026,2,3,293,56,0.010238907849829351,0.05357142857142857,44x12 Mobile Office or Similar,44x12 Mobile Office or Similar,Medium Mobile Office - 2 offices + Med. Open Area (up to 576 SF) - MO4412 or similar,Offices,Mobile Offices,Mobile Offices,0,2026-04-01,2026-Q2,10.0,0.08130081300813008,0.01692047377326565,-0.7,-0.02772938443670151,-0.0066815659234363,23.0,0.05768784061466988,0.011638684054962663,6.5,5.0,1.1,0.30000000000000004,-0.36111111111111116,0.03555555555555556,10,81,5542,1059,2026-04-01,True,3,293,56,0.05357142857142857,0.010238907849829351,0.0764872521246459,0.014615662215806569,0.06159196681505463,0.011770771877921377,3,81,10,False,True,0.015748031496062992,0.024638633377135347,1.0,0.07001795332136446,0.22113712803775587,Low,0.15965510672810818,0.013714386787976214,0.32377049180327877,0.3955785208305332,0.20790085506692682,0.029454168352893564,0.039408808849318765,0.09876652502360718,0.13654530775228074,Low Priority,False,Below minimum support thresholds; Low confidence
MO328,Public Administration,2026,2,2,130,56,0.015384615384615385,0.03571428571428571,32x8 Mobile Office or Similar,32x8 Mobile Office or Similar,Small Mobile Office - 1 office + Sm. Open Area (up to 288 SF) - MO328 or similar,Offices,Mobile Offices,Mobile Offices,0,2026-04-01,2026-Q2,9.0,0.07317073170731707,0.026392961876832845,-0.7777777777777778,-0.037456445993031356,-0.01100834649221746,15.0,0.03681374519789154,0.013722512082417097,5.5,2.0,1.1,1.75,-0.16666666666666663,0.1,10,49,3461,1059,2026-04-01,True,2,130,56,0.03571428571428571,0.015384615384615385,0.04627006610009443,0.014157757873446981,0.039408808849318765,0.014955215255706443,2,49,10,False,True,0.007874015748031496,0.014126149802890934,1.0,0.07001795332136446,0.2147018532749593,Low,0.09809497788528573,0.01856436514997631,0.32377049180327877,0.4321022684846403,0.19491608302017666,0.029454168352893564,0.039408808849318765,0.09876652502360718,0.1366038717133777,Insufficient Data,False,Insufficient current observation history; Low confidence
MO5012,Public Administration,2026,2,2,81,56,0.024691358024691357,0.03571428571428571,50x12 Mobile Office or Similar,50x12 Mobile Office or Similar,Medium Mobile Office - 2 offices + Med. Open Area (up to 672 SF) - MO5012 or similar,Offices,Mobile Offices,Mobile Offices,0,2026-04-01,2026-Q2,2.0,0.016260162601626018,0.012269938650306749,0.0,0.019454123112659694,0.012421419374384608,6.0,0.01777841061377647,0.013066265494690853,2.0,1.0,1.1,1.0,-0.6842105263157895,0.1,10,35,1532,1059,2026-04-01,True,2,81,56,0.03571428571428571,0.024691358024691357,0.033050047214353166,0.022845953002610966,0.03478180223930932,0.024045466266963224,2,35,10,False,True,0.007874015748031496,0.009526938239159002,1.0,0.07001795332136446,0.2130921292276531,Low,0.08525464543538232,0.03240902039406165,0.32377049180327877,0.4321022684846403,0.1935914557269268,0.029454168352893564,0.039408808849318765,0.09876652502360718,0.15432501692292816,Insufficient Data,False,Insufficient current observation history; Low confidence
18W,Public Administration,2026,2,2,35,56,0.05714285714285714,0.03571428571428571,OFFICE-STEEL-18'X10'-OPEN BAY,Ground Level Office - 18' x 10',Small Ground Level Office (180 SF),Offices,Ground Level Offices,Standard Ground Level Offices,0,2026-04-01,2026-Q2,3.0,0.024390243902439025,0.028846153846153848,-0.33333333333333337,0.011324041811846687,0.028296703296703293,11.0,0.029403421781470564,0.04001076626076626,2.5,3.0,0.8333333333333334,-0.16666666666666663,0.22222222222222232,-0.011111111111111044,9,23,1001,963,2026-04-01,True,2,35,56,0.03571428571428571,0.05714285714285714,0.023883696780893044,0.022977022977022976,0.03157357958759828,0.04518481518481519,2,23,9,False,True,0.007874015748031496,0.005584756898817346,0.8571428571428571,0.07001795332136446,0.18314093718710495,Low,0.07635155778208923,0.06460472076467508,0.22540983606557383,0.36913028977066253,0.16374906274434167,0.029454168352893564,0.039408808849318765,0.09876652502360718,0.16254385964912282,Insufficient Data,False,Insufficient current observation history; Low confidence
20X,Public Administration,2026,2,1,62,56,0.016129032258064516,0.017857142857142856,20' COMBO W/10' OFFICE,Ground Level Office / Storage Combo - 20' x 8',Small Ground Level Office Combo (160 SF),Offices,Ground Level Offices,Ground Level Office / Storage Combo Units,0,2026-04-01,2026-Q2,2.0,0.016260162601626018,0.013157894736842105,-0.5,0.0015969802555168382,0.002971137521222411,5.0,0.013314124899490755,0.01009424794083224,1.5,1.0,1.1,0.5,0.25,0.1,7,9,1379,736,2026-04-01,True,1,62,56,0.017857142857142856,0.016129032258064516,0.012228260869565218,0.006526468455402465,0.015887034161490683,0.012768134927132798,1,9,7,False,True,0.0,0.0009855453350854138,0.5714285714285714,0.07001795332136446,0.12163245048513062,Low,0.03282007506797166,0.015233392979600925,0.32377049180327877,0.4321022684846403,0.1607070073224331,0.029454168352893564,0.039408808849318765,0.09876652502360718,0.17380877082015603,Insufficient Data,False,Insufficient current observation history; Low confidence
40U,Public Administration,2026,2,1,88,56,0.011363636363636364,0.017857142857142856,40' COMBO W/15' OFFICE,Ground Level Office Combo / ftorage Combo - 40' u 8',Large Ground Level Office Combo (320 sq. ft.),Offices,Ground Level Offices,Ground Level Office / Storage Combo Units,0,2026-04-01,2026-Q2,2.0,0.016260162601626018,0.010810810810810811,-0.5,0.0015969802555168382,0.0005528255528255525,5.0,0.013774081609447464,0.007789510152955531,1.5,1.0,1.1,0.5,4.0,0.1,5,6,1055,467,2026-04-01,True,1,88,56,0.017857142857142856,0.011363636363636364,0.01284796573875803,0.005687203791469194,0.016103930865708167,0.009376884963377855,1,6,5,False,True,0.0,0.0,0.2857142857142857,0.07001795332136446,0.06414465247499358,Low,0.03342198166205694,0.010068443569891183,0.32377049180327877,0.4321022684846403,0.15123141971719614,0.029454168352893564,0.039408808849318765,0.09876652502360718,0.1507752579326455,Insufficient Data,False,Insufficient current observation history; Low confidence
MO3610,Public Administration,2026,2,3,263,56,0.011406844106463879,0.05357142857142857,36x10 Mobile Office or Similar,36x10 Mobile Office or Similar,Small Mobile Office - 1 office + Sm. Open Area (up to 360 SF) - MO3610 or similar,Offices,Mobile Offices,Mobile Offices,0,2026-04-01,2026-Q2,9.0,0.07317073170731707,0.018789144050104383,-0.6666666666666667,-0.0195993031358885,-0.007382299943640504,40.0,0.09878718842133477,0.02218458896327789,6.0,14.0,0.42857142857142855,-0.5714285714285714,-0.2857142857142857,-0.4571428571428571,10,110,4825,1059,2026-04-01,True,3,263,56,0.05357142857142857,0.011406844106463879,0.10387157695939565,0.022797927461139896,0.07117648050721705,0.015393723280600484,3,110,10,False,True,0.015748031496062992,0.03416557161629435,1.0,0.07001795332136446,0.22447155642146152,Low,0.18625293823147956,0.019232222662261156,0.07611241217798595,0.11634277521883742,0.12606695818353814,0.029454168352893564,0.039408808849318765,0.09876652502360718,0.11896421127287773,Low Priority,False,Below minimum support thresholds; Low confidence
MO4410,Public Administration,2026,2,1,250,56,0.004,0.017857142857142856,44x10 Mobile Office or Similar,44x10 Mobile Office or Similar,Medium Mobile Office - 2 offices + Sm. Open Area (up to 480 SF) - MO4410 or similar,Offices,Mobile Offices,Mobile Offices,0,2026-04-01,2026-Q2,3.0,0.024390243902439025,0.006276150627615063,-0.6666666666666667,-0.006533101045296169,-0.0022761506276150626,13.0,0.03203620566425445,0.00786148072108596,2.0,4.5,0.4444444444444444,-0.5555555555555556,-0.5517241379310345,-0.554022988505747,10,54,4476,1059,2026-04-01,True,1,250,56,0.017857142857142856,0.004,0.05099150141643059,0.012064343163538873,0.029454168352893564,0.0068225201072386055,1,54,10,False,True,0.0,0.01576872536136662,1.0,0.07001795332136446,0.21252084920861478,Low,0.07047001337435099,0.006178088863837115,0.0819672131147541,0.0614361730889159,0.07986361775265313,0.029454168352893564,0.039408808849318765,0.09876652502360718,0.12654336014298484,Insufficient Data,False,Insufficient current observation history; Low confidence
10W,Public Administration,2026,2,1,138,56,0.007246376811594203,0.017857142857142856,10' OPEN BAY OFFICE,Ground Level Office - 10' x 8',Small Ground Level Office (80 SF),Offices,Ground Level Offices,Standard Ground Level Offices,0,2026-04-01,2026-Q2,2.0,0.016260162601626018,0.007042253521126761,-0.5,0.0015969802555168382,0.00020412329046744226,11.0,0.027714308049673904,0.01199826891678056,1.5,4.0,0.375,-0.625,-0.38888888888888884,-0.5305555555555556,9,32,2371,951,2026-04-01,True,1,138,56,0.017857142857142856,0.007246376811594203,0.033648790746582544,0.013496415014761703,0.023384219618446746,0.009433890182702829,1,32,9,False,True,0.0,0.008541392904073587,0.8571428571428571,0.07001795332136446,0.1814198542771336,Low,0.053625395185225744,0.010155263791652982,0.05635245901639346,0.07473628928281634,0.0678125846511695,0.029454168352893564,0.039408808849318765,0.09876652502360718,0.0946909082655227,Insufficient Data,False,Insufficient current observation history; Low confidence
MO6012,Retail & Wholesale Trade,2026,2,60,782,215,0.07672634271099744,0.27906976744186046,60x12 Mobile Office or Similar,60x12 Mobile Office or Similar,Large Mobile Office - 2 offices + Lg. Open Area (up to 720 SF) - MO6012 or similar,Offices,Mobile Offices,Mobile Offices,0,2026-04-01,2026-Q2,102.0,0.2073170731707317,0.04809052333804809,-0.4117647058823529,0.07175269427112876,0.028635819372949352,335.0,0.2220939076687835,0.0596056866236007,81.0,86.5,0.9364161849710982,-0.06358381502890176,-0.020467836257309968,-0.04633742352026504,10,877,17125,4608,2026-04-01,True,60,782,215,0.27906976744186046,0.07672634271099744,0.19032118055555555,0.05121167883211679,0.24800776203165376,0.06779621035338922,60,877,10,True,False,0.4645669291338583,0.28613666228646517,1.0,0.35547576301615796,0.498293833298729,Medium,0.6769746150504374,0.09904238044085202,0.26343219937458545,0.34916585441385195,0.40270625363510587,0.02400673247739018,0.032510573118540054,0.07123855630248707,0.1079011824444154,Core Recommendation,True,No review flag
20W,Retail & Wholesale Trade,2026,2,26,415,215,0.06265060240963856,0.12093023255813953,20' OPEN BAY OFFICE,Ground Level Office - 20' x 8',Small Ground Level Office (160 SF),Offices,Ground Level Offices,Standard Ground Level Offices,0,2026-04-01,2026-Q2,99.0,0.20121951219512196,0.08161582852431987,-0.7373737373737373,-0.08028927963698243,-0.018965226114681308,253.0,0.15511165333216181,0.07051576117601505,62.5,64.0,0.9765625,-0.0234375,-0.30110497237569056,-0.13450448895027622,10,840,11726,4608,2026-04-01,True,26,415,215,0.12093023255813953,0.06265060240963856,0.18229166666666666,0.07163568139177895,0.142406734496124,0.0657953800533877,26,840,10,True,False,0.1968503937007874,0.2739816031537451,1.0,0.35547576301615796,0.4003387752007022,Medium,0.3839228831436091,0.09599507122231252,0.2782402663934427,0.299197363306059,0.29495435324224795,0.02400673247739018,0.032510573118540054,0.07123855630248707,0.10797409936522484,Declining Product,True,No review flag
40W,Retail & Wholesale Trade,2026,2,27,282,215,0.09574468085106383,0.12558139534883722,40' OPEN BAY OFFICE,Ground Level Office - 40' x 8',Large Ground Level Office (320 SF),Offices,Ground Level Offices,Standard Ground Level Offices,0,2026-04-01,2026-Q2,70.0,0.14227642276422764,0.08631319358816276,-0.6142857142857143,-0.016695027415390418,0.009431487262901064,222.0,0.13980470209908574,0.09863527782054815,48.5,62.5,0.776,-0.22399999999999998,-0.10121457489878538,-0.17488582995951416,10,630,7087,4608,2026-04-01,True,27,282,215,0.12558139534883722,0.09574468085106383,0.13671875,0.0888951601523917,0.1294794694767442,0.09334734860652857,27,630,10,True,False,0.2047244094488189,0.2049934296977661,1.0,0.35547576301615796,0.37894882000292057,Medium,0.3480486355992545,0.13795733446914216,0.20426229508196725,0.2763113267877785,0.2711475386086031,0.02400673247739018,0.032510573118540054,0.07123855630248707,0.09438105631427836,Declining Product,True,No review flag
MO5010,Retail & Wholesale Trade,2026,2,5,97,215,0.05154639175257732,0.023255813953488372,50x10 Mobile Office or Similar,50x10 Mobile Office or Similar,Medium Mobile Office - 2 offices + Med. Open Area (up to 560 SF) - MO5010 or similar,Offices,Mobile Offices,Mobile Offices,0,2026-04-01,2026-Q2,11.0,0.022357723577235773,0.046413502109704644,-0.5454545454545454,0.0008980903762525992,0.005132889642872673,27.0,0.017790127224984482,0.0396577427009242,8.0,5.5,1.4545454545454546,0.4545454545454546,-0.18181818181818177,0.20000000000000007,10,83,1910,4608,2026-04-01,True,5,97,215,0.023255813953488372,0.05154639175257732,0.018012152777777776,0.043455497382198956,0.021420532541989664,0.04871457872294489,5,83,10,True,False,0.031496062992125984,0.025295663600525625,1.0,0.35547576301615796,0.2554246806090439,Low,0.048175998412214344,0.0699806294406878,0.4545454545454546,0.4887770493272204,0.2309882758113324,0.02400673247739018,0.032510573118540054,0.07123855630248707,0.12706104604091326,Low Priority,False,Low confidence
MO4412,Retail & Wholesale Trade,2026,2,20,293,215,0.06825938566552901,0.09302325581395349,44x12 Mobile Office or Similar,44x12 Mobile Office or Similar,Medium Mobile Office - 2 offices + Med. Open Area (up to 576 SF) - MO4412 or similar,Offices,Mobile Offices,Mobile Offices,0,2026-04-01,2026-Q2,35.0,0.07113821138211382,0.05922165820642978,-0.4285714285714286,0.021885044431839668,0.009037727459099233,125.0,0.08179541451699385,0.06500546590704753,27.5,35.0,0.7857142857142857,-0.2142857142857143,-0.08759124087591241,-0.16360792492179355,10,328,5542,4608,2026-04-01,True,20,293,215,0.09302325581395349,0.06825938566552901,0.07118055555555555,0.05918440996030314,0.0853783107235142,0.06508314416869995,20,328,10,True,False,0.14960629921259844,0.10578186596583443,1.0,0.35547576301615796,0.32493343411406733,Low,0.22566421138156645,0.09491032006816319,0.20784543325526933,0.28270305475154095,0.21939588740899768,0.02400673247739018,0.032510573118540054,0.07123855630248707,0.13654530775228074,Declining Product,False,Low confidence
MO3610,Retail & Wholesale Trade,2026,2,16,263,215,0.060836501901140684,0.07441860465116279,36x10 Mobile Office or Similar,36x10 Mobile Office or Similar,Small Mobile Office - 1 office + Sm. Open Area (up to 360 SF) - MO3610 or similar,Offices,Mobile Offices,Mobile Offices,0,2026-04-01,2026-Q2,23.0,0.046747967479674794,0.04801670146137787,-0.30434782608695654,0.027670637171487995,0.012819800439762816,88.0,0.058714136486365615,0.052344159750931804,19.5,24.5,0.7959183673469388,-0.20408163265306123,-0.10204081632653061,-0.163265306122449,10,239,4825,4608,2026-04-01,True,16,263,215,0.07441860465116279,0.060836501901140684,0.05186631944444445,0.049533678756476685,0.06652530482881136,0.056880513800508285,16,239,10,True,False,0.11811023622047244,0.07654402102496714,1.0,0.35547576301615796,0.30367656633751966,Low,0.17334553458428395,0.08241753088097244,0.21160923385747743,0.28289723320519494,0.19879508325438233,0.02400673247739018,0.032510573118540054,0.07123855630248707,0.11896421127287773,Declining Product,False,Low confidence
MO4410,Retail & Wholesale Trade,2026,2,15,250,215,0.06,0.06976744186046512,44x10 Mobile Office or Similar,44x10 Mobile Office or Similar,Medium Mobile Office - 2 offices + Sm. Open Area (up to 480 SF) - MO4410 or similar,Offices,Mobile Offices,Mobile Offices,0,2026-04-01,2026-Q2,24.0,0.04878048780487805,0.0502092050209205,-0.375,0.020986954055587065,0.009790794979079497,89.0,0.058738456155217826,0.059941017611337785,19.5,25.0,0.78,-0.21999999999999997,-0.05319148936170215,-0.15327659574468083,10,252,4476,4608,2026-04-01,True,15,250,215,0.06976744186046512,0.06,0.0546875,0.05630026809651475,0.06448946220930232,0.058705093833780156,15,252,10,True,False,0.11023622047244094,0.08081471747700394,1.0,0.35547576301615796,0.3024154045839215,Low,0.16769590011139845,0.08519640700822236,0.20573770491803284,0.2885583129207951,0.19714165004437806,0.02400673247739018,0.032510573118540054,0.07123855630248707,0.12654336014298484,Declining Product,False,Low confidence
18W,Retail & Wholesale Trade,2026,2,7,35,215,0.2,0.03255813953488372,OFFICE-STEEL-18'X10'-OPEN BAY,Ground Level Office - 18' x 10',Small Ground Level Office (180 SF),Offices,Ground Level Offices,Standard Ground Level Offices,0,2026-04-01,2026-Q2,5.0,0.01016260162601626,0.04807692307692308,0.3999999999999999,0.02239553790886746,0.15192307692307694,25.0,0.01812191742032952,0.09539760914760914,6.0,6.5,0.9230769230769231,-0.07692307692307687,-0.4444444444444444,-0.2239316239316239,10,96,1140,4608,2026-04-01,True,7,35,215,0.03255813953488372,0.2,0.020833333333333332,0.08421052631578947,0.028454457364341084,0.15947368421052632,7,96,10,True,False,0.047244094488188976,0.02956636005256242,1.0,0.35547576301615796,0.2624312353908788,Low,0.06769573131063696,0.2386692199669511,0.2585119798234553,0.248514730541582,0.1963868542411415,0.02400673247739018,0.032510573118540054,0.07123855630248707,0.16254385964912282,Declining Product,False,Low confidence
25W,Retail & Wholesale Trade,2026,2,5,89,215,0.056179775280898875,0.023255813953488372,25' OPEN BAY OFFICE,Ground Level Office - 25' x 10',Medium Size Ground Level Office (250 SF),Offices,Ground Level Offices,Standard Ground Level Offices,0,2026-04-01,2026-Q2,23.0,0.046747967479674794,0.1013215859030837,-0.782608695652174,-0.023492153526186423,-0.04514181062218482,56.0,0.03380729260666232,0.07046645127723578,14.0,14.0,1.0,0.0,-0.30000000000000004,-0.12000000000000002,10,173,2364,4608,2026-04-01,True,5,89,215,0.023255813953488372,0.056179775280898875,0.037543402777777776,0.07318104906937395,0.02825647004198966,0.06213022110686515,5,173,10,True,False,0.031496062992125984,0.054862023653088045,1.0,0.35547576301615796,0.26577290662744074,Low,0.0671462998414104,0.09041295231640518,0.2868852459016394,0.30741775063096427,0.18158212818479277,0.02400673247739018,0.032510573118540054,0.07123855630248707,0.10826047073138274,Declining Product,False,Low confidence
MO248,Retail & Wholesale Trade,2026,2,5,88,215,0.056818181818181816,0.023255813953488372,24x8 Mobile Office (20x8 Box),24x8 Mobile Office (20x8 Box),"Small Mobile Office - Open Space
(up to 192 SF) - MO248 or similar",Offices,Mobile Offices,Mobile Offices,0,2026-04-01,2026-Q2,15.0,0.03048780487804878,0.0641025641025641,-0.6666666666666667,-0.007231990924560408,-0.007284382284382281,39.0,0.024497061625367893,0.05273990492613394,10.0,9.5,1.0526315789473684,0.05263157894736836,-0.3389830508474576,-0.10401427297056204,10,123,2294,4608,2026-04-01,True,5,88,215,0.023255813953488372,0.056818181818181816,0.026692708333333332,0.05361813426329556,0.024458726986434108,0.05569816517397162,5,123,10,True,False,0.031496062992125984,0.03843626806833114,1.0,0.35547576301615796,0.26002389217277583,Low,0.056607243491857036,0.0806167875249917,0.30629853321829165,0.31647762639099136,0.18084046498077885,0.02400673247739018,0.032510573118540054,0.07123855630248707,0.12824215344376635,Declining Product,False,Low confidence
MO328,Retail & Wholesale Trade,2026,2,8,130,215,0.06153846153846154,0.037209302325581395,32x8 Mobile Office or Similar,32x8 Mobile Office or Similar,Small Mobile Office - 1 office + Sm. Open Area (up to 288 SF) - MO328 or similar,Offices,Mobile Offices,Mobile Offices,0,2026-04-01,2026-Q2,21.0,0.042682926829268296,0.06158357771260997,-0.6190476190476191,-0.005473624503686901,-4.511617414842961e-05,72.0,0.04494925240221845,0.06436834473489726,14.5,21.5,0.6744186046511628,-0.32558139534883723,-0.040000000000000036,-0.21134883720930234,10,206,3461,4608,2026-04-01,True,8,130,215,0.037209302325581395,0.06153846153846154,0.04470486111111111,0.059520369835307715,0.039832747900516795,0.060832129442357705,8,206,10,True,False,0.05511811023622047,0.0657030223390276,1.0,0.35547576301615796,0.27783497270295265,Low,0.09927144440342374,0.08843592972945225,0.1667937476172322,0.25564599734034704,0.16084951429685895,0.02400673247739018,0.032510573118540054,0.07123855630248707,0.1366038717133777,Declining Product,False,Low confidence
40U,Retail & Wholesale Trade,2026,2,8,88,215,0.09090909090909091,0.037209302325581395,40' COMBO W/15' OFFICE,Ground Level Office Combo / ftorage Combo - 40' u 8',Large Ground Level Office Combo (320 sq. ft.),Offices,Ground Level Offices,Ground Level Office / Storage Combo Units,0,2026-04-01,2026-Q2,11.0,0.022357723577235773,0.05945945945945946,-0.2727272727272727,0.014851578748345622,0.03144963144963145,49.0,0.03227473381778051,0.07598223047139456,9.5,15.0,0.6333333333333333,-0.3666666666666667,-0.3098591549295775,-0.343943661971831,10,163,2335,4608,2026-04-01,True,8,88,215,0.037209302325581395,0.09090909090909091,0.03537326388888889,0.06980728051391863,0.03656668887273902,0.08352345727078062,8,163,10,True,False,0.05511811023622047,0.051576872536136666,1.0,0.35547576301615796,0.27289082027194084,Low,0.09020785594280788,0.12299532863119955,0.15163934426229508,0.18049817099758086,0.14999764005196953,0.02400673247739018,0.032510573118540054,0.07123855630248707,0.1507752579326455,Declining Product,False,Low confidence
10W,Retail & Wholesale Trade,2026,2,4,138,215,0.028985507246376812,0.018604651162790697,10' OPEN BAY OFFICE,Ground Level Office - 10' x 8',Small Ground Level Office (80 SF),Offices,Ground Level Offices,Standard Ground Level Offices,0,2026-04-01,2026-Q2,20.0,0.04065040650406504,0.07042253521126761,-0.8,-0.022045755341274342,-0.041437027964890794,63.0,0.03746357289558169,0.0637667082515757,12.0,19.5,0.6153846153846154,-0.3846153846153846,-0.3076923076923077,-0.3538461538461538,10,208,2554,4608,2026-04-01,True,4,138,215,0.018604651162790697,0.028985507246376812,0.04513888888888889,0.08144087705559906,0.027891634366925065,0.0473448866796046,4,208,10,False,True,0.023622047244094488,0.06636005256241786,1.0,0.35547576301615796,0.26704131123389513,Low,0.06613385016232841,0.06789455787818299,0.14501891551071883,0.1748859554298541,0.12871193972604128,0.02400673247739018,0.032510573118540054,0.07123855630248707,0.0946909082655227,Low Priority,False,Below minimum support thresholds; Low confidence
30W,Retail & Wholesale Trade,2026,2,4,96,215,0.041666666666666664,0.018604651162790697,30' OPEN BAY OFFICE,Ground Level Office - 30' x 10',Medium Size Ground Level Office (300 SF),Offices,Ground Level Offices,Standard Ground Level Offices,0,2026-04-01,2026-Q2,14.0,0.028455284552845527,0.056910569105691054,-0.7142857142857143,-0.00985063339005483,-0.01524390243902439,50.0,0.030354436200111634,0.06640780860132593,9.0,16.0,0.5625,-0.4375,-0.1071428571428571,-0.3053571428571429,10,139,2034,4608,2026-04-01,True,4,96,215,0.018604651162790697,0.041666666666666664,0.030164930555555556,0.06833824975417896,0.022650748950258398,0.05100172074729597,4,139,10,False,True,0.023622047244094488,0.04369250985545335,1.0,0.35547576301615796,0.25910767128645756,Low,0.051589952399944745,0.07346399780776462,0.12551229508196723,0.2023669961406106,0.12449344441199003,0.02400673247739018,0.032510573118540054,0.07123855630248707,0.11106962881022621,Low Priority,False,Below minimum support thresholds; Low confidence
MO5012,Retail & Wholesale Trade,2026,2,2,81,215,0.024691358024691357,0.009302325581395349,50x12 Mobile Office or Similar,50x12 Mobile Office or Similar,Medium Mobile Office - 2 offices + Med. Open Area (up to 672 SF) - MO5012 or similar,Offices,Mobile Offices,Mobile Offices,0,2026-04-01,2026-Q2,7.0,0.014227642276422764,0.04294478527607362,-0.7142857142857143,-0.004925316695027415,-0.018253427251382265,27.0,0.01637287262623037,0.05179007070622613,4.5,9.0,0.5,-0.5,-0.12903225806451613,-0.35161290322580646,10,86,1532,4608,2026-04-01,True,2,81,215,0.009302325581395349,0.024691358024691357,0.018663194444444444,0.05613577023498695,0.01257862968346253,0.035696902298294815,2,86,10,False,True,0.007874015748031496,0.026281208935611037,1.0,0.35547576301615796,0.2475019049408907,Low,0.02363897442187942,0.05015441760614565,0.10245901639344264,0.17615164532460154,0.10116241166630532,0.02400673247739018,0.032510573118540054,0.07123855630248707,0.15432501692292816,Insufficient Data,False,Insufficient current observation history; Low confidence
20X,Retail & Wholesale Trade,2026,2,3,62,215,0.04838709677419355,0.013953488372093023,20' COMBO W/10' OFFICE,Ground Level Office / Storage Combo - 20' x 8',Small Ground Level Office Combo (160 SF),Offices,Ground Level Offices,Ground Level Office / Storage Combo Units,0,2026-04-01,2026-Q2,6.0,0.012195121951219513,0.039473684210526314,-0.5,0.0017583664208735104,0.008913412563667233,31.0,0.019332279071338637,0.0524628733593414,4.5,11.0,0.4090909090909091,-0.5909090909090908,-0.06060606060606055,-0.37878787878787873,10,101,2142,4608,2026-04-01,True,3,62,215,0.013953488372093023,0.04838709677419355,0.021918402777777776,0.04715219421101774,0.016741208414082685,0.04795488087708201,3,101,10,False,True,0.015748031496062992,0.03120893561103811,1.0,0.35547576301615796,0.2519825147891012,Low,0.0351904804505148,0.06882359266000689,0.0689269746646796,0.1607502874807724,0.10001717794057279,0.02400673247739018,0.032510573118540054,0.07123855630248707,0.17380877082015603,Low Priority,False,Below minimum support thresholds; Low confidence
MO6012,Subcontractors,2026,2,66,782,353,0.08439897698209718,0.18696883852691218,60x12 Mobile Office or Similar,60x12 Mobile Office or Similar,Large Mobile Office - 2 offices + Lg. Open Area (up to 720 SF) - MO6012 or similar,Offices,Mobile Offices,Mobile Offices,0,2026-04-01,2026-Q2,190.0,0.21420518602029312,0.08958038661008957,-0.6526315789473685,-0.02723634749338094,-0.005181409627992392,583.0,0.19307250365556505,0.09737420529108529,128.0,163.5,0.7828746177370031,-0.21712538226299694,-0.10169491525423724,-0.17095319545949306,10,1547,17125,8670,2026-04-01,True,66,782,353,0.18696883852691218,0.08439897698209718,0.1784313725490196,0.09033576642335767,0.18398072543464977,0.08647685328653834,66,1547,10,True,False,0.5118110236220472,0.5062417871222076,1.0,0.6032315978456014,0.6166416435450492,Medium,0.4992942041538583,0.12749341670234157,0.20679801473905854,0.2785401387720052,0.35092381488199564,0.02710466556227557,0.03280193497162238,0.07439327922470437,0.1079011824444154,Declining Product,True,No review flag
20W,Subcontractors,2026,2,44,415,353,0.10602409638554217,0.12464589235127478,20' OPEN BAY OFFICE,Ground Level Office - 20' x 8',Small Ground Level Office (160 SF),Offices,Ground Level Offices,Standard Ground Level Offices,0,2026-04-01,2026-Q2,119.0,0.13416009019165728,0.09810387469084914,-0.6302521008403361,-0.009514197840382502,0.00792022169469303,451.0,0.1463371296894142,0.1263315275342498,81.5,144.0,0.5659722222222222,-0.4340277777777778,-0.1033797216699801,-0.30176855533465874,10,1294,11726,8670,2026-04-01,True,44,415,353,0.12464589235127478,0.10602409638554217,0.14925028835063436,0.11035306157257377,0.13325743095105064,0.10753923420100323,44,1294,10,True,False,0.33858267716535434,0.4231274638633377,1.0,0.6032315978456014,0.5269217091446023,Medium,0.35853279639731367,0.15957189308536654,0.12679303278688525,0.20440082025432266,0.27453120350348326,0.02710466556227557,0.03280193497162238,0.07439327922470437,0.10797409936522484,Declining Product,True,No review flag
40U,Subcontractors,2026,2,24,88,353,0.2727272727272727,0.0679886685552408,40' COMBO W/15' OFFICE,Ground Level Office Combo / ftorage Combo - 40' u 8',Large Ground Level Office Combo (320 sq. ft.),Offices,Ground Level Offices,Ground Level Office / Storage Combo Units,0,2026-04-01,2026-Q2,60.0,0.06764374295377677,0.32432432432432434,-0.6,0.0003449256014640273,-0.051597051597051635,218.0,0.07184508616751786,0.3198898342474194,42.0,67.0,0.6268656716417911,-0.3731343283582089,-0.2990353697749196,-0.3434947449248932,10,749,2335,8670,2026-04-01,True,24,88,353,0.0679886685552408,0.2727272727272727,0.08638985005767012,0.32077087794432546,0.07442908208109106,0.2895425345532412,24,749,10,True,False,0.18110236220472442,0.24408672798948752,1.0,0.6032315978456014,0.4091393413525343,Medium,0.19527918112581083,0.43676698302756145,0.14925373134328362,0.18075259375009786,0.2642716874773071,0.02710466556227557,0.03280193497162238,0.07439327922470437,0.1507752579326455,Declining Product,True,No review flag
40W,Subcontractors,2026,2,35,282,353,0.12411347517730496,0.09915014164305949,40' OPEN BAY OFFICE,Ground Level Office - 40' x 8',Large Ground Level Office (320 SF),Offices,Ground Level Offices,Standard Ground Level Offices,0,2026-04-01,2026-Q2,82.0,0.09244644870349493,0.10110974106041924,-0.5731707317073171,0.006703692939564562,0.02300373411688572,266.0,0.08988937450136027,0.11733391710034952,58.5,74.5,0.785234899328859,-0.21476510067114096,-0.29815303430079154,-0.2481202741230012,10,882,7087,8670,2026-04-01,True,35,282,353,0.09915014164305949,0.12411347517730496,0.10173010380622838,0.12445322421334838,0.1000531284001686,0.12423238733992016,35,882,10,True,False,0.2677165354330709,0.28777923784494086,1.0,0.6032315978456014,0.4547466804318643,Medium,0.26638806450992353,0.18499593801645076,0.20766861040818574,0.23480586605684062,0.2618822110112101,0.02710466556227557,0.03280193497162238,0.07439327922470437,0.09438105631427836,Declining Product,True,No review flag
MO4410,Subcontractors,2026,2,32,250,353,0.128,0.0906515580736544,44x10 Mobile Office or Similar,44x10 Mobile Office or Similar,Medium Mobile Office - 2 offices + Sm. Open Area (up to 480 SF) - MO4410 or similar,Offices,Mobile Offices,Mobile Offices,0,2026-04-01,2026-Q2,56.0,0.06313416009019165,0.11715481171548117,-0.4285714285714286,0.02751739798346274,0.01084518828451883,201.0,0.0703183472998183,0.13273021431603385,44.0,56.5,0.7787610619469026,-0.22123893805309736,-0.11842105263157898,-0.18011178388449,10,539,4476,8670,2026-04-01,True,32,250,353,0.0906515580736544,0.128,0.062168396770472895,0.12042001787310098,0.08068245161754087,0.12534700625558537,32,539,10,True,False,0.2440944881889764,0.17509855453350853,1.0,0.6032315978456014,0.40704072473742986,Medium,0.21263280746522734,0.1866935275106035,0.20528071957057886,0.27334952885386427,0.24424322969449877,0.02710466556227557,0.03280193497162238,0.07439327922470437,0.12654336014298484,Declining Product,True,No review flag
30W,Subcontractors,2026,2,11,96,353,0.11458333333333333,0.031161473087818695,30' OPEN BAY OFFICE,Ground Level Office - 30' x 10',Medium Size Ground Level Office (300 SF),Offices,Ground Level Offices,Standard Ground Level Offices,0,2026-04-01,2026-Q2,46.0,0.05186020293122886,0.18699186991869918,-0.7608695652173914,-0.020698729843410164,-0.07240853658536585,111.0,0.03579887924835546,0.14440268666399925,28.5,27.0,1.0555555555555556,0.05555555555555558,-0.0431034482758621,0.016091954022988506,10,292,2034,8670,2026-04-01,True,11,96,353,0.031161473087818695,0.11458333333333333,0.033679354094579006,0.14355948869223206,0.0320427314401848,0.12472498770894788,11,292,10,True,False,0.07874015748031496,0.09395532194480946,1.0,0.6032315978456014,0.3207665775833537,Low,0.07765349362624112,0.1857461793765466,0.30737704918032793,0.38454756731787776,0.22771781553443196,0.02710466556227557,0.03280193497162238,0.07439327922470437,0.11106962881022621,High Dependency Risk,False,Low confidence
MO4412,Subcontractors,2026,2,28,293,353,0.09556313993174062,0.07932011331444759,44x12 Mobile Office or Similar,44x12 Mobile Office or Similar,Medium Mobile Office - 2 offices + Med. Open Area (up to 576 SF) - MO4412 or similar,Offices,Mobile Offices,Mobile Offices,0,2026-04-01,2026-Q2,63.0,0.07102593010146561,0.1065989847715736,-0.5555555555555556,0.008294183212981976,-0.011035844839832984,212.0,0.07207704663628842,0.10775275852816098,45.5,60.5,0.7520661157024794,-0.2479338842975206,-0.07423580786026196,-0.17845465372261715,10,563,5542,8670,2026-04-01,True,28,293,353,0.07932011331444759,0.09556313993174062,0.0649365628604383,0.1015878744135691,0.07428587065554433,0.09767179700038059,28,563,10,True,False,0.2125984251968504,0.18298291721419185,1.0,0.6032315978456014,0.398776629628425,Medium,0.19488175737658459,0.1445435659229909,0.19543422300501292,0.274288703741382,0.22741988500404717,0.02710466556227557,0.03280193497162238,0.07439327922470437,0.13654530775228074,Declining Product,True,No review flag
MO7414,Subcontractors,2026,2,3,7,353,0.42857142857142855,0.0084985835694051,74x14 Mobile Office or Similar,74x14 Mobile Office or Similar,Extra Large Mobile Office - 3 offices + Med. Size Open Area (up to 1036 SF) - MO7414 or similar,Offices,Mobile Offices,Mobile Offices,0,2026-04-01,2026-Q2,2.0,0.002254791431792559,0.07692307692307693,0.5,0.006243792137612541,0.3516483516483516,12.0,0.004564758871677421,0.18086080586080586,2.5,3.5,0.7142857142857143,-0.2857142857142857,1.4,0.1,7,17,176,6052,2026-04-01,True,3,7,353,0.0084985835694051,0.42857142857142855,0.0028089887640449437,0.09659090909090909,0.0065072253875290455,0.31237824675324677,3,17,7,False,True,0.015748031496062992,0.0036136662286465177,0.5714285714285714,0.6032315978456014,0.18138546827392277,Low,0.006790316927223545,0.471546282550834,0.18149882903981268,0.4321022684846403,0.22466927791008084,0.02710466556227557,0.03280193497162238,0.07439327922470437,0.3550941558441559,Low Priority,False,Below minimum support thresholds; Low confidence
MO5010,Subcontractors,2026,2,13,97,353,0.13402061855670103,0.036827195467422094,50x10 Mobile Office or Similar,50x10 Mobile Office or Similar,Medium Mobile Office - 2 offices + Med. Open Area (up to 560 SF) - MO5010 or similar,Offices,Mobile Offices,Mobile Offices,0,2026-04-01,2026-Q2,22.0,0.02480270574971815,0.09282700421940929,-0.40909090909090906,0.012024489717703944,0.04119361433729174,68.0,0.024768737131339803,0.10293784287741158,17.5,16.5,1.0606060606060606,0.06060606060606055,-0.3398058252427184,-0.09955869373345105,10,218,1910,8670,2026-04-01,True,13,97,353,0.036827195467422094,0.13402061855670103,0.0251441753171857,0.11413612565445026,0.03273813841483936,0.12706104604091326,13,218,10,True,False,0.09448818897637795,0.06964520367936924,1.0,0.6032315978456014,0.3177698472140717,Low,0.07958330646100771,0.1893040483722524,0.30923994038748137,0.3190028161588915,0.21909968919619355,0.02710466556227557,0.03280193497162238,0.07439327922470437,0.12706104604091326,High Dependency Risk,False,Low confidence
MO3610,Subcontractors,2026,2,27,263,353,0.10266159695817491,0.0764872521246459,36x10 Mobile Office or Similar,36x10 Mobile Office or Similar,Small Mobile Office - 1 office + Sm. Open Area (up to 360 SF) - MO3610 or similar,Offices,Mobile Offices,Mobile Offices,0,2026-04-01,2026-Q2,53.0,0.05975197294250282,0.11064718162839249,-0.49056603773584906,0.016735279182143077,-0.00798558467021758,212.0,0.07158142699797972,0.12139719566632168,40.0,66.0,0.6060606060606061,-0.3939393939393939,-0.009345794392523366,-0.24010195412064567,10,534,4825,8670,2026-04-01,True,27,263,353,0.0764872521246459,0.10266159695817491,0.061591695501730104,0.11067357512953369,0.07127380730662537,0.10546578931815048,27,534,10,True,False,0.2047244094488189,0.17345597897503284,1.0,0.6032315978456014,0.39268629573290825,Medium,0.18652302828451398,0.15641399023591152,0.1415797317436662,0.23935023134543235,0.21036113194302083,0.02710466556227557,0.03280193497162238,0.07439327922470437,0.11896421127287773,Declining Product,True,No review flag
20X,Subcontractors,2026,2,14,62,353,0.22580645161290322,0.039660056657223795,20' COMBO W/10' OFFICE,Ground Level Office / Storage Combo - 20' x 8',Small Ground Level Office Combo (160 SF),Offices,Ground Level Offices,Ground Level Office / Storage Combo Units,0,2026-04-01,2026-Q2,30.0,0.033821871476888386,0.19736842105263158,-0.5333333333333333,0.005838185180335409,0.028438030560271638,137.0,0.04459559245369092,0.23349749428761063,22.0,46.5,0.4731182795698925,-0.5268817204301075,-0.3349514563106796,-0.45010961478233635,10,528,2142,8670,2026-04-01,True,14,62,353,0.039660056657223795,0.22580645161290322,0.06089965397923876,0.24649859943977592,0.04709391571992903,0.23304870335230868,14,528,10,True,False,0.10236220472440945,0.17148488830486203,1.0,0.6032315978456014,0.3561696423448052,Medium,0.11942179572864119,0.3507256167962094,0.09254362771020626,0.12032884991279004,0.19595516145851477,0.02710466556227557,0.03280193497162238,0.07439327922470437,0.17380877082015603,Declining Product,True,No review flag
MO248,Subcontractors,2026,2,11,88,353,0.125,0.031161473087818695,24x8 Mobile Office (20x8 Box),24x8 Mobile Office (20x8 Box),"Small Mobile Office - Open Space
(up to 192 SF) - MO248 or similar",Offices,Mobile Offices,Mobile Offices,0,2026-04-01,2026-Q2,35.0,0.03945885005636979,0.14957264957264957,-0.6857142857142857,-0.008297376968551092,-0.02457264957264957,107.0,0.03509033441781518,0.14070010237473668,23.0,30.5,0.7540983606557377,-0.24590163934426235,0.16304347826086962,-0.08232359230220955,10,257,2294,8670,2026-04-01,True,11,88,353,0.031161473087818695,0.125,0.02964244521337947,0.11203138622493461,0.030629813331764965,0.12046098517872711,11,257,10,True,False,0.07874015748031496,0.08245729303547963,1.0,0.6032315978456014,0.31674226746508827,Low,0.07373252705633115,0.1792520083225558,0.19618382155334588,0.32877077212304395,0.19403388003029953,0.02710466556227557,0.03280193497162238,0.07439327922470437,0.12824215344376635,Declining Product,False,Low confidence
HQ208,Subcontractors,2026,2,2,24,353,0.08333333333333333,0.0056657223796034,20x8 HQ Ground Level Office,HQ Ground Level Office - 20' x 8',Small HQ Ground Level Office+ (160 SF),Offices,Ground Level Offices,Standard Ground Level Offices,0,2026-04-01,2026-Q2,6.0,0.006764374295377677,0.17142857142857143,-0.6666666666666667,-0.0010986519157742776,-0.0880952380952381,12.0,0.004282829690268193,0.08134920634920634,4.0,2.0,1.1,1.0,-0.4782608695652174,0.1,10,45,845,8670,2026-04-01,True,2,24,353,0.0056657223796034,0.08333333333333333,0.005190311418685121,0.05325443786982249,0.005499328543282002,0.07280571992110454,2,45,10,False,True,0.007874015748031496,0.012812089356110381,1.0,0.6032315978456014,0.2675632965710098,Low,0.003993318425569325,0.10667197535754695,0.32377049180327877,0.4321022684846403,0.19223632371818344,0.02710466556227557,0.03280193497162238,0.07439327922470437,0.18237200475740722,Insufficient Data,False,Insufficient current observation history; Low confidence
MO5012,Subcontractors,2026,2,8,81,353,0.09876543209876543,0.0226628895184136,50x12 Mobile Office or Similar,50x12 Mobile Office or Similar,Medium Mobile Office - 2 offices + Med. Open Area (up to 672 SF) - MO5012 or similar,Offices,Mobile Offices,Mobile Offices,0,2026-04-01,2026-Q2,22.0,0.02480270574971815,0.13496932515337423,-0.6363636363636364,-0.002139816231304551,-0.036203893054608804,67.0,0.022288106031150244,0.1280946964740421,15.0,18.5,0.8108108108108109,-0.18918918918918914,0.1964285714285714,-0.03494208494208491,10,148,1532,8670,2026-04-01,True,8,81,353,0.0226628895184136,0.09876543209876543,0.01707035755478662,0.09660574412532637,0.020705503331144154,0.09800954130806176,8,148,10,True,False,0.05511811023622047,0.04664914586070959,1.0,0.6032315978456014,0.2959416994184857,Low,0.04619173222189012,0.1450579580442544,0.21710234824988928,0.3556241375793055,0.18402445647506444,0.02710466556227557,0.03280193497162238,0.07439327922470437,0.15432501692292816,Declining Product,False,Low confidence
18W,Subcontractors,2026,2,6,35,353,0.17142857142857143,0.0169971671388102,OFFICE-STEEL-18'X10'-OPEN BAY,Ground Level Office - 18' x 10',Small Ground Level Office (180 SF),Offices,Ground Level Offices,Standard Ground Level Offices,0,2026-04-01,2026-Q2,15.0,0.016910935738444193,0.14423076923076922,-0.6,8.623140036600682e-05,0.027197802197802212,47.0,0.01563792771562778,0.15006348381348383,10.5,13.0,0.8076923076923077,-0.1923076923076923,-0.3380281690140845,-0.25059588299024915,10,145,1140,8670,2026-04-01,True,6,35,353,0.0169971671388102,0.17142857142857143,0.016724336793540944,0.12719298245614036,0.01690167651796596,0.15594611528822055,6,145,10,True,False,0.03937007874015748,0.04566360052562418,1.0,0.6032315978456014,0.29008494752758374,Low,0.03563579293332163,0.23329665373983643,0.2159520807061791,0.23340282015680835,0.17906364992185841,0.02710466556227557,0.03280193497162238,0.07439327922470437,0.16254385964912282,Declining Product,False,Low confidence
25W,Subcontractors,2026,2,10,89,353,0.11235955056179775,0.028328611898016998,25' OPEN BAY OFFICE,Ground Level Office - 25' x 10',Medium Size Ground Level Office (250 SF),Offices,Ground Level Offices,Standard Ground Level Offices,0,2026-04-01,2026-Q2,28.0,0.03156708004509583,0.12334801762114538,-0.6428571428571428,-0.0032384681470788296,-0.010988467059347626,94.0,0.03081561290331056,0.12056365592082588,19.0,28.0,0.6785714285714286,-0.3214285714285714,-0.16814159292035402,-0.26011378002528446,10,281,2364,8670,2026-04-01,True,10,89,353,0.028328611898016998,0.11235955056179775,0.03241061130334487,0.1188663282571912,0.029757311689881754,0.11463692275518546,10,281,10,True,False,0.07086614173228346,0.09034165571616294,1.0,0.6032315978456014,0.3167458888915164,Low,0.07131126162726704,0.17038183122028255,0.16832552693208436,0.22800857287137966,0.1708480193830879,0.02710466556227557,0.03280193497162238,0.07439327922470437,0.10826047073138274,Declining Product,False,Low confidence
MO328,Subcontractors,2026,2,10,130,353,0.07692307692307693,0.028328611898016998,32x8 Mobile Office or Similar,32x8 Mobile Office or Similar,Small Mobile Office - 1 office + Sm. Open Area (up to 288 SF) - MO328 or similar,Offices,Mobile Offices,Mobile Offices,0,2026-04-01,2026-Q2,35.0,0.03945885005636979,0.10263929618768329,-0.7142857142857143,-0.01113023815835279,-0.025716219264606363,114.0,0.03661787002895024,0.09931421337890224,22.5,34.5,0.6521739130434783,-0.34782608695652173,-0.2597402597402597,-0.31259175607001694,10,358,3461,8670,2026-04-01,True,10,130,353,0.028328611898016998,0.07692307692307693,0.04129181084198385,0.10343831262640855,0.0328657315284054,0.086203409419243,10,358,10,True,False,0.07086614173228346,0.11563731931668857,1.0,0.6032315978456014,0.32559937115170035,Low,0.07993738808106896,0.12707695558739268,0.15858873841767643,0.1982667949574059,0.15969428014170045,0.02710466556227557,0.03280193497162238,0.07439327922470437,0.1366038717133777,Declining Product,False,Low confidence
10W,Subcontractors,2026,2,9,138,353,0.06521739130434782,0.025495750708215296,10' OPEN BAY OFFICE,Ground Level Office - 10' x 8',Small Ground Level Office (80 SF),Offices,Ground Level Offices,Standard Ground Level Offices,0,2026-04-01,2026-Q2,20.0,0.02254791431792559,0.07042253521126761,-0.55,0.0029478363902897056,-0.005205143906919785,88.0,0.028456506656930572,0.09158318947832315,14.5,29.5,0.4915254237288136,-0.5084745762711864,-0.12,-0.3530847457627118,10,239,2554,8670,2026-04-01,True,9,138,353,0.025495750708215296,0.06521739130434782,0.02756632064590542,0.09357870007830854,0.02622045018640684,0.07514384937523408,9,239,10,True,False,0.06299212598425197,0.07654402102496714,1.0,0.6032315978456014,0.3091608112377868,Low,0.06149617352351555,0.11023299871854977,0.09933314809669355,0.17531748179246257,0.13303382537464073,0.02710466556227557,0.03280193497162238,0.07439327922470437,0.0946909082655227,Declining Product,False,Low confidence
MO6012,Unclassified,2026,2,3,782,17,0.0038363171355498722,0.17647058823529413,60x12 Mobile Office or Similar,60x12 Mobile Office or Similar,Large Mobile Office - 2 offices + Lg. Open Area (up to 720 SF) - MO6012 or similar,Offices,Mobile Offices,Mobile Offices,1,2026-04-01,2026-Q2,15.0,0.2777777777777778,0.007072135785007072,-0.8,-0.10130718954248366,-0.0032358186494571995,35.0,0.20394670688788338,0.005452980703925854,9.0,8.5,1.0588235294117647,0.05882352941176472,-0.41666666666666663,-0.13137254901960782,10,131,17125,527,2026-04-01,True,3,782,17,0.17647058823529413,0.0038363171355498722,0.24857685009487665,0.00764963503649635,0.20170777988614802,0.00517097840088114,3,131,10,False,True,0.015748031496062992,0.04106438896189225,1.0,0.0,0.21988434716028435,Low,0.5484882710096032,0.0036627539718266547,0.30858244937319196,0.30097238339788657,0.3051240315556103,,,,0.1079011824444154,Low Priority,False,Unclassified market segment; Below minimum support thresholds; Low confidence
40W,Unclassified,2026,2,4,282,17,0.014184397163120567,0.23529411764705882,40' OPEN BAY OFFICE,Ground Level Office - 40' x 8',Large Ground Level Office (320 SF),Offices,Ground Level Offices,Standard Ground Level Offices,1,2026-04-01,2026-Q2,4.0,0.07407407407407407,0.004932182490752158,0.0,0.16122004357298475,0.00925221467236841,26.0,0.17253435562259092,0.01190553094035465,4.0,9.0,0.4444444444444444,-0.5555555555555556,0.368421052631579,-0.18596491228070172,10,64,7087,527,2026-04-01,True,4,282,17,0.23529411764705882,0.014184397163120567,0.12144212523719165,0.009030619444052491,0.19544592030360533,0.01238057496144674,4,64,10,False,True,0.023622047244094488,0.019053876478318004,1.0,0.0,0.21493657330284438,Low,0.5311110840783103,0.014643130498984212,0.0819672131147541,0.2700322811628764,0.2514007221160989,,,,0.09438105631427836,Low Priority,False,Unclassified market segment; Below minimum support thresholds; Low confidence
30W,Unclassified,2026,2,2,96,17,0.020833333333333332,0.11764705882352941,30' OPEN BAY OFFICE,Ground Level Office - 30' x 10',Medium Size Ground Level Office (300 SF),Offices,Ground Level Offices,Standard Ground Level Offices,1,2026-04-01,2026-Q2,1.0,0.018518518518518517,0.0040650406504065045,1.0,0.09912854030501089,0.016768292682926827,6.0,0.049906778950896596,0.010045509422114043,1.5,1.5,1.0,0.0,0.0,0.0,10,15,2034,527,2026-04-01,True,2,96,17,0.11764705882352941,0.020833333333333332,0.028462998102466792,0.007374631268436578,0.0864326375711575,0.01612278761061947,2,15,10,False,True,0.007874015748031496,0.002956636005256242,1.0,0.0,0.20379072811365073,Low,0.22859005704716645,0.020342603914371097,0.2868852459016394,0.3754274876420603,0.21690531944070868,,,,0.11106962881022621,Insufficient Data,False,Unclassified market segment; Insufficient current observation history; Low confidence
MO4412,Unclassified,2026,2,1,293,17,0.0034129692832764505,0.058823529411764705,44x12 Mobile Office or Similar,44x12 Mobile Office or Similar,Medium Mobile Office - 2 offices + Med. Open Area (up to 576 SF) - MO4412 or similar,Offices,Mobile Offices,Mobile Offices,1,2026-04-01,2026-Q2,10.0,0.18518518518518517,0.01692047377326565,-0.9,-0.12636165577342046,-0.0135075044899892,19.0,0.10379064018769901,0.008787654135679335,5.5,4.0,1.1,0.375,-0.09523809523809523,0.1,10,49,5542,527,2026-04-01,True,1,293,17,0.058823529411764705,0.0034129692832764505,0.09297912713472485,0.008841573439191628,0.07077798861480075,0.005312980737846763,1,49,10,False,True,0.0,0.014126149802890934,1.0,0.0,0.20494415243101183,Low,0.18514708971893423,0.0038790267014475375,0.32377049180327877,0.4321022684846403,0.21663099375397332,,,,0.13654530775228074,Insufficient Data,False,Unclassified market segment; Insufficient current observation history; Low confidence
MO248,Unclassified,2026,2,1,88,17,0.011363636363636364,0.058823529411764705,24x8 Mobile Office (20x8 Box),24x8 Mobile Office (20x8 Box),"Small Mobile Office - Open Space
(up to 192 SF) - MO248 or similar",Offices,Mobile Offices,Mobile Offices,1,2026-04-01,2026-Q2,2.0,0.05,0.008583690987124463,-0.5,0.008823529411764702,0.0027799453765119005,6.0,0.044208696611853,0.008770979886002893,1.5,1.5,1.0,0.0,0.19999999999999996,0.07999999999999999,6,11,1312,307,2026-04-01,True,1,88,17,0.058823529411764705,0.011363636363636364,0.035830618892508145,0.008384146341463415,0.05077601073002491,0.010320814855875833,1,11,6,False,True,0.0,0.0016425755584756898,0.42857142857142855,0.0,0.0862891871597522,Low,0.1296399190266464,0.01150606987086329,0.2868852459016394,0.4207673123161243,0.17462871378387593,,,,0.12824215344376635,Insufficient Data,False,Unclassified market segment; Insufficient current observation history; Low confidence
MO5012,Unclassified,2026,2,1,81,17,0.012345679012345678,0.058823529411764705,50x12 Mobile Office or Similar,50x12 Mobile Office or Similar,Medium Mobile Office - 2 offices + Med. Open Area (up to 672 SF) - MO5012 or similar,Offices,Mobile Offices,Mobile Offices,1,2026-04-01,2026-Q2,4.0,0.0784313725490196,0.018691588785046728,-0.75,-0.0196078431372549,-0.006345909772701049,6.0,0.05112797807294961,0.012442191991164345,2.5,1.0,1.1,1.5,1.0,0.1,3,6,454,130,2026-04-01,True,1,81,17,0.058823529411764705,0.012345679012345678,0.046153846153846156,0.013215859030837005,0.05438914027149322,0.012650242018817644,1,6,3,False,True,0.0,0.0,0.0,0.0,0.0,Low,0.13966665734957384,0.015053839448095066,0.32377049180327877,0.4321022684846403,0.17448020372784295,,,,0.15432501692292816,Insufficient Data,False,Unclassified market segment; Insufficient current observation history; Low confidence
20W,Unclassified,2026,2,2,415,17,0.004819277108433735,0.11764705882352941,20' OPEN BAY OFFICE,Ground Level Office - 20' x 8',Small Ground Level Office (160 SF),Offices,Ground Level Offices,Standard Ground Level Offices,1,2026-04-01,2026-Q2,3.0,0.05555555555555555,0.00247320692497939,-0.33333333333333337,0.06209150326797386,0.0023460701834543455,20.0,0.12262757667169433,0.005496936146542902,2.5,7.5,0.3333333333333333,-0.6666666666666667,0.33333333333333326,-0.2666666666666667,10,65,11726,527,2026-04-01,True,2,415,17,0.11764705882352941,0.004819277108433735,0.12333965844402277,0.005543237250554324,0.11963946869070209,0.005072663158175941,2,65,10,False,True,0.007874015748031496,0.01938239159001314,1.0,0.0,0.20953974256831565,Low,0.32074180592523466,0.0035130176621464815,0.04098360655737705,0.22429473872851358,0.17019703881599946,,,,0.10797409936522484,Insufficient Data,False,Unclassified market segment; Insufficient current observation history; Low confidence
40U,Unclassified,2026,2,1,88,17,0.011363636363636364,0.058823529411764705,40' COMBO W/15' OFFICE,Ground Level Office Combo / ftorage Combo - 40' u 8',Large Ground Level Office Combo (320 sq. ft.),Offices,Ground Level Offices,Ground Level Office / Storage Combo Units,1,2026-04-01,2026-Q2,1.0,0.018518518518518517,0.005405405405405406,0.0,0.04030501089324619,0.005958230958230958,6.0,0.04126947424672175,0.008684057160947918,1.0,2.0,0.5,-0.5,2.0,0.1,6,8,1403,324,2026-04-01,True,1,88,17,0.058823529411764705,0.011363636363636364,0.024691358024691357,0.005702066999287242,0.04687726942628904,0.009382087086114172,1,8,6,False,True,0.0,0.000657030223390276,0.42857142857142855,0.0,0.08594424629247231,Low,0.11882058404496665,0.010076366518964045,0.10245901639344264,0.4321022684846403,0.13586022901253822,,,,0.1507752579326455,Insufficient Data,False,Unclassified market segment; Insufficient current observation history; Low confidence
MO328,Unclassified,2026,2,2,130,17,0.015384615384615385,0.11764705882352941,32x8 Mobile Office or Similar,32x8 Mobile Office or Similar,Small Mobile Office - 1 office + Sm. Open Area (up to 288 SF) - MO328 or similar,Offices,Mobile Offices,Mobile Offices,1,2026-04-01,2026-Q2,1.0,0.025,0.0034129692832764505,1.0,0.09264705882352942,0.011971646101338934,13.0,0.0845871040723982,0.010711904618629484,1.5,5.0,0.3,-0.7,0.08333333333333326,-0.38666666666666666,8,25,2827,432,2026-04-01,True,2,130,17,0.11764705882352941,0.015384615384615385,0.05787037037037037,0.008843296781039971,0.09672521786492375,0.01309515387336399,2,25,8,False,True,0.007874015748031496,0.006241787122207621,0.7142857142857143,0.0,0.14779767386172657,Low,0.25715283291469726,0.015731450135915797,0.02868852459016394,0.15628500171741758,0.13164224615649672,,,,0.1366038717133777,Insufficient Data,False,Unclassified market segment; Insufficient current observation history; Low confidence
